2026-09-01 17:58:39.510  WARN [main] [traceId=NONE userId=NONE] ory$DuplicateJsonObjectContextCustomizer : 

Found multiple occurrences of org.json.JSONObject on the class path:

	jar:file:/C:/Users/Hamdaan/.m2/repository/com/vaadin/external/google/android-json/0.0.20131108.vaadin1/android-json-0.0.20131108.vaadin1.jar!/org/json/JSONObject.class
	jar:file:/C:/Users/Hamdaan/.m2/repository/org/json/json/20231013/json-20231013.jar!/org/json/JSONObject.class

You may wish to exclude one of them to ensure predictable runtime behavior

2026-09-01 17:58:39.639  INFO [main] [traceId=NONE userId=NONE] c.b.monitoring.ActuatorMonitoringTest    : Starting ActuatorMonitoringTest using Java 22.0.1 with PID 14448 (started by Hamdaan in C:\Users\Hamdaan\Downloads\bookmyshow\bookmyshow)
2026-09-01 17:58:39.665  INFO [main] [traceId=NONE userId=NONE] c.b.monitoring.ActuatorMonitoringTest    : No active profile set, falling back to 1 default profile: "default"
2026-09-01 17:58:42.889  INFO [main] [traceId=NONE userId=NONE] .s.d.r.c.RepositoryConfigurationDelegate : Multiple Spring Data modules found, entering strict repository configuration mode
2026-09-01 17:58:42.893  INFO [main] [traceId=NONE userId=NONE] .s.d.r.c.RepositoryConfigurationDelegate : Bootstrapping Spring Data JPA repositories in DEFAULT mode.
2026-09-01 17:58:43.296  INFO [main] [traceId=NONE userId=NONE] .s.d.r.c.RepositoryConfigurationDelegate : Finished Spring Data repository scanning in 373 ms. Found 9 JPA repository interfaces.
2026-09-01 17:58:43.337  INFO [main] [traceId=NONE userId=NONE] .s.d.r.c.RepositoryConfigurationDelegate : Multiple Spring Data modules found, entering strict repository configuration mode
2026-09-01 17:58:43.342  INFO [main] [traceId=NONE userId=NONE] .s.d.r.c.RepositoryConfigurationDelegate : Bootstrapping Spring Data Redis repositories in DEFAULT mode.
2026-09-01 17:58:43.382  INFO [main] [traceId=NONE userId=NONE] .RepositoryConfigurationExtensionSupport : Spring Data Redis - Could not safely identify store assignment for repository candidate interface com.bookmyshow.repository.BookingRepository; If you want this repository to be a Redis repository, consider annotating your entities with one of these annotations: org.springframework.data.redis.core.RedisHash (preferred), or consider extending one of the following types with your repository: org.springframework.data.keyvalue.repository.KeyValueRepository
2026-09-01 17:58:43.383  INFO [main] [traceId=NONE userId=NONE] .RepositoryConfigurationExtensionSupport : Spring Data Redis - Could not safely identify store assignment for repository candidate interface com.bookmyshow.repository.BookingSeatRepository; If you want this repository to be a Redis repository, consider annotating your entities with one of these annotations: org.springframework.data.redis.core.RedisHash (preferred), or consider extending one of the following types with your repository: org.springframework.data.keyvalue.repository.KeyValueRepository
2026-09-01 17:58:43.384  INFO [main] [traceId=NONE userId=NONE] .RepositoryConfigurationExtensionSupport : Spring Data Redis - Could not safely identify store assignment for repository candidate interface com.bookmyshow.repository.MovieRepository; If you want this repository to be a Redis repository, consider annotating your entities with one of these annotations: org.springframework.data.redis.core.RedisHash (preferred), or consider extending one of the following types with your repository: org.springframework.data.keyvalue.repository.KeyValueRepository
2026-09-01 17:58:43.385  INFO [main] [traceId=NONE userId=NONE] .RepositoryConfigurationExtensionSupport : Spring Data Redis - Could not safely identify store assignment for repository candidate interface com.bookmyshow.repository.PaymentRepository; If you want this repository to be a Redis repository, consider annotating your entities with one of these annotations: org.springframework.data.redis.core.RedisHash (preferred), or consider extending one of the following types with your repository: org.springframework.data.keyvalue.repository.KeyValueRepository
2026-09-01 17:58:43.385  INFO [main] [traceId=NONE userId=NONE] .RepositoryConfigurationExtensionSupport : Spring Data Redis - Could not safely identify store assignment for repository candidate interface com.bookmyshow.repository.ScreenRepository; If you want this repository to be a Redis repository, consider annotating your entities with one of these annotations: org.springframework.data.redis.core.RedisHash (preferred), or consider extending one of the following types with your repository: org.springframework.data.keyvalue.repository.KeyValueRepository
2026-09-01 17:58:43.386  INFO [main] [traceId=NONE userId=NONE] .RepositoryConfigurationExtensionSupport : Spring Data Redis - Could not safely identify store assignment for repository candidate interface com.bookmyshow.repository.SeatRepository; If you want this repository to be a Redis repository, consider annotating your entities with one of these annotations: org.springframework.data.redis.core.RedisHash (preferred), or consider extending one of the following types with your repository: org.springframework.data.keyvalue.repository.KeyValueRepository
2026-09-01 17:58:43.387  INFO [main] [traceId=NONE userId=NONE] .RepositoryConfigurationExtensionSupport : Spring Data Redis - Could not safely identify store assignment for repository candidate interface com.bookmyshow.repository.ShowRepository; If you want this repository to be a Redis repository, consider annotating your entities with one of these annotations: org.springframework.data.redis.core.RedisHash (preferred), or consider extending one of the following types with your repository: org.springframework.data.keyvalue.repository.KeyValueRepository
2026-09-01 17:58:43.388  INFO [main] [traceId=NONE userId=NONE] .RepositoryConfigurationExtensionSupport : Spring Data Redis - Could not safely identify store assignment for repository candidate interface com.bookmyshow.repository.TheatreRepository; If you want this repository to be a Redis repository, consider annotating your entities with one of these annotations: org.springframework.data.redis.core.RedisHash (preferred), or consider extending one of the following types with your repository: org.springframework.data.keyvalue.repository.KeyValueRepository
2026-09-01 17:58:43.389  INFO [main] [traceId=NONE userId=NONE] .RepositoryConfigurationExtensionSupport : Spring Data Redis - Could not safely identify store assignment for repository candidate interface com.bookmyshow.repository.UserRepository; If you want this repository to be a Redis repository, consider annotating your entities with one of these annotations: org.springframework.data.redis.core.RedisHash (preferred), or consider extending one of the following types with your repository: org.springframework.data.keyvalue.repository.KeyValueRepository
2026-09-01 17:58:43.389  INFO [main] [traceId=NONE userId=NONE] .s.d.r.c.RepositoryConfigurationDelegate : Finished Spring Data repository scanning in 21 ms. Found 0 Redis repository interfaces.
2026-09-01 17:58:46.658  INFO [main] [traceId=NONE userId=NONE] o.hibernate.jpa.internal.util.LogHelper  : HHH000204: Processing PersistenceUnitInfo [name: default]
2026-09-01 17:58:46.827  INFO [main] [traceId=NONE userId=NONE] org.hibernate.Version                    : HHH000412: Hibernate ORM core version 6.6.13.Final
2026-09-01 17:58:46.914  INFO [main] [traceId=NONE userId=NONE] o.h.c.internal.RegionFactoryInitiator    : HHH000026: Second-level cache disabled
2026-09-01 17:58:47.571  INFO [main] [traceId=NONE userId=NONE] o.s.o.j.p.SpringPersistenceUnitInfo      : No LoadTimeWeaver setup: ignoring JPA class transformer
2026-09-01 17:58:47.629  INFO [main] [traceId=NONE userId=NONE] com.zaxxer.hikari.HikariDataSource       : HikariPool-1 - Starting...
2026-09-01 17:58:47.985  INFO [main] [traceId=NONE userId=NONE] com.zaxxer.hikari.pool.HikariPool        : HikariPool-1 - Added connection conn0: url=jdbc:h2:mem:bookmyshow-test user=SA
2026-09-01 17:58:47.989  INFO [main] [traceId=NONE userId=NONE] com.zaxxer.hikari.HikariDataSource       : HikariPool-1 - Start completed.
2026-09-01 17:58:48.075  INFO [main] [traceId=NONE userId=NONE] org.hibernate.orm.connections.pooling    : HHH10001005: Database info:
	Database JDBC URL [Connecting through datasource 'HikariDataSource (HikariPool-1)']
	Database driver: undefined/unknown
	Database version: 2.3.232
	Autocommit mode: undefined/unknown
	Isolation level: undefined/unknown
	Minimum pool size: undefined/unknown
	Maximum pool size: undefined/unknown
2026-09-01 17:58:49.859  INFO [main] [traceId=NONE userId=NONE] o.h.e.t.j.p.i.JtaPlatformInitiator       : HHH000489: No JTA platform available (set 'hibernate.transaction.jta.platform' to enable JTA platform integration)
2026-09-01 17:58:49.994  INFO [main] [traceId=NONE userId=NONE] j.LocalContainerEntityManagerFactoryBean : Initialized JPA EntityManagerFactory for persistence unit 'default'
2026-09-01 17:58:51.319  INFO [main] [traceId=NONE userId=NONE] o.s.d.j.r.query.QueryEnhancerFactory     : Hibernate is in classpath; If applicable, HQL parser will be used.
2026-09-01 17:58:54.276  WARN [main] [traceId=NONE userId=NONE] com.bookmyshow.config.CacheConfig        : Redis server unreachable (Unable to connect to Redis). Falling back to embedded ConcurrentMapCacheManager.
2026-09-01 17:58:55.201  INFO [main] [traceId=NONE userId=NONE] c.b.initializer.DataInitializer          : Default Admin User created: admin@cinex.com / admin123
2026-09-01 17:58:55.327  INFO [main] [traceId=NONE userId=NONE] c.b.initializer.DataInitializer          : Default Test User created: user@cinex.com / user123
2026-09-01 17:58:55.353  INFO [main] [traceId=NONE userId=NONE] c.b.initializer.DataInitializer          : Initializing sample data for BookMyShow...
2026-09-01 17:58:55.491  INFO [main] [traceId=NONE userId=NONE] c.b.initializer.DataInitializer          : Initialization completed successfully!
2026-09-01 17:58:55.769  WARN [main] [traceId=NONE userId=NONE] JpaBaseConfiguration$JpaWebConfiguration : spring.jpa.open-in-view is enabled by default. Therefore, database queries may be performed during view rendering. Explicitly configure spring.jpa.open-in-view to disable this warning
2026-09-01 17:58:55.826  WARN [main] [traceId=NONE userId=NONE] .s.s.UserDetailsServiceAutoConfiguration : 

Using generated security password: d8069b41-58e2-4580-be8f-b7ac6783736f

This generated password is for development use only. Your security configuration must be updated before running your application in production.

2026-09-01 17:58:55.842  INFO [main] [traceId=NONE userId=NONE] r$InitializeUserDetailsManagerConfigurer : Global AuthenticationManager configured with UserDetailsService bean with name inMemoryUserDetailsManager
2026-09-01 17:58:56.158  INFO [main] [traceId=NONE userId=NONE] o.s.b.a.w.s.WelcomePageHandlerMapping    : Adding welcome page: class path resource [static/index.html]
2026-09-01 17:58:56.728  INFO [main] [traceId=NONE userId=NONE] o.s.b.a.e.web.EndpointLinksResolver      : Exposing 1 endpoint beneath base path '/actuator'
2026-09-01 17:58:58.318  INFO [main] [traceId=NONE userId=NONE] o.s.b.t.m.w.SpringBootMockServletContext : Initializing Spring TestDispatcherServlet ''
2026-09-01 17:58:58.319  INFO [main] [traceId=NONE userId=NONE] o.s.t.web.servlet.TestDispatcherServlet  : Initializing Servlet ''
2026-09-01 17:58:58.321  INFO [main] [traceId=NONE userId=NONE] o.s.t.web.servlet.TestDispatcherServlet  : Completed initialization in 1 ms
2026-09-01 17:58:58.427  INFO [main] [traceId=NONE userId=NONE] o.s.m.s.b.SimpleBrokerMessageHandler     : Starting...
2026-09-01 17:58:58.428  INFO [main] [traceId=NONE userId=NONE] o.s.m.s.b.SimpleBrokerMessageHandler     : BrokerAvailabilityEvent[available=true, SimpleBrokerMessageHandler [org.springframework.messaging.simp.broker.DefaultSubscriptionRegistry@53fd4420]]
2026-09-01 17:58:58.430  INFO [main] [traceId=NONE userId=NONE] o.s.m.s.b.SimpleBrokerMessageHandler     : Started.
2026-09-01 17:58:58.456  INFO [main] [traceId=NONE userId=NONE] c.b.monitoring.ActuatorMonitoringTest    : Started ActuatorMonitoringTest in 20.077 seconds (process running for 22.219)
2026-09-01 17:58:59.656  WARN [main] [traceId=8477e7be778340af userId=ANONYMOUS] c.b.monitoring.CineXHealthIndicator      : HealthCheck indicates Redis Cache is offline: Unable to connect to Redis
2026-09-01 17:58:59.700  WARN [boundedElastic-1] [traceId=NONE userId=NONE] o.s.b.a.d.r.RedisReactiveHealthIndicator : Redis health check failed

org.springframework.data.redis.RedisConnectionFailureException: Unable to connect to Redis
	at org.springframework.data.redis.connection.lettuce.LettuceConnectionFactory$ExceptionTranslatingConnectionProvider.translateException(LettuceConnectionFactory.java:1858)
	at org.springframework.data.redis.connection.lettuce.LettuceConnectionFactory$ExceptionTranslatingConnectionProvider.getConnection(LettuceConnectionFactory.java:1789)
	at org.springframework.data.redis.connection.lettuce.LettuceConnectionFactory$SharedConnection.getNativeConnection(LettuceConnectionFactory.java:1586)
	at org.springframework.data.redis.connection.lettuce.LettuceConnectionFactory$SharedConnection.lambda$getConnection$0(LettuceConnectionFactory.java:1566)
	at org.springframework.data.redis.connection.lettuce.LettuceConnectionFactory.doInLock(LettuceConnectionFactory.java:1527)
	at org.springframework.data.redis.connection.lettuce.LettuceConnectionFactory$SharedConnection.getConnection(LettuceConnectionFactory.java:1563)
	at org.springframework.data.redis.connection.lettuce.LettuceConnectionFactory.getSharedReactiveConnection(LettuceConnectionFactory.java:1274)
	at org.springframework.data.redis.connection.lettuce.LettuceConnectionFactory.getReactiveConnection(LettuceConnectionFactory.java:1149)
	at org.springframework.data.redis.connection.lettuce.LettuceConnectionFactory.getReactiveConnection(LettuceConnectionFactory.java:120)
	at reactor.core.publisher.MonoSupplier.call(MonoSupplier.java:67)
	at reactor.core.publisher.FluxSubscribeOnCallable$CallableSubscribeOnSubscription.run(FluxSubscribeOnCallable.java:228)
	at reactor.core.scheduler.SchedulerTask.call(SchedulerTask.java:68)
	at reactor.core.scheduler.SchedulerTask.call(SchedulerTask.java:28)
	at java.base/java.util.concurrent.FutureTask.run(FutureTask.java:317)
	at java.base/java.util.concurrent.ScheduledThreadPoolExecutor$ScheduledFutureTask.run(ScheduledThreadPoolExecutor.java:304)
	at java.base/java.util.concurrent.ThreadPoolExecutor.runWorker(ThreadPoolExecutor.java:1144)
	at java.base/java.util.concurrent.ThreadPoolExecutor$Worker.run(ThreadPoolExecutor.java:642)
	at java.base/java.lang.Thread.run(Thread.java:1570)
Caused by: io.lettuce.core.RedisConnectionException: Unable to connect to localhost/<unresolved>:6379
	at io.lettuce.core.RedisConnectionException.create(RedisConnectionException.java:63)
	at io.lettuce.core.RedisConnectionException.create(RedisConnectionException.java:41)
	at io.lettuce.core.AbstractRedisClient.getConnection(AbstractRedisClient.java:354)
	at io.lettuce.core.RedisClient.connect(RedisClient.java:219)
	at org.springframework.data.redis.connection.lettuce.StandaloneConnectionProvider.lambda$getConnection$1(StandaloneConnectionProvider.java:112)
	at java.base/java.util.Optional.orElseGet(Optional.java:364)
	at org.springframework.data.redis.connection.lettuce.StandaloneConnectionProvider.getConnection(StandaloneConnectionProvider.java:112)
	at org.springframework.data.redis.connection.lettuce.LettuceConnectionFactory$ExceptionTranslatingConnectionProvider.getConnection(LettuceConnectionFactory.java:1787)
	... 16 common frames omitted
Caused by: io.netty.channel.AbstractChannel$AnnotatedConnectException: Connection refused: getsockopt: localhost/127.0.0.1:6379
Caused by: java.net.ConnectException: Connection refused: getsockopt
	at java.base/sun.nio.ch.Net.pollConnect(Native Method)
	at java.base/sun.nio.ch.Net.pollConnectNow(Net.java:682)
	at java.base/sun.nio.ch.SocketChannelImpl.finishConnect(SocketChannelImpl.java:1060)
	at io.netty.channel.socket.nio.NioSocketChannel.doFinishConnect(NioSocketChannel.java:336)
	at io.netty.channel.nio.AbstractNioChannel$AbstractNioUnsafe.finishConnect(AbstractNioChannel.java:339)
	at io.netty.channel.nio.NioEventLoop.processSelectedKey(NioEventLoop.java:784)
	at io.netty.channel.nio.NioEventLoop.processSelectedKeysOptimized(NioEventLoop.java:732)
	at io.netty.channel.nio.NioEventLoop.processSelectedKeys(NioEventLoop.java:658)
	at io.netty.channel.nio.NioEventLoop.run(NioEventLoop.java:562)
	at io.netty.util.concurrent.SingleThreadEventExecutor$4.run(SingleThreadEventExecutor.java:998)
	at io.netty.util.internal.ThreadExecutorMap$2.run(ThreadExecutorMap.java:74)
	at io.netty.util.concurrent.FastThreadLocalRunnable.run(FastThreadLocalRunnable.java:30)
	at java.base/java.lang.Thread.run(Thread.java:1570)

2026-09-01 17:58:59.857  INFO [SpringApplicationShutdownHook] [traceId=NONE userId=NONE] o.s.m.s.b.SimpleBrokerMessageHandler     : Stopping...
2026-09-01 17:58:59.858  INFO [SpringApplicationShutdownHook] [traceId=NONE userId=NONE] o.s.m.s.b.SimpleBrokerMessageHandler     : BrokerAvailabilityEvent[available=false, SimpleBrokerMessageHandler [org.springframework.messaging.simp.broker.DefaultSubscriptionRegistry@53fd4420]]
2026-09-01 17:58:59.858  INFO [SpringApplicationShutdownHook] [traceId=NONE userId=NONE] o.s.m.s.b.SimpleBrokerMessageHandler     : Stopped.
2026-09-01 17:58:59.894  INFO [SpringApplicationShutdownHook] [traceId=NONE userId=NONE] j.LocalContainerEntityManagerFactoryBean : Closing JPA EntityManagerFactory for persistence unit 'default'
2026-09-01 17:58:59.909  INFO [SpringApplicationShutdownHook] [traceId=NONE userId=NONE] com.zaxxer.hikari.HikariDataSource       : HikariPool-1 - Shutdown initiated...
2026-09-01 17:58:59.911  INFO [SpringApplicationShutdownHook] [traceId=NONE userId=NONE] com.zaxxer.hikari.HikariDataSource       : HikariPool-1 - Shutdown completed.
2026-09-01 17:59:32.635  WARN [main] [traceId=NONE userId=NONE] ory$DuplicateJsonObjectContextCustomizer : 

Found multiple occurrences of org.json.JSONObject on the class path:

	jar:file:/C:/Users/Hamdaan/.m2/repository/com/vaadin/external/google/android-json/0.0.20131108.vaadin1/android-json-0.0.20131108.vaadin1.jar!/org/json/JSONObject.class
	jar:file:/C:/Users/Hamdaan/.m2/repository/org/json/json/20231013/json-20231013.jar!/org/json/JSONObject.class

You may wish to exclude one of them to ensure predictable runtime behavior

2026-09-01 17:59:32.671  INFO [main] [traceId=NONE userId=NONE] c.b.monitoring.ActuatorMonitoringTest    : Starting ActuatorMonitoringTest using Java 22.0.1 with PID 19820 (started by Hamdaan in C:\Users\Hamdaan\Downloads\bookmyshow\bookmyshow)
2026-09-01 17:59:32.675  INFO [main] [traceId=NONE userId=NONE] c.b.monitoring.ActuatorMonitoringTest    : No active profile set, falling back to 1 default profile: "default"
2026-09-01 17:59:35.402  INFO [main] [traceId=NONE userId=NONE] .s.d.r.c.RepositoryConfigurationDelegate : Multiple Spring Data modules found, entering strict repository configuration mode
2026-09-01 17:59:35.406  INFO [main] [traceId=NONE userId=NONE] .s.d.r.c.RepositoryConfigurationDelegate : Bootstrapping Spring Data JPA repositories in DEFAULT mode.
2026-09-01 17:59:35.765  INFO [main] [traceId=NONE userId=NONE] .s.d.r.c.RepositoryConfigurationDelegate : Finished Spring Data repository scanning in 340 ms. Found 9 JPA repository interfaces.
2026-09-01 17:59:35.800  INFO [main] [traceId=NONE userId=NONE] .s.d.r.c.RepositoryConfigurationDelegate : Multiple Spring Data modules found, entering strict repository configuration mode
2026-09-01 17:59:35.802  INFO [main] [traceId=NONE userId=NONE] .s.d.r.c.RepositoryConfigurationDelegate : Bootstrapping Spring Data Redis repositories in DEFAULT mode.
2026-09-01 17:59:35.836  INFO [main] [traceId=NONE userId=NONE] .RepositoryConfigurationExtensionSupport : Spring Data Redis - Could not safely identify store assignment for repository candidate interface com.bookmyshow.repository.BookingRepository; If you want this repository to be a Redis repository, consider annotating your entities with one of these annotations: org.springframework.data.redis.core.RedisHash (preferred), or consider extending one of the following types with your repository: org.springframework.data.keyvalue.repository.KeyValueRepository
2026-09-01 17:59:35.837  INFO [main] [traceId=NONE userId=NONE] .RepositoryConfigurationExtensionSupport : Spring Data Redis - Could not safely identify store assignment for repository candidate interface com.bookmyshow.repository.BookingSeatRepository; If you want this repository to be a Redis repository, consider annotating your entities with one of these annotations: org.springframework.data.redis.core.RedisHash (preferred), or consider extending one of the following types with your repository: org.springframework.data.keyvalue.repository.KeyValueRepository
2026-09-01 17:59:35.838  INFO [main] [traceId=NONE userId=NONE] .RepositoryConfigurationExtensionSupport : Spring Data Redis - Could not safely identify store assignment for repository candidate interface com.bookmyshow.repository.MovieRepository; If you want this repository to be a Redis repository, consider annotating your entities with one of these annotations: org.springframework.data.redis.core.RedisHash (preferred), or consider extending one of the following types with your repository: org.springframework.data.keyvalue.repository.KeyValueRepository
2026-09-01 17:59:35.840  INFO [main] [traceId=NONE userId=NONE] .RepositoryConfigurationExtensionSupport : Spring Data Redis - Could not safely identify store assignment for repository candidate interface com.bookmyshow.repository.PaymentRepository; If you want this repository to be a Redis repository, consider annotating your entities with one of these annotations: org.springframework.data.redis.core.RedisHash (preferred), or consider extending one of the following types with your repository: org.springframework.data.keyvalue.repository.KeyValueRepository
2026-09-01 17:59:35.840  INFO [main] [traceId=NONE userId=NONE] .RepositoryConfigurationExtensionSupport : Spring Data Redis - Could not safely identify store assignment for repository candidate interface com.bookmyshow.repository.ScreenRepository; If you want this repository to be a Redis repository, consider annotating your entities with one of these annotations: org.springframework.data.redis.core.RedisHash (preferred), or consider extending one of the following types with your repository: org.springframework.data.keyvalue.repository.KeyValueRepository
2026-09-01 17:59:35.841  INFO [main] [traceId=NONE userId=NONE] .RepositoryConfigurationExtensionSupport : Spring Data Redis - Could not safely identify store assignment for repository candidate interface com.bookmyshow.repository.SeatRepository; If you want this repository to be a Redis repository, consider annotating your entities with one of these annotations: org.springframework.data.redis.core.RedisHash (preferred), or consider extending one of the following types with your repository: org.springframework.data.keyvalue.repository.KeyValueRepository
2026-09-01 17:59:35.842  INFO [main] [traceId=NONE userId=NONE] .RepositoryConfigurationExtensionSupport : Spring Data Redis - Could not safely identify store assignment for repository candidate interface com.bookmyshow.repository.ShowRepository; If you want this repository to be a Redis repository, consider annotating your entities with one of these annotations: org.springframework.data.redis.core.RedisHash (preferred), or consider extending one of the following types with your repository: org.springframework.data.keyvalue.repository.KeyValueRepository
2026-09-01 17:59:35.843  INFO [main] [traceId=NONE userId=NONE] .RepositoryConfigurationExtensionSupport : Spring Data Redis - Could not safely identify store assignment for repository candidate interface com.bookmyshow.repository.TheatreRepository; If you want this repository to be a Redis repository, consider annotating your entities with one of these annotations: org.springframework.data.redis.core.RedisHash (preferred), or consider extending one of the following types with your repository: org.springframework.data.keyvalue.repository.KeyValueRepository
2026-09-01 17:59:35.844  INFO [main] [traceId=NONE userId=NONE] .RepositoryConfigurationExtensionSupport : Spring Data Redis - Could not safely identify store assignment for repository candidate interface com.bookmyshow.repository.UserRepository; If you want this repository to be a Redis repository, consider annotating your entities with one of these annotations: org.springframework.data.redis.core.RedisHash (preferred), or consider extending one of the following types with your repository: org.springframework.data.keyvalue.repository.KeyValueRepository
2026-09-01 17:59:35.844  INFO [main] [traceId=NONE userId=NONE] .s.d.r.c.RepositoryConfigurationDelegate : Finished Spring Data repository scanning in 24 ms. Found 0 Redis repository interfaces.
2026-09-01 17:59:37.376  INFO [main] [traceId=NONE userId=NONE] o.hibernate.jpa.internal.util.LogHelper  : HHH000204: Processing PersistenceUnitInfo [name: default]
2026-09-01 17:59:37.496  INFO [main] [traceId=NONE userId=NONE] org.hibernate.Version                    : HHH000412: Hibernate ORM core version 6.6.13.Final
2026-09-01 17:59:37.574  INFO [main] [traceId=NONE userId=NONE] o.h.c.internal.RegionFactoryInitiator    : HHH000026: Second-level cache disabled
2026-09-01 17:59:38.155  INFO [main] [traceId=NONE userId=NONE] o.s.o.j.p.SpringPersistenceUnitInfo      : No LoadTimeWeaver setup: ignoring JPA class transformer
2026-09-01 17:59:38.215  INFO [main] [traceId=NONE userId=NONE] com.zaxxer.hikari.HikariDataSource       : HikariPool-1 - Starting...
2026-09-01 17:59:38.459  INFO [main] [traceId=NONE userId=NONE] com.zaxxer.hikari.pool.HikariPool        : HikariPool-1 - Added connection conn0: url=jdbc:h2:mem:bookmyshow-test user=SA
2026-09-01 17:59:38.461  INFO [main] [traceId=NONE userId=NONE] com.zaxxer.hikari.HikariDataSource       : HikariPool-1 - Start completed.
2026-09-01 17:59:38.517  INFO [main] [traceId=NONE userId=NONE] org.hibernate.orm.connections.pooling    : HHH10001005: Database info:
	Database JDBC URL [Connecting through datasource 'HikariDataSource (HikariPool-1)']
	Database driver: undefined/unknown
	Database version: 2.3.232
	Autocommit mode: undefined/unknown
	Isolation level: undefined/unknown
	Minimum pool size: undefined/unknown
	Maximum pool size: undefined/unknown
2026-09-01 17:59:40.004  INFO [main] [traceId=NONE userId=NONE] o.h.e.t.j.p.i.JtaPlatformInitiator       : HHH000489: No JTA platform available (set 'hibernate.transaction.jta.platform' to enable JTA platform integration)
2026-09-01 17:59:40.104  INFO [main] [traceId=NONE userId=NONE] j.LocalContainerEntityManagerFactoryBean : Initialized JPA EntityManagerFactory for persistence unit 'default'
2026-09-01 17:59:41.321  INFO [main] [traceId=NONE userId=NONE] o.s.d.j.r.query.QueryEnhancerFactory     : Hibernate is in classpath; If applicable, HQL parser will be used.
2026-09-01 17:59:44.234  WARN [main] [traceId=NONE userId=NONE] com.bookmyshow.config.CacheConfig        : Redis server unreachable (Unable to connect to Redis). Falling back to embedded ConcurrentMapCacheManager.
2026-09-01 17:59:45.142  INFO [main] [traceId=NONE userId=NONE] c.b.initializer.DataInitializer          : Default Admin User created: admin@cinex.com / admin123
2026-09-01 17:59:45.233  INFO [main] [traceId=NONE userId=NONE] c.b.initializer.DataInitializer          : Default Test User created: user@cinex.com / user123
2026-09-01 17:59:45.288  INFO [main] [traceId=NONE userId=NONE] c.b.initializer.DataInitializer          : Initializing sample data for BookMyShow...
2026-09-01 17:59:45.423  INFO [main] [traceId=NONE userId=NONE] c.b.initializer.DataInitializer          : Initialization completed successfully!
2026-09-01 17:59:45.795  WARN [main] [traceId=NONE userId=NONE] .s.s.UserDetailsServiceAutoConfiguration : 

Using generated security password: 3f7a137e-2b4b-475a-accc-35680683dc85

This generated password is for development use only. Your security configuration must be updated before running your application in production.

2026-09-01 17:59:45.811  INFO [main] [traceId=NONE userId=NONE] r$InitializeUserDetailsManagerConfigurer : Global AuthenticationManager configured with UserDetailsService bean with name inMemoryUserDetailsManager
2026-09-01 17:59:46.118  INFO [main] [traceId=NONE userId=NONE] o.s.b.a.w.s.WelcomePageHandlerMapping    : Adding welcome page: class path resource [static/index.html]
2026-09-01 17:59:46.877  INFO [main] [traceId=NONE userId=NONE] o.s.b.a.e.web.EndpointLinksResolver      : Exposing 6 endpoints beneath base path '/actuator'
2026-09-01 17:59:48.478  INFO [main] [traceId=NONE userId=NONE] o.s.b.t.m.w.SpringBootMockServletContext : Initializing Spring TestDispatcherServlet ''
2026-09-01 17:59:48.479  INFO [main] [traceId=NONE userId=NONE] o.s.t.web.servlet.TestDispatcherServlet  : Initializing Servlet ''
2026-09-01 17:59:48.480  INFO [main] [traceId=NONE userId=NONE] o.s.t.web.servlet.TestDispatcherServlet  : Completed initialization in 1 ms
2026-09-01 17:59:48.582  INFO [main] [traceId=NONE userId=NONE] o.s.m.s.b.SimpleBrokerMessageHandler     : Starting...
2026-09-01 17:59:48.582  INFO [main] [traceId=NONE userId=NONE] o.s.m.s.b.SimpleBrokerMessageHandler     : BrokerAvailabilityEvent[available=true, SimpleBrokerMessageHandler [org.springframework.messaging.simp.broker.DefaultSubscriptionRegistry@2990495d]]
2026-09-01 17:59:48.584  INFO [main] [traceId=NONE userId=NONE] o.s.m.s.b.SimpleBrokerMessageHandler     : Started.
2026-09-01 17:59:48.607  INFO [main] [traceId=NONE userId=NONE] c.b.monitoring.ActuatorMonitoringTest    : Started ActuatorMonitoringTest in 16.783 seconds (process running for 18.381)
2026-09-01 17:59:50.428  WARN [main] [traceId=592e4eab288a4dc2 userId=ANONYMOUS] c.b.monitoring.CineXHealthIndicator      : HealthCheck indicates Redis Cache is offline: Unable to connect to Redis
2026-09-01 17:59:50.708  INFO [SpringApplicationShutdownHook] [traceId=NONE userId=NONE] o.s.m.s.b.SimpleBrokerMessageHandler     : Stopping...
2026-09-01 17:59:50.711  INFO [SpringApplicationShutdownHook] [traceId=NONE userId=NONE] o.s.m.s.b.SimpleBrokerMessageHandler     : BrokerAvailabilityEvent[available=false, SimpleBrokerMessageHandler [org.springframework.messaging.simp.broker.DefaultSubscriptionRegistry@2990495d]]
2026-09-01 17:59:50.712  INFO [SpringApplicationShutdownHook] [traceId=NONE userId=NONE] o.s.m.s.b.SimpleBrokerMessageHandler     : Stopped.
2026-09-01 17:59:50.776  INFO [SpringApplicationShutdownHook] [traceId=NONE userId=NONE] j.LocalContainerEntityManagerFactoryBean : Closing JPA EntityManagerFactory for persistence unit 'default'
2026-09-01 17:59:50.791  INFO [SpringApplicationShutdownHook] [traceId=NONE userId=NONE] com.zaxxer.hikari.HikariDataSource       : HikariPool-1 - Shutdown initiated...
2026-09-01 17:59:50.795  INFO [SpringApplicationShutdownHook] [traceId=NONE userId=NONE] com.zaxxer.hikari.HikariDataSource       : HikariPool-1 - Shutdown completed.
2026-09-01 18:00:12.495  WARN [main] [traceId=NONE userId=NONE] ory$DuplicateJsonObjectContextCustomizer : 

Found multiple occurrences of org.json.JSONObject on the class path:

	jar:file:/C:/Users/Hamdaan/.m2/repository/com/vaadin/external/google/android-json/0.0.20131108.vaadin1/android-json-0.0.20131108.vaadin1.jar!/org/json/JSONObject.class
	jar:file:/C:/Users/Hamdaan/.m2/repository/org/json/json/20231013/json-20231013.jar!/org/json/JSONObject.class

You may wish to exclude one of them to ensure predictable runtime behavior

2026-09-01 18:00:12.548  INFO [main] [traceId=NONE userId=NONE] c.bookmyshow.BookmyshowApplicationTests  : Starting BookmyshowApplicationTests using Java 22.0.1 with PID 6236 (started by Hamdaan in C:\Users\Hamdaan\Downloads\bookmyshow\bookmyshow)
2026-09-01 18:00:12.550  INFO [main] [traceId=NONE userId=NONE] c.bookmyshow.BookmyshowApplicationTests  : No active profile set, falling back to 1 default profile: "default"
2026-09-01 18:00:16.140  INFO [main] [traceId=NONE userId=NONE] .s.d.r.c.RepositoryConfigurationDelegate : Multiple Spring Data modules found, entering strict repository configuration mode
2026-09-01 18:00:16.143  INFO [main] [traceId=NONE userId=NONE] .s.d.r.c.RepositoryConfigurationDelegate : Bootstrapping Spring Data JPA repositories in DEFAULT mode.
2026-09-01 18:00:16.518  INFO [main] [traceId=NONE userId=NONE] .s.d.r.c.RepositoryConfigurationDelegate : Finished Spring Data repository scanning in 352 ms. Found 9 JPA repository interfaces.
2026-09-01 18:00:16.554  INFO [main] [traceId=NONE userId=NONE] .s.d.r.c.RepositoryConfigurationDelegate : Multiple Spring Data modules found, entering strict repository configuration mode
2026-09-01 18:00:16.558  INFO [main] [traceId=NONE userId=NONE] .s.d.r.c.RepositoryConfigurationDelegate : Bootstrapping Spring Data Redis repositories in DEFAULT mode.
2026-09-01 18:00:16.600  INFO [main] [traceId=NONE userId=NONE] .RepositoryConfigurationExtensionSupport : Spring Data Redis - Could not safely identify store assignment for repository candidate interface com.bookmyshow.repository.BookingRepository; If you want this repository to be a Redis repository, consider annotating your entities with one of these annotations: org.springframework.data.redis.core.RedisHash (preferred), or consider extending one of the following types with your repository: org.springframework.data.keyvalue.repository.KeyValueRepository
2026-09-01 18:00:16.601  INFO [main] [traceId=NONE userId=NONE] .RepositoryConfigurationExtensionSupport : Spring Data Redis - Could not safely identify store assignment for repository candidate interface com.bookmyshow.repository.BookingSeatRepository; If you want this repository to be a Redis repository, consider annotating your entities with one of these annotations: org.springframework.data.redis.core.RedisHash (preferred), or consider extending one of the following types with your repository: org.springframework.data.keyvalue.repository.KeyValueRepository
2026-09-01 18:00:16.602  INFO [main] [traceId=NONE userId=NONE] .RepositoryConfigurationExtensionSupport : Spring Data Redis - Could not safely identify store assignment for repository candidate interface com.bookmyshow.repository.MovieRepository; If you want this repository to be a Redis repository, consider annotating your entities with one of these annotations: org.springframework.data.redis.core.RedisHash (preferred), or consider extending one of the following types with your repository: org.springframework.data.keyvalue.repository.KeyValueRepository
2026-09-01 18:00:16.603  INFO [main] [traceId=NONE userId=NONE] .RepositoryConfigurationExtensionSupport : Spring Data Redis - Could not safely identify store assignment for repository candidate interface com.bookmyshow.repository.PaymentRepository; If you want this repository to be a Redis repository, consider annotating your entities with one of these annotations: org.springframework.data.redis.core.RedisHash (preferred), or consider extending one of the following types with your repository: org.springframework.data.keyvalue.repository.KeyValueRepository
2026-09-01 18:00:16.603  INFO [main] [traceId=NONE userId=NONE] .RepositoryConfigurationExtensionSupport : Spring Data Redis - Could not safely identify store assignment for repository candidate interface com.bookmyshow.repository.ScreenRepository; If you want this repository to be a Redis repository, consider annotating your entities with one of these annotations: org.springframework.data.redis.core.RedisHash (preferred), or consider extending one of the following types with your repository: org.springframework.data.keyvalue.repository.KeyValueRepository
2026-09-01 18:00:16.604  INFO [main] [traceId=NONE userId=NONE] .RepositoryConfigurationExtensionSupport : Spring Data Redis - Could not safely identify store assignment for repository candidate interface com.bookmyshow.repository.SeatRepository; If you want this repository to be a Redis repository, consider annotating your entities with one of these annotations: org.springframework.data.redis.core.RedisHash (preferred), or consider extending one of the following types with your repository: org.springframework.data.keyvalue.repository.KeyValueRepository
2026-09-01 18:00:16.606  INFO [main] [traceId=NONE userId=NONE] .RepositoryConfigurationExtensionSupport : Spring Data Redis - Could not safely identify store assignment for repository candidate interface com.bookmyshow.repository.ShowRepository; If you want this repository to be a Redis repository, consider annotating your entities with one of these annotations: org.springframework.data.redis.core.RedisHash (preferred), or consider extending one of the following types with your repository: org.springframework.data.keyvalue.repository.KeyValueRepository
2026-09-01 18:00:16.607  INFO [main] [traceId=NONE userId=NONE] .RepositoryConfigurationExtensionSupport : Spring Data Redis - Could not safely identify store assignment for repository candidate interface com.bookmyshow.repository.TheatreRepository; If you want this repository to be a Redis repository, consider annotating your entities with one of these annotations: org.springframework.data.redis.core.RedisHash (preferred), or consider extending one of the following types with your repository: org.springframework.data.keyvalue.repository.KeyValueRepository
2026-09-01 18:00:16.608  INFO [main] [traceId=NONE userId=NONE] .RepositoryConfigurationExtensionSupport : Spring Data Redis - Could not safely identify store assignment for repository candidate interface com.bookmyshow.repository.UserRepository; If you want this repository to be a Redis repository, consider annotating your entities with one of these annotations: org.springframework.data.redis.core.RedisHash (preferred), or consider extending one of the following types with your repository: org.springframework.data.keyvalue.repository.KeyValueRepository
2026-09-01 18:00:16.608  INFO [main] [traceId=NONE userId=NONE] .s.d.r.c.RepositoryConfigurationDelegate : Finished Spring Data repository scanning in 27 ms. Found 0 Redis repository interfaces.
2026-09-01 18:00:18.750  INFO [main] [traceId=NONE userId=NONE] o.hibernate.jpa.internal.util.LogHelper  : HHH000204: Processing PersistenceUnitInfo [name: default]
2026-09-01 18:00:18.901  INFO [main] [traceId=NONE userId=NONE] org.hibernate.Version                    : HHH000412: Hibernate ORM core version 6.6.13.Final
2026-09-01 18:00:18.995  INFO [main] [traceId=NONE userId=NONE] o.h.c.internal.RegionFactoryInitiator    : HHH000026: Second-level cache disabled
2026-09-01 18:00:19.731  INFO [main] [traceId=NONE userId=NONE] o.s.o.j.p.SpringPersistenceUnitInfo      : No LoadTimeWeaver setup: ignoring JPA class transformer
2026-09-01 18:00:19.809  INFO [main] [traceId=NONE userId=NONE] com.zaxxer.hikari.HikariDataSource       : HikariPool-1 - Starting...
2026-09-01 18:00:20.156  INFO [main] [traceId=NONE userId=NONE] com.zaxxer.hikari.pool.HikariPool        : HikariPool-1 - Added connection conn0: url=jdbc:h2:mem:bookmyshow-test user=SA
2026-09-01 18:00:20.159  INFO [main] [traceId=NONE userId=NONE] com.zaxxer.hikari.HikariDataSource       : HikariPool-1 - Start completed.
2026-09-01 18:00:20.223  INFO [main] [traceId=NONE userId=NONE] org.hibernate.orm.connections.pooling    : HHH10001005: Database info:
	Database JDBC URL [Connecting through datasource 'HikariDataSource (HikariPool-1)']
	Database driver: undefined/unknown
	Database version: 2.3.232
	Autocommit mode: undefined/unknown
	Isolation level: undefined/unknown
	Minimum pool size: undefined/unknown
	Maximum pool size: undefined/unknown
2026-09-01 18:00:21.857  INFO [main] [traceId=NONE userId=NONE] o.h.e.t.j.p.i.JtaPlatformInitiator       : HHH000489: No JTA platform available (set 'hibernate.transaction.jta.platform' to enable JTA platform integration)
2026-09-01 18:00:21.961  INFO [main] [traceId=NONE userId=NONE] j.LocalContainerEntityManagerFactoryBean : Initialized JPA EntityManagerFactory for persistence unit 'default'
2026-09-01 18:00:23.280  INFO [main] [traceId=NONE userId=NONE] o.s.d.j.r.query.QueryEnhancerFactory     : Hibernate is in classpath; If applicable, HQL parser will be used.
2026-09-01 18:00:27.314  WARN [main] [traceId=NONE userId=NONE] com.bookmyshow.config.CacheConfig        : Redis server unreachable (Unable to connect to Redis). Falling back to embedded ConcurrentMapCacheManager.
2026-09-01 18:00:28.434  INFO [main] [traceId=NONE userId=NONE] c.b.initializer.DataInitializer          : Default Admin User created: admin@cinex.com / admin123
2026-09-01 18:00:28.539  INFO [main] [traceId=NONE userId=NONE] c.b.initializer.DataInitializer          : Default Test User created: user@cinex.com / user123
2026-09-01 18:00:28.565  INFO [main] [traceId=NONE userId=NONE] c.b.initializer.DataInitializer          : Initializing sample data for BookMyShow...
2026-09-01 18:00:28.691  INFO [main] [traceId=NONE userId=NONE] c.b.initializer.DataInitializer          : Initialization completed successfully!
2026-09-01 18:00:29.150  WARN [main] [traceId=NONE userId=NONE] .s.s.UserDetailsServiceAutoConfiguration : 

Using generated security password: 85f46f94-1daf-4f88-9267-e7cb0718c1bd

This generated password is for development use only. Your security configuration must be updated before running your application in production.

2026-09-01 18:00:29.165  INFO [main] [traceId=NONE userId=NONE] r$InitializeUserDetailsManagerConfigurer : Global AuthenticationManager configured with UserDetailsService bean with name inMemoryUserDetailsManager
2026-09-01 18:00:29.518  INFO [main] [traceId=NONE userId=NONE] o.s.b.a.w.s.WelcomePageHandlerMapping    : Adding welcome page: class path resource [static/index.html]
2026-09-01 18:00:30.232  INFO [main] [traceId=NONE userId=NONE] o.s.b.a.e.web.EndpointLinksResolver      : Exposing 6 endpoints beneath base path '/actuator'
2026-09-01 18:00:32.247  INFO [main] [traceId=NONE userId=NONE] o.s.m.s.b.SimpleBrokerMessageHandler     : Starting...
2026-09-01 18:00:32.248  INFO [main] [traceId=NONE userId=NONE] o.s.m.s.b.SimpleBrokerMessageHandler     : BrokerAvailabilityEvent[available=true, SimpleBrokerMessageHandler [org.springframework.messaging.simp.broker.DefaultSubscriptionRegistry@1c1d14d6]]
2026-09-01 18:00:32.250  INFO [main] [traceId=NONE userId=NONE] o.s.m.s.b.SimpleBrokerMessageHandler     : Started.
2026-09-01 18:00:32.277  INFO [main] [traceId=NONE userId=NONE] c.bookmyshow.BookmyshowApplicationTests  : Started BookmyshowApplicationTests in 20.673 seconds (process running for 23.294)
2026-09-01 18:00:33.133  INFO [main] [traceId=NONE userId=NONE] t.c.s.AnnotationConfigContextLoaderUtils : Could not detect default configuration classes for test class [com.bookmyshow.config.OpenApiDocumentationTest]: OpenApiDocumentationTest does not declare any static, non-private, non-final, nested classes annotated with @Configuration.
2026-09-01 18:00:33.177  INFO [main] [traceId=NONE userId=NONE] .b.t.c.SpringBootTestContextBootstrapper : Found @SpringBootConfiguration com.bookmyshow.BookmyshowApplication for test class com.bookmyshow.config.OpenApiDocumentationTest
2026-09-01 18:00:33.292  WARN [main] [traceId=NONE userId=NONE] ory$DuplicateJsonObjectContextCustomizer : 

Found multiple occurrences of org.json.JSONObject on the class path:

	jar:file:/C:/Users/Hamdaan/.m2/repository/com/vaadin/external/google/android-json/0.0.20131108.vaadin1/android-json-0.0.20131108.vaadin1.jar!/org/json/JSONObject.class
	jar:file:/C:/Users/Hamdaan/.m2/repository/org/json/json/20231013/json-20231013.jar!/org/json/JSONObject.class

You may wish to exclude one of them to ensure predictable runtime behavior

2026-09-01 18:00:33.295  INFO [main] [traceId=NONE userId=NONE] c.b.config.OpenApiDocumentationTest      : Starting OpenApiDocumentationTest using Java 22.0.1 with PID 6236 (started by Hamdaan in C:\Users\Hamdaan\Downloads\bookmyshow\bookmyshow)
2026-09-01 18:00:33.295  INFO [main] [traceId=NONE userId=NONE] c.b.config.OpenApiDocumentationTest      : No active profile set, falling back to 1 default profile: "default"
2026-09-01 18:00:35.585  INFO [main] [traceId=NONE userId=NONE] .s.d.r.c.RepositoryConfigurationDelegate : Multiple Spring Data modules found, entering strict repository configuration mode
2026-09-01 18:00:35.585  INFO [main] [traceId=NONE userId=NONE] .s.d.r.c.RepositoryConfigurationDelegate : Bootstrapping Spring Data JPA repositories in DEFAULT mode.
2026-09-01 18:00:35.646  INFO [main] [traceId=NONE userId=NONE] .s.d.r.c.RepositoryConfigurationDelegate : Finished Spring Data repository scanning in 58 ms. Found 9 JPA repository interfaces.
2026-09-01 18:00:35.650  INFO [main] [traceId=NONE userId=NONE] .s.d.r.c.RepositoryConfigurationDelegate : Multiple Spring Data modules found, entering strict repository configuration mode
2026-09-01 18:00:35.650  INFO [main] [traceId=NONE userId=NONE] .s.d.r.c.RepositoryConfigurationDelegate : Bootstrapping Spring Data Redis repositories in DEFAULT mode.
2026-09-01 18:00:35.663  INFO [main] [traceId=NONE userId=NONE] .RepositoryConfigurationExtensionSupport : Spring Data Redis - Could not safely identify store assignment for repository candidate interface com.bookmyshow.repository.BookingRepository; If you want this repository to be a Redis repository, consider annotating your entities with one of these annotations: org.springframework.data.redis.core.RedisHash (preferred), or consider extending one of the following types with your repository: org.springframework.data.keyvalue.repository.KeyValueRepository
2026-09-01 18:00:35.663  INFO [main] [traceId=NONE userId=NONE] .RepositoryConfigurationExtensionSupport : Spring Data Redis - Could not safely identify store assignment for repository candidate interface com.bookmyshow.repository.BookingSeatRepository; If you want this repository to be a Redis repository, consider annotating your entities with one of these annotations: org.springframework.data.redis.core.RedisHash (preferred), or consider extending one of the following types with your repository: org.springframework.data.keyvalue.repository.KeyValueRepository
2026-09-01 18:00:35.663  INFO [main] [traceId=NONE userId=NONE] .RepositoryConfigurationExtensionSupport : Spring Data Redis - Could not safely identify store assignment for repository candidate interface com.bookmyshow.repository.MovieRepository; If you want this repository to be a Redis repository, consider annotating your entities with one of these annotations: org.springframework.data.redis.core.RedisHash (preferred), or consider extending one of the following types with your repository: org.springframework.data.keyvalue.repository.KeyValueRepository
2026-09-01 18:00:35.663  INFO [main] [traceId=NONE userId=NONE] .RepositoryConfigurationExtensionSupport : Spring Data Redis - Could not safely identify store assignment for repository candidate interface com.bookmyshow.repository.PaymentRepository; If you want this repository to be a Redis repository, consider annotating your entities with one of these annotations: org.springframework.data.redis.core.RedisHash (preferred), or consider extending one of the following types with your repository: org.springframework.data.keyvalue.repository.KeyValueRepository
2026-09-01 18:00:35.663  INFO [main] [traceId=NONE userId=NONE] .RepositoryConfigurationExtensionSupport : Spring Data Redis - Could not safely identify store assignment for repository candidate interface com.bookmyshow.repository.ScreenRepository; If you want this repository to be a Redis repository, consider annotating your entities with one of these annotations: org.springframework.data.redis.core.RedisHash (preferred), or consider extending one of the following types with your repository: org.springframework.data.keyvalue.repository.KeyValueRepository
2026-09-01 18:00:35.664  INFO [main] [traceId=NONE userId=NONE] .RepositoryConfigurationExtensionSupport : Spring Data Redis - Could not safely identify store assignment for repository candidate interface com.bookmyshow.repository.SeatRepository; If you want this repository to be a Redis repository, consider annotating your entities with one of these annotations: org.springframework.data.redis.core.RedisHash (preferred), or consider extending one of the following types with your repository: org.springframework.data.keyvalue.repository.KeyValueRepository
2026-09-01 18:00:35.664  INFO [main] [traceId=NONE userId=NONE] .RepositoryConfigurationExtensionSupport : Spring Data Redis - Could not safely identify store assignment for repository candidate interface com.bookmyshow.repository.ShowRepository; If you want this repository to be a Redis repository, consider annotating your entities with one of these annotations: org.springframework.data.redis.core.RedisHash (preferred), or consider extending one of the following types with your repository: org.springframework.data.keyvalue.repository.KeyValueRepository
2026-09-01 18:00:35.664  INFO [main] [traceId=NONE userId=NONE] .RepositoryConfigurationExtensionSupport : Spring Data Redis - Could not safely identify store assignment for repository candidate interface com.bookmyshow.repository.TheatreRepository; If you want this repository to be a Redis repository, consider annotating your entities with one of these annotations: org.springframework.data.redis.core.RedisHash (preferred), or consider extending one of the following types with your repository: org.springframework.data.keyvalue.repository.KeyValueRepository
2026-09-01 18:00:35.664  INFO [main] [traceId=NONE userId=NONE] .RepositoryConfigurationExtensionSupport : Spring Data Redis - Could not safely identify store assignment for repository candidate interface com.bookmyshow.repository.UserRepository; If you want this repository to be a Redis repository, consider annotating your entities with one of these annotations: org.springframework.data.redis.core.RedisHash (preferred), or consider extending one of the following types with your repository: org.springframework.data.keyvalue.repository.KeyValueRepository
2026-09-01 18:00:35.664  INFO [main] [traceId=NONE userId=NONE] .s.d.r.c.RepositoryConfigurationDelegate : Finished Spring Data repository scanning in 11 ms. Found 0 Redis repository interfaces.
2026-09-01 18:00:35.888  INFO [main] [traceId=NONE userId=NONE] o.hibernate.jpa.internal.util.LogHelper  : HHH000204: Processing PersistenceUnitInfo [name: default]
2026-09-01 18:00:35.894  INFO [main] [traceId=NONE userId=NONE] o.h.c.internal.RegionFactoryInitiator    : HHH000026: Second-level cache disabled
2026-09-01 18:00:35.916  INFO [main] [traceId=NONE userId=NONE] o.s.o.j.p.SpringPersistenceUnitInfo      : No LoadTimeWeaver setup: ignoring JPA class transformer
2026-09-01 18:00:35.918  INFO [main] [traceId=NONE userId=NONE] com.zaxxer.hikari.HikariDataSource       : HikariPool-2 - Starting...
2026-09-01 18:00:35.920  INFO [main] [traceId=NONE userId=NONE] com.zaxxer.hikari.pool.HikariPool        : HikariPool-2 - Added connection conn10: url=jdbc:h2:mem:bookmyshow-test user=SA
2026-09-01 18:00:35.921  INFO [main] [traceId=NONE userId=NONE] com.zaxxer.hikari.HikariDataSource       : HikariPool-2 - Start completed.
2026-09-01 18:00:35.922  INFO [main] [traceId=NONE userId=NONE] org.hibernate.orm.connections.pooling    : HHH10001005: Database info:
	Database JDBC URL [Connecting through datasource 'HikariDataSource (HikariPool-2)']
	Database driver: undefined/unknown
	Database version: 2.3.232
	Autocommit mode: undefined/unknown
	Isolation level: undefined/unknown
	Minimum pool size: undefined/unknown
	Maximum pool size: undefined/unknown
2026-09-01 18:00:36.097  INFO [main] [traceId=NONE userId=NONE] o.h.e.t.j.p.i.JtaPlatformInitiator       : HHH000489: No JTA platform available (set 'hibernate.transaction.jta.platform' to enable JTA platform integration)
2026-09-01 18:00:36.135  INFO [main] [traceId=NONE userId=NONE] j.LocalContainerEntityManagerFactoryBean : Initialized JPA EntityManagerFactory for persistence unit 'default'
2026-09-01 18:00:36.602  WARN [main] [traceId=NONE userId=NONE] com.bookmyshow.config.CacheConfig        : Redis server unreachable (Unable to connect to Redis). Falling back to embedded ConcurrentMapCacheManager.
2026-09-01 18:00:36.753  INFO [main] [traceId=NONE userId=NONE] c.b.initializer.DataInitializer          : Default Admin User created: admin@cinex.com / admin123
2026-09-01 18:00:36.836  INFO [main] [traceId=NONE userId=NONE] c.b.initializer.DataInitializer          : Default Test User created: user@cinex.com / user123
2026-09-01 18:00:36.839  INFO [main] [traceId=NONE userId=NONE] c.b.initializer.DataInitializer          : Initializing sample data for BookMyShow...
2026-09-01 18:00:36.916  INFO [main] [traceId=NONE userId=NONE] c.b.initializer.DataInitializer          : Initialization completed successfully!
2026-09-01 18:00:37.016  WARN [main] [traceId=NONE userId=NONE] .s.s.UserDetailsServiceAutoConfiguration : 

Using generated security password: 0a838847-c246-4467-8707-01e09812a807

This generated password is for development use only. Your security configuration must be updated before running your application in production.

2026-09-01 18:00:37.019  INFO [main] [traceId=NONE userId=NONE] r$InitializeUserDetailsManagerConfigurer : Global AuthenticationManager configured with UserDetailsService bean with name inMemoryUserDetailsManager
2026-09-01 18:00:37.085  INFO [main] [traceId=NONE userId=NONE] o.s.b.a.w.s.WelcomePageHandlerMapping    : Adding welcome page: class path resource [static/index.html]
2026-09-01 18:00:37.315  INFO [main] [traceId=NONE userId=NONE] o.s.b.a.e.web.EndpointLinksResolver      : Exposing 6 endpoints beneath base path '/actuator'
2026-09-01 18:00:37.891  INFO [main] [traceId=NONE userId=NONE] o.s.b.t.m.w.SpringBootMockServletContext : Initializing Spring TestDispatcherServlet ''
2026-09-01 18:00:37.891  INFO [main] [traceId=NONE userId=NONE] o.s.t.web.servlet.TestDispatcherServlet  : Initializing Servlet ''
2026-09-01 18:00:37.894  INFO [main] [traceId=NONE userId=NONE] o.s.t.web.servlet.TestDispatcherServlet  : Completed initialization in 3 ms
2026-09-01 18:00:37.933  INFO [main] [traceId=NONE userId=NONE] o.s.m.s.b.SimpleBrokerMessageHandler     : Starting...
2026-09-01 18:00:37.933  INFO [main] [traceId=NONE userId=NONE] o.s.m.s.b.SimpleBrokerMessageHandler     : BrokerAvailabilityEvent[available=true, SimpleBrokerMessageHandler [org.springframework.messaging.simp.broker.DefaultSubscriptionRegistry@4f760fd8]]
2026-09-01 18:00:37.933  INFO [main] [traceId=NONE userId=NONE] o.s.m.s.b.SimpleBrokerMessageHandler     : Started.
2026-09-01 18:00:37.943  INFO [main] [traceId=NONE userId=NONE] c.b.config.OpenApiDocumentationTest      : Started OpenApiDocumentationTest in 4.755 seconds (process running for 28.96)
2026-09-01 18:00:39.584  INFO [main] [traceId=c08f7dd46062448c userId=ANONYMOUS] o.springdoc.api.AbstractOpenApiResource  : Init duration for springdoc-openapi is: 1518 ms
2026-09-01 18:00:39.755  INFO [main] [traceId=NONE userId=NONE] t.c.s.AnnotationConfigContextLoaderUtils : Could not detect default configuration classes for test class [com.bookmyshow.controller.SeatWebSocketControllerTest]: SeatWebSocketControllerTest does not declare any static, non-private, non-final, nested classes annotated with @Configuration.
2026-09-01 18:00:39.791  INFO [main] [traceId=NONE userId=NONE] .b.t.c.SpringBootTestContextBootstrapper : Found @SpringBootConfiguration com.bookmyshow.BookmyshowApplication for test class com.bookmyshow.controller.SeatWebSocketControllerTest
2026-09-01 18:00:39.810  WARN [main] [traceId=ed86a4223a7447f5 userId=ANONYMOUS] c.b.filter.ClerkJwtAuthenticationFilter  : Missing or invalid Authorization header on protected endpoint: /api/shows/501/seats/lock
2026-09-01 18:00:39.867  INFO [main] [traceId=NONE userId=NONE] t.c.s.AnnotationConfigContextLoaderUtils : Could not detect default configuration classes for test class [com.bookmyshow.filter.LoggingAndMdcTest]: LoggingAndMdcTest does not declare any static, non-private, non-final, nested classes annotated with @Configuration.
2026-09-01 18:00:39.899  INFO [main] [traceId=NONE userId=NONE] .b.t.c.SpringBootTestContextBootstrapper : Found @SpringBootConfiguration com.bookmyshow.BookmyshowApplication for test class com.bookmyshow.filter.LoggingAndMdcTest
2026-09-01 18:00:39.928  INFO [main] [traceId=0b601a4a2ead4ee2 userId=ANONYMOUS] com.bookmyshow.service.MovieService      : Cache Miss: Fetching all movies from MySQL database
2026-09-01 18:00:40.017  INFO [main] [traceId=NONE userId=NONE] t.c.s.AnnotationConfigContextLoaderUtils : Could not detect default configuration classes for test class [com.bookmyshow.filter.RateLimitingTest]: RateLimitingTest does not declare any static, non-private, non-final, nested classes annotated with @Configuration.
2026-09-01 18:00:40.023  INFO [main] [traceId=NONE userId=NONE] .b.t.c.SpringBootTestContextBootstrapper : Found @SpringBootConfiguration com.bookmyshow.BookmyshowApplication for test class com.bookmyshow.filter.RateLimitingTest
2026-09-01 18:00:40.064  WARN [main] [traceId=6bbe45b636894f02 userId=ANONYMOUS] c.b.filter.ClerkJwtAuthenticationFilter  : Missing or invalid Authorization header on protected endpoint: /api/bookings
2026-09-01 18:00:40.072  WARN [main] [traceId=c05bb8c6289c452f userId=ANONYMOUS] c.b.filter.ClerkJwtAuthenticationFilter  : Missing or invalid Authorization header on protected endpoint: /api/bookings
2026-09-01 18:00:40.077  WARN [main] [traceId=37e00b0c7fd049af userId=ANONYMOUS] c.b.filter.ClerkJwtAuthenticationFilter  : Missing or invalid Authorization header on protected endpoint: /api/bookings
2026-09-01 18:00:40.081  WARN [main] [traceId=6cdb00581d4e48b9 userId=ANONYMOUS] c.b.filter.ClerkJwtAuthenticationFilter  : Missing or invalid Authorization header on protected endpoint: /api/bookings
2026-09-01 18:00:40.086  WARN [main] [traceId=62e893736b2e4f23 userId=ANONYMOUS] c.b.filter.ClerkJwtAuthenticationFilter  : Missing or invalid Authorization header on protected endpoint: /api/bookings
2026-09-01 18:00:40.091  WARN [main] [traceId=95b0481d8ea74305 userId=ANONYMOUS] c.b.filter.ClerkJwtAuthenticationFilter  : Missing or invalid Authorization header on protected endpoint: /api/bookings
2026-09-01 18:00:40.096  WARN [main] [traceId=3df5ee411ee44ca8 userId=ANONYMOUS] c.b.filter.ClerkJwtAuthenticationFilter  : Missing or invalid Authorization header on protected endpoint: /api/bookings
2026-09-01 18:00:40.100  WARN [main] [traceId=7470235f09da410f userId=ANONYMOUS] c.b.filter.ClerkJwtAuthenticationFilter  : Missing or invalid Authorization header on protected endpoint: /api/bookings
2026-09-01 18:00:40.105  WARN [main] [traceId=058729f4d1584018 userId=ANONYMOUS] c.b.filter.ClerkJwtAuthenticationFilter  : Missing or invalid Authorization header on protected endpoint: /api/bookings
2026-09-01 18:00:40.109  WARN [main] [traceId=b326aac1645447eb userId=ANONYMOUS] c.b.filter.ClerkJwtAuthenticationFilter  : Missing or invalid Authorization header on protected endpoint: /api/bookings
2026-09-01 18:00:40.113  WARN [main] [traceId=d3e4d9f2418f404c userId=ANONYMOUS] c.b.filter.ClerkJwtAuthenticationFilter  : Missing or invalid Authorization header on protected endpoint: /api/bookings
2026-09-01 18:00:40.117  WARN [main] [traceId=f0a33d26e8e44be9 userId=ANONYMOUS] c.b.filter.ClerkJwtAuthenticationFilter  : Missing or invalid Authorization header on protected endpoint: /api/bookings
2026-09-01 18:00:40.125  WARN [main] [traceId=a643dd2e4c744e70 userId=ANONYMOUS] c.b.filter.ClerkJwtAuthenticationFilter  : Missing or invalid Authorization header on protected endpoint: /api/bookings
2026-09-01 18:00:40.144  WARN [main] [traceId=3ce4aa81db0243f4 userId=ANONYMOUS] c.b.filter.ClerkJwtAuthenticationFilter  : Missing or invalid Authorization header on protected endpoint: /api/bookings
2026-09-01 18:00:40.151  WARN [main] [traceId=ca25da5a53944a12 userId=ANONYMOUS] c.b.filter.ClerkJwtAuthenticationFilter  : Missing or invalid Authorization header on protected endpoint: /api/bookings
2026-09-01 18:00:40.156  WARN [main] [traceId=c47f9e4cd02646dc userId=ANONYMOUS] c.b.filter.ClerkJwtAuthenticationFilter  : Missing or invalid Authorization header on protected endpoint: /api/bookings
2026-09-01 18:00:40.160  WARN [main] [traceId=f4dba9f77e7946f2 userId=ANONYMOUS] c.b.filter.ClerkJwtAuthenticationFilter  : Missing or invalid Authorization header on protected endpoint: /api/bookings
2026-09-01 18:00:40.163  WARN [main] [traceId=674e2cc2e45d4563 userId=ANONYMOUS] c.b.filter.ClerkJwtAuthenticationFilter  : Missing or invalid Authorization header on protected endpoint: /api/bookings
2026-09-01 18:00:40.167  WARN [main] [traceId=246bf5af332647d9 userId=ANONYMOUS] c.b.filter.ClerkJwtAuthenticationFilter  : Missing or invalid Authorization header on protected endpoint: /api/bookings
2026-09-01 18:00:40.170  WARN [main] [traceId=d9b27b62ffa14cfe userId=ANONYMOUS] c.b.filter.ClerkJwtAuthenticationFilter  : Missing or invalid Authorization header on protected endpoint: /api/bookings
2026-09-01 18:00:40.173  WARN [main] [traceId=b2e71b7128cf428b userId=ANONYMOUS] com.bookmyshow.filter.RateLimitFilter    : Rate limit exceeded for client [ip:10.0.0.55:tx]. Limit: 20/min. Endpoint: /api/bookings
2026-09-01 18:00:40.223  WARN [main] [traceId=a417262befb241a4 userId=ANONYMOUS] c.b.monitoring.CineXHealthIndicator      : HealthCheck indicates Redis Cache is offline: Unable to connect to Redis
2026-09-01 18:00:40.266  INFO [main] [traceId=NONE userId=NONE] t.c.s.AnnotationConfigContextLoaderUtils : Could not detect default configuration classes for test class [com.bookmyshow.filter.SecurityHardeningTest]: SecurityHardeningTest does not declare any static, non-private, non-final, nested classes annotated with @Configuration.
2026-09-01 18:00:40.271  INFO [main] [traceId=NONE userId=NONE] .b.t.c.SpringBootTestContextBootstrapper : Found @SpringBootConfiguration com.bookmyshow.BookmyshowApplication for test class com.bookmyshow.filter.SecurityHardeningTest
2026-09-01 18:00:40.307  INFO [main] [traceId=NONE userId=NONE] t.c.s.AnnotationConfigContextLoaderUtils : Could not detect default configuration classes for test class [com.bookmyshow.monitoring.ActuatorMonitoringTest]: ActuatorMonitoringTest does not declare any static, non-private, non-final, nested classes annotated with @Configuration.
2026-09-01 18:00:40.335  INFO [main] [traceId=NONE userId=NONE] .b.t.c.SpringBootTestContextBootstrapper : Found @SpringBootConfiguration com.bookmyshow.BookmyshowApplication for test class com.bookmyshow.monitoring.ActuatorMonitoringTest
2026-09-01 18:00:40.927  WARN [main] [traceId=704544eb72db41cb userId=ANONYMOUS] c.b.monitoring.CineXHealthIndicator      : HealthCheck indicates Redis Cache is offline: Unable to connect to Redis
2026-09-01 18:00:40.939  INFO [main] [traceId=NONE userId=NONE] t.c.s.AnnotationConfigContextLoaderUtils : Could not detect default configuration classes for test class [com.bookmyshow.monitoring.ConnectionPoolMonitoringTest]: ConnectionPoolMonitoringTest does not declare any static, non-private, non-final, nested classes annotated with @Configuration.
2026-09-01 18:00:40.941  INFO [main] [traceId=NONE userId=NONE] .b.t.c.SpringBootTestContextBootstrapper : Found @SpringBootConfiguration com.bookmyshow.BookmyshowApplication for test class com.bookmyshow.monitoring.ConnectionPoolMonitoringTest
2026-09-01 18:00:40.953  INFO [main] [traceId=NONE userId=NONE] c.b.m.ConnectionPoolMonitoringService    : HikariCP Metrics -> Active: 0, Idle: 10, Total: 10, Waiting Threads: 0
2026-09-01 18:00:40.973  INFO [main] [traceId=NONE userId=NONE] t.c.s.AnnotationConfigContextLoaderUtils : Could not detect default configuration classes for test class [com.bookmyshow.service.AdminPlatformTest]: AdminPlatformTest does not declare any static, non-private, non-final, nested classes annotated with @Configuration.
2026-09-01 18:00:40.998  INFO [main] [traceId=NONE userId=NONE] .b.t.c.SpringBootTestContextBootstrapper : Found @SpringBootConfiguration com.bookmyshow.BookmyshowApplication for test class com.bookmyshow.service.AdminPlatformTest
2026-09-01 18:00:41.115  INFO [main] [traceId=NONE userId=NONE] com.bookmyshow.service.TheatreService    : Adding new theatre: PVR Admin Test in Mumbai
2026-09-01 18:00:41.194  INFO [main] [traceId=NONE userId=NONE] com.bookmyshow.service.MovieService      : Adding new movie: Inception Admin Test
2026-09-01 18:00:41.196  INFO [main] [traceId=NONE userId=NONE] com.bookmyshow.service.MovieService      : Updating movie id: 4
2026-09-01 18:00:41.224  INFO [main] [traceId=NONE userId=NONE] com.bookmyshow.service.MovieService      : Deleting movie id: 4
2026-09-01 18:00:41.238  INFO [main] [traceId=NONE userId=NONE] com.bookmyshow.service.MovieService      : Cache Miss: Fetching movie details for id 4 from MySQL database
2026-09-01 18:00:41.256  INFO [main] [traceId=NONE userId=NONE] t.c.s.AnnotationConfigContextLoaderUtils : Could not detect default configuration classes for test class [com.bookmyshow.service.BookingConcurrencyTest]: BookingConcurrencyTest does not declare any static, non-private, non-final, nested classes annotated with @Configuration.
2026-09-01 18:00:41.264  INFO [main] [traceId=NONE userId=NONE] .b.t.c.SpringBootTestContextBootstrapper : Found @SpringBootConfiguration com.bookmyshow.BookmyshowApplication for test class com.bookmyshow.service.BookingConcurrencyTest
2026-09-01 18:00:41.304  WARN [main] [traceId=NONE userId=NONE] ory$DuplicateJsonObjectContextCustomizer : 

Found multiple occurrences of org.json.JSONObject on the class path:

	jar:file:/C:/Users/Hamdaan/.m2/repository/com/vaadin/external/google/android-json/0.0.20131108.vaadin1/android-json-0.0.20131108.vaadin1.jar!/org/json/JSONObject.class
	jar:file:/C:/Users/Hamdaan/.m2/repository/org/json/json/20231013/json-20231013.jar!/org/json/JSONObject.class

You may wish to exclude one of them to ensure predictable runtime behavior

2026-09-01 18:00:41.306  INFO [main] [traceId=NONE userId=NONE] c.b.service.BookingConcurrencyTest       : Starting BookingConcurrencyTest using Java 22.0.1 with PID 6236 (started by Hamdaan in C:\Users\Hamdaan\Downloads\bookmyshow\bookmyshow)
2026-09-01 18:00:41.307  INFO [main] [traceId=NONE userId=NONE] c.b.service.BookingConcurrencyTest       : No active profile set, falling back to 1 default profile: "default"
2026-09-01 18:00:41.788  INFO [main] [traceId=NONE userId=NONE] .s.d.r.c.RepositoryConfigurationDelegate : Multiple Spring Data modules found, entering strict repository configuration mode
2026-09-01 18:00:41.788  INFO [main] [traceId=NONE userId=NONE] .s.d.r.c.RepositoryConfigurationDelegate : Bootstrapping Spring Data JPA repositories in DEFAULT mode.
2026-09-01 18:00:41.820  INFO [main] [traceId=NONE userId=NONE] .s.d.r.c.RepositoryConfigurationDelegate : Finished Spring Data repository scanning in 30 ms. Found 9 JPA repository interfaces.
2026-09-01 18:00:41.822  INFO [main] [traceId=NONE userId=NONE] .s.d.r.c.RepositoryConfigurationDelegate : Multiple Spring Data modules found, entering strict repository configuration mode
2026-09-01 18:00:41.822  INFO [main] [traceId=NONE userId=NONE] .s.d.r.c.RepositoryConfigurationDelegate : Bootstrapping Spring Data Redis repositories in DEFAULT mode.
2026-09-01 18:00:41.831  INFO [main] [traceId=NONE userId=NONE] .RepositoryConfigurationExtensionSupport : Spring Data Redis - Could not safely identify store assignment for repository candidate interface com.bookmyshow.repository.BookingRepository; If you want this repository to be a Redis repository, consider annotating your entities with one of these annotations: org.springframework.data.redis.core.RedisHash (preferred), or consider extending one of the following types with your repository: org.springframework.data.keyvalue.repository.KeyValueRepository
2026-09-01 18:00:41.831  INFO [main] [traceId=NONE userId=NONE] .RepositoryConfigurationExtensionSupport : Spring Data Redis - Could not safely identify store assignment for repository candidate interface com.bookmyshow.repository.BookingSeatRepository; If you want this repository to be a Redis repository, consider annotating your entities with one of these annotations: org.springframework.data.redis.core.RedisHash (preferred), or consider extending one of the following types with your repository: org.springframework.data.keyvalue.repository.KeyValueRepository
2026-09-01 18:00:41.831  INFO [main] [traceId=NONE userId=NONE] .RepositoryConfigurationExtensionSupport : Spring Data Redis - Could not safely identify store assignment for repository candidate interface com.bookmyshow.repository.MovieRepository; If you want this repository to be a Redis repository, consider annotating your entities with one of these annotations: org.springframework.data.redis.core.RedisHash (preferred), or consider extending one of the following types with your repository: org.springframework.data.keyvalue.repository.KeyValueRepository
2026-09-01 18:00:41.831  INFO [main] [traceId=NONE userId=NONE] .RepositoryConfigurationExtensionSupport : Spring Data Redis - Could not safely identify store assignment for repository candidate interface com.bookmyshow.repository.PaymentRepository; If you want this repository to be a Redis repository, consider annotating your entities with one of these annotations: org.springframework.data.redis.core.RedisHash (preferred), or consider extending one of the following types with your repository: org.springframework.data.keyvalue.repository.KeyValueRepository
2026-09-01 18:00:41.831  INFO [main] [traceId=NONE userId=NONE] .RepositoryConfigurationExtensionSupport : Spring Data Redis - Could not safely identify store assignment for repository candidate interface com.bookmyshow.repository.ScreenRepository; If you want this repository to be a Redis repository, consider annotating your entities with one of these annotations: org.springframework.data.redis.core.RedisHash (preferred), or consider extending one of the following types with your repository: org.springframework.data.keyvalue.repository.KeyValueRepository
2026-09-01 18:00:41.832  INFO [main] [traceId=NONE userId=NONE] .RepositoryConfigurationExtensionSupport : Spring Data Redis - Could not safely identify store assignment for repository candidate interface com.bookmyshow.repository.SeatRepository; If you want this repository to be a Redis repository, consider annotating your entities with one of these annotations: org.springframework.data.redis.core.RedisHash (preferred), or consider extending one of the following types with your repository: org.springframework.data.keyvalue.repository.KeyValueRepository
2026-09-01 18:00:41.832  INFO [main] [traceId=NONE userId=NONE] .RepositoryConfigurationExtensionSupport : Spring Data Redis - Could not safely identify store assignment for repository candidate interface com.bookmyshow.repository.ShowRepository; If you want this repository to be a Redis repository, consider annotating your entities with one of these annotations: org.springframework.data.redis.core.RedisHash (preferred), or consider extending one of the following types with your repository: org.springframework.data.keyvalue.repository.KeyValueRepository
2026-09-01 18:00:41.832  INFO [main] [traceId=NONE userId=NONE] .RepositoryConfigurationExtensionSupport : Spring Data Redis - Could not safely identify store assignment for repository candidate interface com.bookmyshow.repository.TheatreRepository; If you want this repository to be a Redis repository, consider annotating your entities with one of these annotations: org.springframework.data.redis.core.RedisHash (preferred), or consider extending one of the following types with your repository: org.springframework.data.keyvalue.repository.KeyValueRepository
2026-09-01 18:00:41.832  INFO [main] [traceId=NONE userId=NONE] .RepositoryConfigurationExtensionSupport : Spring Data Redis - Could not safely identify store assignment for repository candidate interface com.bookmyshow.repository.UserRepository; If you want this repository to be a Redis repository, consider annotating your entities with one of these annotations: org.springframework.data.redis.core.RedisHash (preferred), or consider extending one of the following types with your repository: org.springframework.data.keyvalue.repository.KeyValueRepository
2026-09-01 18:00:41.832  INFO [main] [traceId=NONE userId=NONE] .s.d.r.c.RepositoryConfigurationDelegate : Finished Spring Data repository scanning in 8 ms. Found 0 Redis repository interfaces.
2026-09-01 18:00:42.710  INFO [main] [traceId=NONE userId=NONE] o.hibernate.jpa.internal.util.LogHelper  : HHH000204: Processing PersistenceUnitInfo [name: default]
2026-09-01 18:00:42.723  INFO [main] [traceId=NONE userId=NONE] o.h.c.internal.RegionFactoryInitiator    : HHH000026: Second-level cache disabled
2026-09-01 18:00:42.775  INFO [main] [traceId=NONE userId=NONE] o.s.o.j.p.SpringPersistenceUnitInfo      : No LoadTimeWeaver setup: ignoring JPA class transformer
2026-09-01 18:00:42.778  INFO [main] [traceId=NONE userId=NONE] com.zaxxer.hikari.HikariDataSource       : HikariPool-3 - Starting...
2026-09-01 18:00:42.780  INFO [main] [traceId=NONE userId=NONE] com.zaxxer.hikari.pool.HikariPool        : HikariPool-3 - Added connection conn20: url=jdbc:h2:mem:bookmyshow-test user=SA
2026-09-01 18:00:42.781  INFO [main] [traceId=NONE userId=NONE] com.zaxxer.hikari.HikariDataSource       : HikariPool-3 - Start completed.
2026-09-01 18:00:42.784  INFO [main] [traceId=NONE userId=NONE] org.hibernate.orm.connections.pooling    : HHH10001005: Database info:
	Database JDBC URL [Connecting through datasource 'HikariDataSource (HikariPool-3)']
	Database driver: undefined/unknown
	Database version: 2.3.232
	Autocommit mode: undefined/unknown
	Isolation level: undefined/unknown
	Minimum pool size: undefined/unknown
	Maximum pool size: undefined/unknown
2026-09-01 18:00:43.076  INFO [main] [traceId=NONE userId=NONE] o.h.e.t.j.p.i.JtaPlatformInitiator       : HHH000489: No JTA platform available (set 'hibernate.transaction.jta.platform' to enable JTA platform integration)
2026-09-01 18:00:43.128  INFO [main] [traceId=NONE userId=NONE] j.LocalContainerEntityManagerFactoryBean : Initialized JPA EntityManagerFactory for persistence unit 'default'
2026-09-01 18:00:44.375  WARN [main] [traceId=NONE userId=NONE] com.bookmyshow.config.CacheConfig        : Redis server unreachable (Unable to connect to Redis). Falling back to embedded ConcurrentMapCacheManager.
2026-09-01 18:00:44.639  INFO [main] [traceId=NONE userId=NONE] c.b.initializer.DataInitializer          : Default Admin User created: admin@cinex.com / admin123
2026-09-01 18:00:44.762  INFO [main] [traceId=NONE userId=NONE] c.b.initializer.DataInitializer          : Default Test User created: user@cinex.com / user123
2026-09-01 18:00:44.766  INFO [main] [traceId=NONE userId=NONE] c.b.initializer.DataInitializer          : Initializing sample data for BookMyShow...
2026-09-01 18:00:44.879  INFO [main] [traceId=NONE userId=NONE] c.b.initializer.DataInitializer          : Initialization completed successfully!
2026-09-01 18:00:45.151  WARN [main] [traceId=NONE userId=NONE] .s.s.UserDetailsServiceAutoConfiguration : 

Using generated security password: 09e6644a-a67b-4bc2-80f5-4353e4e278fb

This generated password is for development use only. Your security configuration must be updated before running your application in production.

2026-09-01 18:00:45.159  INFO [main] [traceId=NONE userId=NONE] r$InitializeUserDetailsManagerConfigurer : Global AuthenticationManager configured with UserDetailsService bean with name inMemoryUserDetailsManager
2026-09-01 18:00:45.302  INFO [main] [traceId=NONE userId=NONE] o.s.b.a.w.s.WelcomePageHandlerMapping    : Adding welcome page: class path resource [static/index.html]
2026-09-01 18:00:45.774  INFO [main] [traceId=NONE userId=NONE] o.s.b.a.e.web.EndpointLinksResolver      : Exposing 6 endpoints beneath base path '/actuator'
2026-09-01 18:00:46.968  INFO [main] [traceId=NONE userId=NONE] o.s.m.s.b.SimpleBrokerMessageHandler     : Starting...
2026-09-01 18:00:46.969  INFO [main] [traceId=NONE userId=NONE] o.s.m.s.b.SimpleBrokerMessageHandler     : BrokerAvailabilityEvent[available=true, SimpleBrokerMessageHandler [org.springframework.messaging.simp.broker.DefaultSubscriptionRegistry@2ecf57c9]]
2026-09-01 18:00:46.969  INFO [main] [traceId=NONE userId=NONE] o.s.m.s.b.SimpleBrokerMessageHandler     : Started.
2026-09-01 18:00:46.986  INFO [main] [traceId=NONE userId=NONE] c.b.service.BookingConcurrencyTest       : Started BookingConcurrencyTest in 5.715 seconds (process running for 38.003)
2026-09-01 18:00:47.221  INFO [main] [traceId=NONE userId=NONE] t.c.s.AnnotationConfigContextLoaderUtils : Could not detect default configuration classes for test class [com.bookmyshow.service.CacheServiceTest]: CacheServiceTest does not declare any static, non-private, non-final, nested classes annotated with @Configuration.
2026-09-01 18:00:47.228  INFO [main] [traceId=NONE userId=NONE] .b.t.c.SpringBootTestContextBootstrapper : Found @SpringBootConfiguration com.bookmyshow.BookmyshowApplication for test class com.bookmyshow.service.CacheServiceTest
2026-09-01 18:00:47.245  INFO [main] [traceId=NONE userId=NONE] com.bookmyshow.service.MovieService      : Cache Miss: Fetching all movies from MySQL database
2026-09-01 18:00:47.248  INFO [main] [traceId=NONE userId=NONE] com.bookmyshow.service.MovieService      : Adding new movie: Test Cached Movie
2026-09-01 18:00:47.271  INFO [main] [traceId=NONE userId=NONE] com.bookmyshow.service.MovieService      : Cache Miss: Fetching all movies from MySQL database
2026-09-01 18:00:47.323  INFO [main] [traceId=NONE userId=NONE] t.c.s.AnnotationConfigContextLoaderUtils : Could not detect default configuration classes for test class [com.bookmyshow.service.GlobalSearchServiceTest]: GlobalSearchServiceTest does not declare any static, non-private, non-final, nested classes annotated with @Configuration.
2026-09-01 18:00:47.342  INFO [main] [traceId=NONE userId=NONE] .b.t.c.SpringBootTestContextBootstrapper : Found @SpringBootConfiguration com.bookmyshow.BookmyshowApplication for test class com.bookmyshow.service.GlobalSearchServiceTest
2026-09-01 18:00:47.397  INFO [main] [traceId=NONE userId=NONE] com.bookmyshow.service.TheatreService    : Adding new theatre: PVR Cyberhub IMAX in Gurugram
2026-09-01 18:00:47.483  INFO [main] [traceId=NONE userId=NONE] com.bookmyshow.service.MovieService      : Adding new movie: Avengers Sci-Fi Epic
2026-09-01 18:00:47.485  INFO [main] [traceId=NONE userId=NONE] com.bookmyshow.service.MovieService      : Adding new movie: Bahubali Drama
2026-09-01 18:00:47.533  INFO [main] [traceId=NONE userId=NONE] t.c.s.AnnotationConfigContextLoaderUtils : Could not detect default configuration classes for test class [com.bookmyshow.service.PaginationServiceTest]: PaginationServiceTest does not declare any static, non-private, non-final, nested classes annotated with @Configuration.
2026-09-01 18:00:47.537  INFO [main] [traceId=NONE userId=NONE] .b.t.c.SpringBootTestContextBootstrapper : Found @SpringBootConfiguration com.bookmyshow.BookmyshowApplication for test class com.bookmyshow.service.PaginationServiceTest
2026-09-01 18:00:47.558  INFO [main] [traceId=NONE userId=NONE] com.bookmyshow.service.TheatreService    : Adding new theatre: Paginated Theatre 1 in Mumbai
2026-09-01 18:00:47.560  INFO [main] [traceId=NONE userId=NONE] com.bookmyshow.service.TheatreService    : Adding new theatre: Paginated Theatre 2 in Mumbai
2026-09-01 18:00:47.562  INFO [main] [traceId=NONE userId=NONE] com.bookmyshow.service.TheatreService    : Adding new theatre: Paginated Theatre 3 in Mumbai
2026-09-01 18:00:47.592  INFO [main] [traceId=NONE userId=NONE] com.bookmyshow.service.MovieService      : Adding new movie: Paginated Movie 1
2026-09-01 18:00:47.594  INFO [main] [traceId=NONE userId=NONE] com.bookmyshow.service.MovieService      : Adding new movie: Paginated Movie 2
2026-09-01 18:00:47.595  INFO [main] [traceId=NONE userId=NONE] com.bookmyshow.service.MovieService      : Adding new movie: Paginated Movie 3
2026-09-01 18:00:47.704  INFO [main] [traceId=NONE userId=NONE] t.c.s.AnnotationConfigContextLoaderUtils : Could not detect default configuration classes for test class [com.bookmyshow.service.RazorpayPaymentServiceTest]: RazorpayPaymentServiceTest does not declare any static, non-private, non-final, nested classes annotated with @Configuration.
2026-09-01 18:00:47.725  INFO [main] [traceId=NONE userId=NONE] .b.t.c.SpringBootTestContextBootstrapper : Found @SpringBootConfiguration com.bookmyshow.BookmyshowApplication for test class com.bookmyshow.service.RazorpayPaymentServiceTest
2026-09-01 18:00:47.793  WARN [main] [traceId=NONE userId=NONE] ory$DuplicateJsonObjectContextCustomizer : 

Found multiple occurrences of org.json.JSONObject on the class path:

	jar:file:/C:/Users/Hamdaan/.m2/repository/com/vaadin/external/google/android-json/0.0.20131108.vaadin1/android-json-0.0.20131108.vaadin1.jar!/org/json/JSONObject.class
	jar:file:/C:/Users/Hamdaan/.m2/repository/org/json/json/20231013/json-20231013.jar!/org/json/JSONObject.class

You may wish to exclude one of them to ensure predictable runtime behavior

2026-09-01 18:00:47.797  INFO [main] [traceId=NONE userId=NONE] c.b.service.RazorpayPaymentServiceTest   : Starting RazorpayPaymentServiceTest using Java 22.0.1 with PID 6236 (started by Hamdaan in C:\Users\Hamdaan\Downloads\bookmyshow\bookmyshow)
2026-09-01 18:00:47.797  INFO [main] [traceId=NONE userId=NONE] c.b.service.RazorpayPaymentServiceTest   : No active profile set, falling back to 1 default profile: "default"
2026-09-01 18:00:48.830  INFO [main] [traceId=NONE userId=NONE] .s.d.r.c.RepositoryConfigurationDelegate : Multiple Spring Data modules found, entering strict repository configuration mode
2026-09-01 18:00:48.830  INFO [main] [traceId=NONE userId=NONE] .s.d.r.c.RepositoryConfigurationDelegate : Bootstrapping Spring Data JPA repositories in DEFAULT mode.
2026-09-01 18:00:48.893  INFO [main] [traceId=NONE userId=NONE] .s.d.r.c.RepositoryConfigurationDelegate : Finished Spring Data repository scanning in 60 ms. Found 9 JPA repository interfaces.
2026-09-01 18:00:48.901  INFO [main] [traceId=NONE userId=NONE] .s.d.r.c.RepositoryConfigurationDelegate : Multiple Spring Data modules found, entering strict repository configuration mode
2026-09-01 18:00:48.902  INFO [main] [traceId=NONE userId=NONE] .s.d.r.c.RepositoryConfigurationDelegate : Bootstrapping Spring Data Redis repositories in DEFAULT mode.
2026-09-01 18:00:48.916  INFO [main] [traceId=NONE userId=NONE] .RepositoryConfigurationExtensionSupport : Spring Data Redis - Could not safely identify store assignment for repository candidate interface com.bookmyshow.repository.BookingRepository; If you want this repository to be a Redis repository, consider annotating your entities with one of these annotations: org.springframework.data.redis.core.RedisHash (preferred), or consider extending one of the following types with your repository: org.springframework.data.keyvalue.repository.KeyValueRepository
2026-09-01 18:00:48.917  INFO [main] [traceId=NONE userId=NONE] .RepositoryConfigurationExtensionSupport : Spring Data Redis - Could not safely identify store assignment for repository candidate interface com.bookmyshow.repository.BookingSeatRepository; If you want this repository to be a Redis repository, consider annotating your entities with one of these annotations: org.springframework.data.redis.core.RedisHash (preferred), or consider extending one of the following types with your repository: org.springframework.data.keyvalue.repository.KeyValueRepository
2026-09-01 18:00:48.917  INFO [main] [traceId=NONE userId=NONE] .RepositoryConfigurationExtensionSupport : Spring Data Redis - Could not safely identify store assignment for repository candidate interface com.bookmyshow.repository.MovieRepository; If you want this repository to be a Redis repository, consider annotating your entities with one of these annotations: org.springframework.data.redis.core.RedisHash (preferred), or consider extending one of the following types with your repository: org.springframework.data.keyvalue.repository.KeyValueRepository
2026-09-01 18:00:48.917  INFO [main] [traceId=NONE userId=NONE] .RepositoryConfigurationExtensionSupport : Spring Data Redis - Could not safely identify store assignment for repository candidate interface com.bookmyshow.repository.PaymentRepository; If you want this repository to be a Redis repository, consider annotating your entities with one of these annotations: org.springframework.data.redis.core.RedisHash (preferred), or consider extending one of the following types with your repository: org.springframework.data.keyvalue.repository.KeyValueRepository
2026-09-01 18:00:48.918  INFO [main] [traceId=NONE userId=NONE] .RepositoryConfigurationExtensionSupport : Spring Data Redis - Could not safely identify store assignment for repository candidate interface com.bookmyshow.repository.ScreenRepository; If you want this repository to be a Redis repository, consider annotating your entities with one of these annotations: org.springframework.data.redis.core.RedisHash (preferred), or consider extending one of the following types with your repository: org.springframework.data.keyvalue.repository.KeyValueRepository
2026-09-01 18:00:48.918  INFO [main] [traceId=NONE userId=NONE] .RepositoryConfigurationExtensionSupport : Spring Data Redis - Could not safely identify store assignment for repository candidate interface com.bookmyshow.repository.SeatRepository; If you want this repository to be a Redis repository, consider annotating your entities with one of these annotations: org.springframework.data.redis.core.RedisHash (preferred), or consider extending one of the following types with your repository: org.springframework.data.keyvalue.repository.KeyValueRepository
2026-09-01 18:00:48.918  INFO [main] [traceId=NONE userId=NONE] .RepositoryConfigurationExtensionSupport : Spring Data Redis - Could not safely identify store assignment for repository candidate interface com.bookmyshow.repository.ShowRepository; If you want this repository to be a Redis repository, consider annotating your entities with one of these annotations: org.springframework.data.redis.core.RedisHash (preferred), or consider extending one of the following types with your repository: org.springframework.data.keyvalue.repository.KeyValueRepository
2026-09-01 18:00:48.918  INFO [main] [traceId=NONE userId=NONE] .RepositoryConfigurationExtensionSupport : Spring Data Redis - Could not safely identify store assignment for repository candidate interface com.bookmyshow.repository.TheatreRepository; If you want this repository to be a Redis repository, consider annotating your entities with one of these annotations: org.springframework.data.redis.core.RedisHash (preferred), or consider extending one of the following types with your repository: org.springframework.data.keyvalue.repository.KeyValueRepository
2026-09-01 18:00:48.919  INFO [main] [traceId=NONE userId=NONE] .RepositoryConfigurationExtensionSupport : Spring Data Redis - Could not safely identify store assignment for repository candidate interface com.bookmyshow.repository.UserRepository; If you want this repository to be a Redis repository, consider annotating your entities with one of these annotations: org.springframework.data.redis.core.RedisHash (preferred), or consider extending one of the following types with your repository: org.springframework.data.keyvalue.repository.KeyValueRepository
2026-09-01 18:00:48.919  INFO [main] [traceId=NONE userId=NONE] .s.d.r.c.RepositoryConfigurationDelegate : Finished Spring Data repository scanning in 14 ms. Found 0 Redis repository interfaces.
2026-09-01 18:00:49.289  INFO [main] [traceId=NONE userId=NONE] o.hibernate.jpa.internal.util.LogHelper  : HHH000204: Processing PersistenceUnitInfo [name: default]
2026-09-01 18:00:49.302  INFO [main] [traceId=NONE userId=NONE] o.h.c.internal.RegionFactoryInitiator    : HHH000026: Second-level cache disabled
2026-09-01 18:00:49.353  INFO [main] [traceId=NONE userId=NONE] o.s.o.j.p.SpringPersistenceUnitInfo      : No LoadTimeWeaver setup: ignoring JPA class transformer
2026-09-01 18:00:49.356  INFO [main] [traceId=NONE userId=NONE] com.zaxxer.hikari.HikariDataSource       : HikariPool-4 - Starting...
2026-09-01 18:00:49.359  INFO [main] [traceId=NONE userId=NONE] com.zaxxer.hikari.pool.HikariPool        : HikariPool-4 - Added connection conn30: url=jdbc:h2:mem:bookmyshow-test user=SA
2026-09-01 18:00:49.359  INFO [main] [traceId=NONE userId=NONE] com.zaxxer.hikari.HikariDataSource       : HikariPool-4 - Start completed.
2026-09-01 18:00:49.362  INFO [main] [traceId=NONE userId=NONE] org.hibernate.orm.connections.pooling    : HHH10001005: Database info:
	Database JDBC URL [Connecting through datasource 'HikariDataSource (HikariPool-4)']
	Database driver: undefined/unknown
	Database version: 2.3.232
	Autocommit mode: undefined/unknown
	Isolation level: undefined/unknown
	Minimum pool size: undefined/unknown
	Maximum pool size: undefined/unknown
2026-09-01 18:00:49.680  INFO [main] [traceId=NONE userId=NONE] o.h.e.t.j.p.i.JtaPlatformInitiator       : HHH000489: No JTA platform available (set 'hibernate.transaction.jta.platform' to enable JTA platform integration)
2026-09-01 18:00:49.720  INFO [main] [traceId=NONE userId=NONE] j.LocalContainerEntityManagerFactoryBean : Initialized JPA EntityManagerFactory for persistence unit 'default'
2026-09-01 18:00:50.509  WARN [main] [traceId=NONE userId=NONE] com.bookmyshow.config.CacheConfig        : Redis server unreachable (Unable to connect to Redis). Falling back to embedded ConcurrentMapCacheManager.
2026-09-01 18:00:50.696  INFO [main] [traceId=NONE userId=NONE] c.b.initializer.DataInitializer          : Default Admin User created: admin@cinex.com / admin123
2026-09-01 18:00:50.780  INFO [main] [traceId=NONE userId=NONE] c.b.initializer.DataInitializer          : Default Test User created: user@cinex.com / user123
2026-09-01 18:00:50.783  INFO [main] [traceId=NONE userId=NONE] c.b.initializer.DataInitializer          : Initializing sample data for BookMyShow...
2026-09-01 18:00:50.855  INFO [main] [traceId=NONE userId=NONE] c.b.initializer.DataInitializer          : Initialization completed successfully!
2026-09-01 18:00:51.065  WARN [main] [traceId=NONE userId=NONE] .s.s.UserDetailsServiceAutoConfiguration : 

Using generated security password: 36f57638-f945-4450-b8f2-bc4fa0153cfb

This generated password is for development use only. Your security configuration must be updated before running your application in production.

2026-09-01 18:00:51.071  INFO [main] [traceId=NONE userId=NONE] r$InitializeUserDetailsManagerConfigurer : Global AuthenticationManager configured with UserDetailsService bean with name inMemoryUserDetailsManager
2026-09-01 18:00:51.176  INFO [main] [traceId=NONE userId=NONE] o.s.b.a.w.s.WelcomePageHandlerMapping    : Adding welcome page: class path resource [static/index.html]
2026-09-01 18:00:51.670  INFO [main] [traceId=NONE userId=NONE] o.s.b.a.e.web.EndpointLinksResolver      : Exposing 6 endpoints beneath base path '/actuator'
2026-09-01 18:00:52.713  INFO [main] [traceId=NONE userId=NONE] o.s.m.s.b.SimpleBrokerMessageHandler     : Starting...
2026-09-01 18:00:52.714  INFO [main] [traceId=NONE userId=NONE] o.s.m.s.b.SimpleBrokerMessageHandler     : BrokerAvailabilityEvent[available=true, SimpleBrokerMessageHandler [org.springframework.messaging.simp.broker.DefaultSubscriptionRegistry@14d8046d]]
2026-09-01 18:00:52.714  INFO [main] [traceId=NONE userId=NONE] o.s.m.s.b.SimpleBrokerMessageHandler     : Started.
2026-09-01 18:00:52.728  INFO [main] [traceId=NONE userId=NONE] c.b.service.RazorpayPaymentServiceTest   : Started RazorpayPaymentServiceTest in 4.988 seconds (process running for 43.745)
2026-09-01 18:00:52.770  INFO [main] [traceId=NONE userId=NONE] com.bookmyshow.service.PaymentService    : Payment successfully verified for Booking 1 with Payment ID pay_test_987654
2026-09-01 18:00:52.782  INFO [main] [traceId=NONE userId=NONE] com.bookmyshow.service.PaymentService    : Payment successfully verified for Booking 1 with Payment ID pay_test_987654
2026-09-01 18:00:52.811  INFO [main] [traceId=NONE userId=NONE] com.bookmyshow.service.PaymentService    : Payment successfully verified for Booking 2 with Payment ID pay_test_987654
2026-09-01 18:00:52.843 ERROR [main] [traceId=NONE userId=NONE] com.bookmyshow.service.PaymentService    : HMAC SHA256 signature verification failed for Order order_test_123456 and Payment pay_test_987654
2026-09-01 18:00:52.894  INFO [main] [traceId=NONE userId=NONE] com.bookmyshow.service.PaymentService    : Cancelling payment/booking for ID 4
2026-09-01 18:00:53.159  INFO [main] [traceId=NONE userId=NONE] com.bookmyshow.service.SeatLockService   : User [user-A] (session: [session-1]) held seats [5] for show 101
2026-09-01 18:00:53.203  INFO [main] [traceId=NONE userId=NONE] com.bookmyshow.service.SeatLockService   : Broadcasting BOOKED status for seats [5] on show 101
2026-09-01 18:00:53.231  INFO [main] [traceId=NONE userId=NONE] com.bookmyshow.service.SeatLockService   : User [user-A] (session: [session-1]) held seats [1, 2] for show 101
2026-09-01 18:00:53.232  INFO [main] [traceId=NONE userId=NONE] com.bookmyshow.service.SeatLockService   : Released seats [1, 2] for show 101
2026-09-01 18:00:53.238  INFO [main] [traceId=NONE userId=NONE] com.bookmyshow.service.SeatLockService   : User [user-A] (session: [session-disconnect]) held seats [10, 11] for show 101
2026-09-01 18:00:53.239  INFO [main] [traceId=NONE userId=NONE] com.bookmyshow.service.SeatLockService   : Session [session-disconnect] disconnected. Cleaning up 2 held seats.
2026-09-01 18:00:53.247  INFO [main] [traceId=NONE userId=NONE] com.bookmyshow.service.SeatLockService   : User [user-A] (session: [session-1]) held seats [1, 2] for show 101
2026-09-01 18:00:53.247  WARN [main] [traceId=NONE userId=NONE] com.bookmyshow.service.SeatLockService   : Seat selection rejected: Seat 2 on show 101 is already held by user user-A
2026-09-01 18:00:53.253  INFO [main] [traceId=NONE userId=NONE] com.bookmyshow.service.SeatLockService   : User [user-A] (session: [session-1]) held seats [1, 2] for show 101
2026-09-01 18:00:53.262  INFO [main] [traceId=NONE userId=NONE] t.c.s.AnnotationConfigContextLoaderUtils : Could not detect default configuration classes for test class [com.bookmyshow.service.TicketServiceTest]: TicketServiceTest does not declare any static, non-private, non-final, nested classes annotated with @Configuration.
2026-09-01 18:00:53.266  INFO [main] [traceId=NONE userId=NONE] .b.t.c.SpringBootTestContextBootstrapper : Found @SpringBootConfiguration com.bookmyshow.BookmyshowApplication for test class com.bookmyshow.service.TicketServiceTest
2026-09-01 18:00:53.344  WARN [main] [traceId=NONE userId=NONE] com.bookmyshow.service.TicketService     : Verification failed: No booking found for token NON-EXISTENT-TOKEN-999
2026-09-01 18:00:53.368  WARN [main] [traceId=NONE userId=NONE] com.bookmyshow.service.TicketService     : Verification failed: Booking ID 13 is not in BOOKED state (current: FAILED)
2026-09-01 18:00:54.196  INFO [SpringApplicationShutdownHook] [traceId=NONE userId=NONE] o.s.m.s.b.SimpleBrokerMessageHandler     : Stopping...
2026-09-01 18:00:54.196  INFO [SpringApplicationShutdownHook] [traceId=NONE userId=NONE] o.s.m.s.b.SimpleBrokerMessageHandler     : BrokerAvailabilityEvent[available=false, SimpleBrokerMessageHandler [org.springframework.messaging.simp.broker.DefaultSubscriptionRegistry@1c1d14d6]]
2026-09-01 18:00:54.196  INFO [SpringApplicationShutdownHook] [traceId=NONE userId=NONE] o.s.m.s.b.SimpleBrokerMessageHandler     : Stopped.
2026-09-01 18:00:54.227  INFO [SpringApplicationShutdownHook] [traceId=NONE userId=NONE] j.LocalContainerEntityManagerFactoryBean : Closing JPA EntityManagerFactory for persistence unit 'default'
2026-09-01 18:00:54.237  INFO [SpringApplicationShutdownHook] [traceId=NONE userId=NONE] com.zaxxer.hikari.HikariDataSource       : HikariPool-1 - Shutdown initiated...
2026-09-01 18:00:54.240  INFO [SpringApplicationShutdownHook] [traceId=NONE userId=NONE] com.zaxxer.hikari.HikariDataSource       : HikariPool-1 - Shutdown completed.
2026-09-01 18:00:54.244  INFO [SpringApplicationShutdownHook] [traceId=NONE userId=NONE] o.s.m.s.b.SimpleBrokerMessageHandler     : Stopping...
2026-09-01 18:00:54.244  INFO [SpringApplicationShutdownHook] [traceId=NONE userId=NONE] o.s.m.s.b.SimpleBrokerMessageHandler     : BrokerAvailabilityEvent[available=false, SimpleBrokerMessageHandler [org.springframework.messaging.simp.broker.DefaultSubscriptionRegistry@4f760fd8]]
2026-09-01 18:00:54.244  INFO [SpringApplicationShutdownHook] [traceId=NONE userId=NONE] o.s.m.s.b.SimpleBrokerMessageHandler     : Stopped.
2026-09-01 18:00:54.259  INFO [SpringApplicationShutdownHook] [traceId=NONE userId=NONE] j.LocalContainerEntityManagerFactoryBean : Closing JPA EntityManagerFactory for persistence unit 'default'
2026-09-01 18:00:54.261  INFO [SpringApplicationShutdownHook] [traceId=NONE userId=NONE] com.zaxxer.hikari.HikariDataSource       : HikariPool-2 - Shutdown initiated...
2026-09-01 18:00:54.262  INFO [SpringApplicationShutdownHook] [traceId=NONE userId=NONE] com.zaxxer.hikari.HikariDataSource       : HikariPool-2 - Shutdown completed.
2026-09-01 18:00:54.265  INFO [SpringApplicationShutdownHook] [traceId=NONE userId=NONE] o.s.m.s.b.SimpleBrokerMessageHandler     : Stopping...
2026-09-01 18:00:54.265  INFO [SpringApplicationShutdownHook] [traceId=NONE userId=NONE] o.s.m.s.b.SimpleBrokerMessageHandler     : BrokerAvailabilityEvent[available=false, SimpleBrokerMessageHandler [org.springframework.messaging.simp.broker.DefaultSubscriptionRegistry@2ecf57c9]]
2026-09-01 18:00:54.265  INFO [SpringApplicationShutdownHook] [traceId=NONE userId=NONE] o.s.m.s.b.SimpleBrokerMessageHandler     : Stopped.
2026-09-01 18:00:54.276  INFO [SpringApplicationShutdownHook] [traceId=NONE userId=NONE] j.LocalContainerEntityManagerFactoryBean : Closing JPA EntityManagerFactory for persistence unit 'default'
2026-09-01 18:00:54.278  INFO [SpringApplicationShutdownHook] [traceId=NONE userId=NONE] com.zaxxer.hikari.HikariDataSource       : HikariPool-3 - Shutdown initiated...
2026-09-01 18:00:54.279  INFO [SpringApplicationShutdownHook] [traceId=NONE userId=NONE] com.zaxxer.hikari.HikariDataSource       : HikariPool-3 - Shutdown completed.
2026-09-01 18:00:54.283  INFO [SpringApplicationShutdownHook] [traceId=NONE userId=NONE] o.s.m.s.b.SimpleBrokerMessageHandler     : Stopping...
2026-09-01 18:00:54.283  INFO [SpringApplicationShutdownHook] [traceId=NONE userId=NONE] o.s.m.s.b.SimpleBrokerMessageHandler     : BrokerAvailabilityEvent[available=false, SimpleBrokerMessageHandler [org.springframework.messaging.simp.broker.DefaultSubscriptionRegistry@14d8046d]]
2026-09-01 18:00:54.283  INFO [SpringApplicationShutdownHook] [traceId=NONE userId=NONE] o.s.m.s.b.SimpleBrokerMessageHandler     : Stopped.
2026-09-01 18:00:54.297  INFO [SpringApplicationShutdownHook] [traceId=NONE userId=NONE] j.LocalContainerEntityManagerFactoryBean : Closing JPA EntityManagerFactory for persistence unit 'default'
2026-09-01 18:00:54.299  INFO [SpringApplicationShutdownHook] [traceId=NONE userId=NONE] com.zaxxer.hikari.HikariDataSource       : HikariPool-4 - Shutdown initiated...
2026-09-01 18:00:54.301  INFO [SpringApplicationShutdownHook] [traceId=NONE userId=NONE] com.zaxxer.hikari.HikariDataSource       : HikariPool-4 - Shutdown completed.
2026-09-01 18:02:02.267  WARN [main] [traceId=NONE userId=NONE] ory$DuplicateJsonObjectContextCustomizer : 

Found multiple occurrences of org.json.JSONObject on the class path:

	jar:file:/C:/Users/Hamdaan/.m2/repository/com/vaadin/external/google/android-json/0.0.20131108.vaadin1/android-json-0.0.20131108.vaadin1.jar!/org/json/JSONObject.class
	jar:file:/C:/Users/Hamdaan/.m2/repository/org/json/json/20231013/json-20231013.jar!/org/json/JSONObject.class

You may wish to exclude one of them to ensure predictable runtime behavior

2026-09-01 18:02:02.314  INFO [main] [traceId=NONE userId=NONE] c.b.c.SeatWebSocketControllerTest        : Starting SeatWebSocketControllerTest using Java 22.0.1 with PID 19044 (started by Hamdaan in C:\Users\Hamdaan\Downloads\bookmyshow\bookmyshow)
2026-09-01 18:02:02.316  INFO [main] [traceId=NONE userId=NONE] c.b.c.SeatWebSocketControllerTest        : No active profile set, falling back to 1 default profile: "default"
2026-09-01 18:02:05.158  INFO [main] [traceId=NONE userId=NONE] .s.d.r.c.RepositoryConfigurationDelegate : Multiple Spring Data modules found, entering strict repository configuration mode
2026-09-01 18:02:05.162  INFO [main] [traceId=NONE userId=NONE] .s.d.r.c.RepositoryConfigurationDelegate : Bootstrapping Spring Data JPA repositories in DEFAULT mode.
2026-09-01 18:02:05.589  INFO [main] [traceId=NONE userId=NONE] .s.d.r.c.RepositoryConfigurationDelegate : Finished Spring Data repository scanning in 369 ms. Found 9 JPA repository interfaces.
2026-09-01 18:02:05.626  INFO [main] [traceId=NONE userId=NONE] .s.d.r.c.RepositoryConfigurationDelegate : Multiple Spring Data modules found, entering strict repository configuration mode
2026-09-01 18:02:05.628  INFO [main] [traceId=NONE userId=NONE] .s.d.r.c.RepositoryConfigurationDelegate : Bootstrapping Spring Data Redis repositories in DEFAULT mode.
2026-09-01 18:02:05.666  INFO [main] [traceId=NONE userId=NONE] .RepositoryConfigurationExtensionSupport : Spring Data Redis - Could not safely identify store assignment for repository candidate interface com.bookmyshow.repository.BookingRepository; If you want this repository to be a Redis repository, consider annotating your entities with one of these annotations: org.springframework.data.redis.core.RedisHash (preferred), or consider extending one of the following types with your repository: org.springframework.data.keyvalue.repository.KeyValueRepository
2026-09-01 18:02:05.667  INFO [main] [traceId=NONE userId=NONE] .RepositoryConfigurationExtensionSupport : Spring Data Redis - Could not safely identify store assignment for repository candidate interface com.bookmyshow.repository.BookingSeatRepository; If you want this repository to be a Redis repository, consider annotating your entities with one of these annotations: org.springframework.data.redis.core.RedisHash (preferred), or consider extending one of the following types with your repository: org.springframework.data.keyvalue.repository.KeyValueRepository
2026-09-01 18:02:05.668  INFO [main] [traceId=NONE userId=NONE] .RepositoryConfigurationExtensionSupport : Spring Data Redis - Could not safely identify store assignment for repository candidate interface com.bookmyshow.repository.MovieRepository; If you want this repository to be a Redis repository, consider annotating your entities with one of these annotations: org.springframework.data.redis.core.RedisHash (preferred), or consider extending one of the following types with your repository: org.springframework.data.keyvalue.repository.KeyValueRepository
2026-09-01 18:02:05.669  INFO [main] [traceId=NONE userId=NONE] .RepositoryConfigurationExtensionSupport : Spring Data Redis - Could not safely identify store assignment for repository candidate interface com.bookmyshow.repository.PaymentRepository; If you want this repository to be a Redis repository, consider annotating your entities with one of these annotations: org.springframework.data.redis.core.RedisHash (preferred), or consider extending one of the following types with your repository: org.springframework.data.keyvalue.repository.KeyValueRepository
2026-09-01 18:02:05.669  INFO [main] [traceId=NONE userId=NONE] .RepositoryConfigurationExtensionSupport : Spring Data Redis - Could not safely identify store assignment for repository candidate interface com.bookmyshow.repository.ScreenRepository; If you want this repository to be a Redis repository, consider annotating your entities with one of these annotations: org.springframework.data.redis.core.RedisHash (preferred), or consider extending one of the following types with your repository: org.springframework.data.keyvalue.repository.KeyValueRepository
2026-09-01 18:02:05.670  INFO [main] [traceId=NONE userId=NONE] .RepositoryConfigurationExtensionSupport : Spring Data Redis - Could not safely identify store assignment for repository candidate interface com.bookmyshow.repository.SeatRepository; If you want this repository to be a Redis repository, consider annotating your entities with one of these annotations: org.springframework.data.redis.core.RedisHash (preferred), or consider extending one of the following types with your repository: org.springframework.data.keyvalue.repository.KeyValueRepository
2026-09-01 18:02:05.671  INFO [main] [traceId=NONE userId=NONE] .RepositoryConfigurationExtensionSupport : Spring Data Redis - Could not safely identify store assignment for repository candidate interface com.bookmyshow.repository.ShowRepository; If you want this repository to be a Redis repository, consider annotating your entities with one of these annotations: org.springframework.data.redis.core.RedisHash (preferred), or consider extending one of the following types with your repository: org.springframework.data.keyvalue.repository.KeyValueRepository
2026-09-01 18:02:05.671  INFO [main] [traceId=NONE userId=NONE] .RepositoryConfigurationExtensionSupport : Spring Data Redis - Could not safely identify store assignment for repository candidate interface com.bookmyshow.repository.TheatreRepository; If you want this repository to be a Redis repository, consider annotating your entities with one of these annotations: org.springframework.data.redis.core.RedisHash (preferred), or consider extending one of the following types with your repository: org.springframework.data.keyvalue.repository.KeyValueRepository
2026-09-01 18:02:05.672  INFO [main] [traceId=NONE userId=NONE] .RepositoryConfigurationExtensionSupport : Spring Data Redis - Could not safely identify store assignment for repository candidate interface com.bookmyshow.repository.UserRepository; If you want this repository to be a Redis repository, consider annotating your entities with one of these annotations: org.springframework.data.redis.core.RedisHash (preferred), or consider extending one of the following types with your repository: org.springframework.data.keyvalue.repository.KeyValueRepository
2026-09-01 18:02:05.673  INFO [main] [traceId=NONE userId=NONE] .s.d.r.c.RepositoryConfigurationDelegate : Finished Spring Data repository scanning in 26 ms. Found 0 Redis repository interfaces.
2026-09-01 18:02:07.714  INFO [main] [traceId=NONE userId=NONE] o.hibernate.jpa.internal.util.LogHelper  : HHH000204: Processing PersistenceUnitInfo [name: default]
2026-09-01 18:02:07.837  INFO [main] [traceId=NONE userId=NONE] org.hibernate.Version                    : HHH000412: Hibernate ORM core version 6.6.13.Final
2026-09-01 18:02:07.980  INFO [main] [traceId=NONE userId=NONE] o.h.c.internal.RegionFactoryInitiator    : HHH000026: Second-level cache disabled
2026-09-01 18:02:08.740  INFO [main] [traceId=NONE userId=NONE] o.s.o.j.p.SpringPersistenceUnitInfo      : No LoadTimeWeaver setup: ignoring JPA class transformer
2026-09-01 18:02:08.791  INFO [main] [traceId=NONE userId=NONE] com.zaxxer.hikari.HikariDataSource       : HikariPool-1 - Starting...
2026-09-01 18:02:09.031  INFO [main] [traceId=NONE userId=NONE] com.zaxxer.hikari.pool.HikariPool        : HikariPool-1 - Added connection conn0: url=jdbc:h2:mem:bookmyshow-test user=SA
2026-09-01 18:02:09.034  INFO [main] [traceId=NONE userId=NONE] com.zaxxer.hikari.HikariDataSource       : HikariPool-1 - Start completed.
2026-09-01 18:02:09.093  INFO [main] [traceId=NONE userId=NONE] org.hibernate.orm.connections.pooling    : HHH10001005: Database info:
	Database JDBC URL [Connecting through datasource 'HikariDataSource (HikariPool-1)']
	Database driver: undefined/unknown
	Database version: 2.3.232
	Autocommit mode: undefined/unknown
	Isolation level: undefined/unknown
	Minimum pool size: undefined/unknown
	Maximum pool size: undefined/unknown
2026-09-01 18:02:10.984  INFO [main] [traceId=NONE userId=NONE] o.h.e.t.j.p.i.JtaPlatformInitiator       : HHH000489: No JTA platform available (set 'hibernate.transaction.jta.platform' to enable JTA platform integration)
2026-09-01 18:02:11.093  INFO [main] [traceId=NONE userId=NONE] j.LocalContainerEntityManagerFactoryBean : Initialized JPA EntityManagerFactory for persistence unit 'default'
2026-09-01 18:02:12.475  INFO [main] [traceId=NONE userId=NONE] o.s.d.j.r.query.QueryEnhancerFactory     : Hibernate is in classpath; If applicable, HQL parser will be used.
2026-09-01 18:02:15.603  WARN [main] [traceId=NONE userId=NONE] com.bookmyshow.config.CacheConfig        : Redis server unreachable (Unable to connect to Redis). Falling back to embedded ConcurrentMapCacheManager.
2026-09-01 18:02:16.674  INFO [main] [traceId=NONE userId=NONE] c.b.initializer.DataInitializer          : Default Admin User created: admin@cinex.com / admin123
2026-09-01 18:02:16.801  INFO [main] [traceId=NONE userId=NONE] c.b.initializer.DataInitializer          : Default Test User created: user@cinex.com / user123
2026-09-01 18:02:16.836  INFO [main] [traceId=NONE userId=NONE] c.b.initializer.DataInitializer          : Initializing sample data for BookMyShow...
2026-09-01 18:02:17.278  INFO [main] [traceId=NONE userId=NONE] c.b.initializer.DataInitializer          : Initialization completed successfully!
2026-09-01 18:02:17.641  WARN [main] [traceId=NONE userId=NONE] .s.s.UserDetailsServiceAutoConfiguration : 

Using generated security password: f1906fd4-4944-436e-8743-21b909cc04ce

This generated password is for development use only. Your security configuration must be updated before running your application in production.

2026-09-01 18:02:17.663  INFO [main] [traceId=NONE userId=NONE] r$InitializeUserDetailsManagerConfigurer : Global AuthenticationManager configured with UserDetailsService bean with name inMemoryUserDetailsManager
2026-09-01 18:02:17.986  INFO [main] [traceId=NONE userId=NONE] o.s.b.a.w.s.WelcomePageHandlerMapping    : Adding welcome page: class path resource [static/index.html]
2026-09-01 18:02:18.598  INFO [main] [traceId=NONE userId=NONE] o.s.b.a.e.web.EndpointLinksResolver      : Exposing 6 endpoints beneath base path '/actuator'
2026-09-01 18:02:20.047  INFO [main] [traceId=NONE userId=NONE] o.s.b.t.m.w.SpringBootMockServletContext : Initializing Spring TestDispatcherServlet ''
2026-09-01 18:02:20.048  INFO [main] [traceId=NONE userId=NONE] o.s.t.web.servlet.TestDispatcherServlet  : Initializing Servlet ''
2026-09-01 18:02:20.051  INFO [main] [traceId=NONE userId=NONE] o.s.t.web.servlet.TestDispatcherServlet  : Completed initialization in 3 ms
2026-09-01 18:02:20.169  INFO [main] [traceId=NONE userId=NONE] o.s.m.s.b.SimpleBrokerMessageHandler     : Starting...
2026-09-01 18:02:20.171  INFO [main] [traceId=NONE userId=NONE] o.s.m.s.b.SimpleBrokerMessageHandler     : BrokerAvailabilityEvent[available=true, SimpleBrokerMessageHandler [org.springframework.messaging.simp.broker.DefaultSubscriptionRegistry@3d9033b]]
2026-09-01 18:02:20.173  INFO [main] [traceId=NONE userId=NONE] o.s.m.s.b.SimpleBrokerMessageHandler     : Started.
2026-09-01 18:02:20.198  INFO [main] [traceId=NONE userId=NONE] c.b.c.SeatWebSocketControllerTest        : Started SeatWebSocketControllerTest in 18.833 seconds (process running for 20.781)
2026-09-01 18:02:21.302  WARN [main] [traceId=8290ca45a92a4d25 userId=ANONYMOUS] c.b.filter.ClerkJwtAuthenticationFilter  : Missing or invalid Authorization header on protected endpoint: /api/shows/501/seats/lock
2026-09-01 18:02:21.525  INFO [main] [traceId=8290ca45a92a4d25 userId=ANONYMOUS] com.bookmyshow.service.SeatLockService   : User [clerk-test-user] (session: [REST_CLIENT]) held seats [99, 100] for show 501
2026-09-01 18:02:21.581  WARN [main] [traceId=00cbf3eb00754040 userId=ANONYMOUS] c.b.filter.ClerkJwtAuthenticationFilter  : Missing or invalid Authorization header on protected endpoint: /api/shows/501/seats/lock
2026-09-01 18:02:21.588  WARN [main] [traceId=00cbf3eb00754040 userId=ANONYMOUS] com.bookmyshow.service.SeatLockService   : Seat selection rejected: Seat 100 on show 501 is already held by user clerk-test-user
2026-09-01 18:02:21.691  WARN [main] [traceId=2ba02e350cf94d4b userId=ANONYMOUS] c.b.filter.ClerkJwtAuthenticationFilter  : Missing or invalid Authorization header on protected endpoint: /api/shows/501/seats/lock
2026-09-01 18:02:21.696  INFO [main] [traceId=2ba02e350cf94d4b userId=ANONYMOUS] com.bookmyshow.service.SeatLockService   : Released seats [99, 100] for show 501
2026-09-01 18:02:21.823  INFO [SpringApplicationShutdownHook] [traceId=NONE userId=NONE] o.s.m.s.b.SimpleBrokerMessageHandler     : Stopping...
2026-09-01 18:02:21.824  INFO [SpringApplicationShutdownHook] [traceId=NONE userId=NONE] o.s.m.s.b.SimpleBrokerMessageHandler     : BrokerAvailabilityEvent[available=false, SimpleBrokerMessageHandler [org.springframework.messaging.simp.broker.DefaultSubscriptionRegistry@3d9033b]]
2026-09-01 18:02:21.824  INFO [SpringApplicationShutdownHook] [traceId=NONE userId=NONE] o.s.m.s.b.SimpleBrokerMessageHandler     : Stopped.
2026-09-01 18:02:21.868  INFO [SpringApplicationShutdownHook] [traceId=NONE userId=NONE] j.LocalContainerEntityManagerFactoryBean : Closing JPA EntityManagerFactory for persistence unit 'default'
2026-09-01 18:02:21.886  INFO [SpringApplicationShutdownHook] [traceId=NONE userId=NONE] com.zaxxer.hikari.HikariDataSource       : HikariPool-1 - Shutdown initiated...
2026-09-01 18:02:21.890  INFO [SpringApplicationShutdownHook] [traceId=NONE userId=NONE] com.zaxxer.hikari.HikariDataSource       : HikariPool-1 - Shutdown completed.
2026-09-01 18:02:38.279  WARN [main] [traceId=NONE userId=NONE] ory$DuplicateJsonObjectContextCustomizer : 

Found multiple occurrences of org.json.JSONObject on the class path:

	jar:file:/C:/Users/Hamdaan/.m2/repository/com/vaadin/external/google/android-json/0.0.20131108.vaadin1/android-json-0.0.20131108.vaadin1.jar!/org/json/JSONObject.class
	jar:file:/C:/Users/Hamdaan/.m2/repository/org/json/json/20231013/json-20231013.jar!/org/json/JSONObject.class

You may wish to exclude one of them to ensure predictable runtime behavior

2026-09-01 18:02:38.322  INFO [main] [traceId=NONE userId=NONE] c.bookmyshow.BookmyshowApplicationTests  : Starting BookmyshowApplicationTests using Java 22.0.1 with PID 8044 (started by Hamdaan in C:\Users\Hamdaan\Downloads\bookmyshow\bookmyshow)
2026-09-01 18:02:38.324  INFO [main] [traceId=NONE userId=NONE] c.bookmyshow.BookmyshowApplicationTests  : No active profile set, falling back to 1 default profile: "default"
2026-09-01 18:02:41.074  INFO [main] [traceId=NONE userId=NONE] .s.d.r.c.RepositoryConfigurationDelegate : Multiple Spring Data modules found, entering strict repository configuration mode
2026-09-01 18:02:41.078  INFO [main] [traceId=NONE userId=NONE] .s.d.r.c.RepositoryConfigurationDelegate : Bootstrapping Spring Data JPA repositories in DEFAULT mode.
2026-09-01 18:02:41.429  INFO [main] [traceId=NONE userId=NONE] .s.d.r.c.RepositoryConfigurationDelegate : Finished Spring Data repository scanning in 326 ms. Found 9 JPA repository interfaces.
2026-09-01 18:02:41.468  INFO [main] [traceId=NONE userId=NONE] .s.d.r.c.RepositoryConfigurationDelegate : Multiple Spring Data modules found, entering strict repository configuration mode
2026-09-01 18:02:41.472  INFO [main] [traceId=NONE userId=NONE] .s.d.r.c.RepositoryConfigurationDelegate : Bootstrapping Spring Data Redis repositories in DEFAULT mode.
2026-09-01 18:02:41.506  INFO [main] [traceId=NONE userId=NONE] .RepositoryConfigurationExtensionSupport : Spring Data Redis - Could not safely identify store assignment for repository candidate interface com.bookmyshow.repository.BookingRepository; If you want this repository to be a Redis repository, consider annotating your entities with one of these annotations: org.springframework.data.redis.core.RedisHash (preferred), or consider extending one of the following types with your repository: org.springframework.data.keyvalue.repository.KeyValueRepository
2026-09-01 18:02:41.507  INFO [main] [traceId=NONE userId=NONE] .RepositoryConfigurationExtensionSupport : Spring Data Redis - Could not safely identify store assignment for repository candidate interface com.bookmyshow.repository.BookingSeatRepository; If you want this repository to be a Redis repository, consider annotating your entities with one of these annotations: org.springframework.data.redis.core.RedisHash (preferred), or consider extending one of the following types with your repository: org.springframework.data.keyvalue.repository.KeyValueRepository
2026-09-01 18:02:41.507  INFO [main] [traceId=NONE userId=NONE] .RepositoryConfigurationExtensionSupport : Spring Data Redis - Could not safely identify store assignment for repository candidate interface com.bookmyshow.repository.MovieRepository; If you want this repository to be a Redis repository, consider annotating your entities with one of these annotations: org.springframework.data.redis.core.RedisHash (preferred), or consider extending one of the following types with your repository: org.springframework.data.keyvalue.repository.KeyValueRepository
2026-09-01 18:02:41.508  INFO [main] [traceId=NONE userId=NONE] .RepositoryConfigurationExtensionSupport : Spring Data Redis - Could not safely identify store assignment for repository candidate interface com.bookmyshow.repository.PaymentRepository; If you want this repository to be a Redis repository, consider annotating your entities with one of these annotations: org.springframework.data.redis.core.RedisHash (preferred), or consider extending one of the following types with your repository: org.springframework.data.keyvalue.repository.KeyValueRepository
2026-09-01 18:02:41.509  INFO [main] [traceId=NONE userId=NONE] .RepositoryConfigurationExtensionSupport : Spring Data Redis - Could not safely identify store assignment for repository candidate interface com.bookmyshow.repository.ScreenRepository; If you want this repository to be a Redis repository, consider annotating your entities with one of these annotations: org.springframework.data.redis.core.RedisHash (preferred), or consider extending one of the following types with your repository: org.springframework.data.keyvalue.repository.KeyValueRepository
2026-09-01 18:02:41.510  INFO [main] [traceId=NONE userId=NONE] .RepositoryConfigurationExtensionSupport : Spring Data Redis - Could not safely identify store assignment for repository candidate interface com.bookmyshow.repository.SeatRepository; If you want this repository to be a Redis repository, consider annotating your entities with one of these annotations: org.springframework.data.redis.core.RedisHash (preferred), or consider extending one of the following types with your repository: org.springframework.data.keyvalue.repository.KeyValueRepository
2026-09-01 18:02:41.511  INFO [main] [traceId=NONE userId=NONE] .RepositoryConfigurationExtensionSupport : Spring Data Redis - Could not safely identify store assignment for repository candidate interface com.bookmyshow.repository.ShowRepository; If you want this repository to be a Redis repository, consider annotating your entities with one of these annotations: org.springframework.data.redis.core.RedisHash (preferred), or consider extending one of the following types with your repository: org.springframework.data.keyvalue.repository.KeyValueRepository
2026-09-01 18:02:41.512  INFO [main] [traceId=NONE userId=NONE] .RepositoryConfigurationExtensionSupport : Spring Data Redis - Could not safely identify store assignment for repository candidate interface com.bookmyshow.repository.TheatreRepository; If you want this repository to be a Redis repository, consider annotating your entities with one of these annotations: org.springframework.data.redis.core.RedisHash (preferred), or consider extending one of the following types with your repository: org.springframework.data.keyvalue.repository.KeyValueRepository
2026-09-01 18:02:41.513  INFO [main] [traceId=NONE userId=NONE] .RepositoryConfigurationExtensionSupport : Spring Data Redis - Could not safely identify store assignment for repository candidate interface com.bookmyshow.repository.UserRepository; If you want this repository to be a Redis repository, consider annotating your entities with one of these annotations: org.springframework.data.redis.core.RedisHash (preferred), or consider extending one of the following types with your repository: org.springframework.data.keyvalue.repository.KeyValueRepository
2026-09-01 18:02:41.513  INFO [main] [traceId=NONE userId=NONE] .s.d.r.c.RepositoryConfigurationDelegate : Finished Spring Data repository scanning in 24 ms. Found 0 Redis repository interfaces.
2026-09-01 18:02:43.542  INFO [main] [traceId=NONE userId=NONE] o.hibernate.jpa.internal.util.LogHelper  : HHH000204: Processing PersistenceUnitInfo [name: default]
2026-09-01 18:02:43.670  INFO [main] [traceId=NONE userId=NONE] org.hibernate.Version                    : HHH000412: Hibernate ORM core version 6.6.13.Final
2026-09-01 18:02:43.742  INFO [main] [traceId=NONE userId=NONE] o.h.c.internal.RegionFactoryInitiator    : HHH000026: Second-level cache disabled
2026-09-01 18:02:44.326  INFO [main] [traceId=NONE userId=NONE] o.s.o.j.p.SpringPersistenceUnitInfo      : No LoadTimeWeaver setup: ignoring JPA class transformer
2026-09-01 18:02:44.383  INFO [main] [traceId=NONE userId=NONE] com.zaxxer.hikari.HikariDataSource       : HikariPool-1 - Starting...
2026-09-01 18:02:44.637  INFO [main] [traceId=NONE userId=NONE] com.zaxxer.hikari.pool.HikariPool        : HikariPool-1 - Added connection conn0: url=jdbc:h2:mem:bookmyshow-test user=SA
2026-09-01 18:02:44.640  INFO [main] [traceId=NONE userId=NONE] com.zaxxer.hikari.HikariDataSource       : HikariPool-1 - Start completed.
2026-09-01 18:02:44.707  INFO [main] [traceId=NONE userId=NONE] org.hibernate.orm.connections.pooling    : HHH10001005: Database info:
	Database JDBC URL [Connecting through datasource 'HikariDataSource (HikariPool-1)']
	Database driver: undefined/unknown
	Database version: 2.3.232
	Autocommit mode: undefined/unknown
	Isolation level: undefined/unknown
	Minimum pool size: undefined/unknown
	Maximum pool size: undefined/unknown
2026-09-01 18:02:46.217  INFO [main] [traceId=NONE userId=NONE] o.h.e.t.j.p.i.JtaPlatformInitiator       : HHH000489: No JTA platform available (set 'hibernate.transaction.jta.platform' to enable JTA platform integration)
2026-09-01 18:02:46.327  INFO [main] [traceId=NONE userId=NONE] j.LocalContainerEntityManagerFactoryBean : Initialized JPA EntityManagerFactory for persistence unit 'default'
2026-09-01 18:02:47.648  INFO [main] [traceId=NONE userId=NONE] o.s.d.j.r.query.QueryEnhancerFactory     : Hibernate is in classpath; If applicable, HQL parser will be used.
2026-09-01 18:02:51.935  WARN [main] [traceId=NONE userId=NONE] com.bookmyshow.config.CacheConfig        : Redis server unreachable (Unable to connect to Redis). Falling back to embedded ConcurrentMapCacheManager.
2026-09-01 18:02:53.783  INFO [main] [traceId=NONE userId=NONE] c.b.initializer.DataInitializer          : Default Admin User created: admin@cinex.com / admin123
2026-09-01 18:02:53.902  INFO [main] [traceId=NONE userId=NONE] c.b.initializer.DataInitializer          : Default Test User created: user@cinex.com / user123
2026-09-01 18:02:53.932  INFO [main] [traceId=NONE userId=NONE] c.b.initializer.DataInitializer          : Initializing sample data for BookMyShow...
2026-09-01 18:02:54.111  INFO [main] [traceId=NONE userId=NONE] c.b.initializer.DataInitializer          : Initialization completed successfully!
2026-09-01 18:02:54.794  WARN [main] [traceId=NONE userId=NONE] .s.s.UserDetailsServiceAutoConfiguration : 

Using generated security password: a2c4f2a1-9aab-4b12-864b-ae6d719d7be2

This generated password is for development use only. Your security configuration must be updated before running your application in production.

2026-09-01 18:02:54.825  INFO [main] [traceId=NONE userId=NONE] r$InitializeUserDetailsManagerConfigurer : Global AuthenticationManager configured with UserDetailsService bean with name inMemoryUserDetailsManager
2026-09-01 18:02:55.236  INFO [main] [traceId=NONE userId=NONE] o.s.b.a.w.s.WelcomePageHandlerMapping    : Adding welcome page: class path resource [static/index.html]
2026-09-01 18:02:56.236  INFO [main] [traceId=NONE userId=NONE] o.s.b.a.e.web.EndpointLinksResolver      : Exposing 6 endpoints beneath base path '/actuator'
2026-09-01 18:02:58.345  INFO [main] [traceId=NONE userId=NONE] o.s.m.s.b.SimpleBrokerMessageHandler     : Starting...
2026-09-01 18:02:58.346  INFO [main] [traceId=NONE userId=NONE] o.s.m.s.b.SimpleBrokerMessageHandler     : BrokerAvailabilityEvent[available=true, SimpleBrokerMessageHandler [org.springframework.messaging.simp.broker.DefaultSubscriptionRegistry@1e709a4e]]
2026-09-01 18:02:58.348  INFO [main] [traceId=NONE userId=NONE] o.s.m.s.b.SimpleBrokerMessageHandler     : Started.
2026-09-01 18:02:58.376  INFO [main] [traceId=NONE userId=NONE] c.bookmyshow.BookmyshowApplicationTests  : Started BookmyshowApplicationTests in 20.905 seconds (process running for 22.634)
2026-09-01 18:02:59.431  INFO [main] [traceId=NONE userId=NONE] t.c.s.AnnotationConfigContextLoaderUtils : Could not detect default configuration classes for test class [com.bookmyshow.config.OpenApiDocumentationTest]: OpenApiDocumentationTest does not declare any static, non-private, non-final, nested classes annotated with @Configuration.
2026-09-01 18:02:59.572  INFO [main] [traceId=NONE userId=NONE] .b.t.c.SpringBootTestContextBootstrapper : Found @SpringBootConfiguration com.bookmyshow.BookmyshowApplication for test class com.bookmyshow.config.OpenApiDocumentationTest
2026-09-01 18:02:59.654  WARN [main] [traceId=NONE userId=NONE] ory$DuplicateJsonObjectContextCustomizer : 

Found multiple occurrences of org.json.JSONObject on the class path:

	jar:file:/C:/Users/Hamdaan/.m2/repository/com/vaadin/external/google/android-json/0.0.20131108.vaadin1/android-json-0.0.20131108.vaadin1.jar!/org/json/JSONObject.class
	jar:file:/C:/Users/Hamdaan/.m2/repository/org/json/json/20231013/json-20231013.jar!/org/json/JSONObject.class

You may wish to exclude one of them to ensure predictable runtime behavior

2026-09-01 18:02:59.658  INFO [main] [traceId=NONE userId=NONE] c.b.config.OpenApiDocumentationTest      : Starting OpenApiDocumentationTest using Java 22.0.1 with PID 8044 (started by Hamdaan in C:\Users\Hamdaan\Downloads\bookmyshow\bookmyshow)
2026-09-01 18:02:59.658  INFO [main] [traceId=NONE userId=NONE] c.b.config.OpenApiDocumentationTest      : No active profile set, falling back to 1 default profile: "default"
2026-09-01 18:03:01.320  INFO [main] [traceId=NONE userId=NONE] .s.d.r.c.RepositoryConfigurationDelegate : Multiple Spring Data modules found, entering strict repository configuration mode
2026-09-01 18:03:01.321  INFO [main] [traceId=NONE userId=NONE] .s.d.r.c.RepositoryConfigurationDelegate : Bootstrapping Spring Data JPA repositories in DEFAULT mode.
2026-09-01 18:03:01.383  INFO [main] [traceId=NONE userId=NONE] .s.d.r.c.RepositoryConfigurationDelegate : Finished Spring Data repository scanning in 59 ms. Found 9 JPA repository interfaces.
2026-09-01 18:03:01.387  INFO [main] [traceId=NONE userId=NONE] .s.d.r.c.RepositoryConfigurationDelegate : Multiple Spring Data modules found, entering strict repository configuration mode
2026-09-01 18:03:01.387  INFO [main] [traceId=NONE userId=NONE] .s.d.r.c.RepositoryConfigurationDelegate : Bootstrapping Spring Data Redis repositories in DEFAULT mode.
2026-09-01 18:03:01.401  INFO [main] [traceId=NONE userId=NONE] .RepositoryConfigurationExtensionSupport : Spring Data Redis - Could not safely identify store assignment for repository candidate interface com.bookmyshow.repository.BookingRepository; If you want this repository to be a Redis repository, consider annotating your entities with one of these annotations: org.springframework.data.redis.core.RedisHash (preferred), or consider extending one of the following types with your repository: org.springframework.data.keyvalue.repository.KeyValueRepository
2026-09-01 18:03:01.401  INFO [main] [traceId=NONE userId=NONE] .RepositoryConfigurationExtensionSupport : Spring Data Redis - Could not safely identify store assignment for repository candidate interface com.bookmyshow.repository.BookingSeatRepository; If you want this repository to be a Redis repository, consider annotating your entities with one of these annotations: org.springframework.data.redis.core.RedisHash (preferred), or consider extending one of the following types with your repository: org.springframework.data.keyvalue.repository.KeyValueRepository
2026-09-01 18:03:01.402  INFO [main] [traceId=NONE userId=NONE] .RepositoryConfigurationExtensionSupport : Spring Data Redis - Could not safely identify store assignment for repository candidate interface com.bookmyshow.repository.MovieRepository; If you want this repository to be a Redis repository, consider annotating your entities with one of these annotations: org.springframework.data.redis.core.RedisHash (preferred), or consider extending one of the following types with your repository: org.springframework.data.keyvalue.repository.KeyValueRepository
2026-09-01 18:03:01.402  INFO [main] [traceId=NONE userId=NONE] .RepositoryConfigurationExtensionSupport : Spring Data Redis - Could not safely identify store assignment for repository candidate interface com.bookmyshow.repository.PaymentRepository; If you want this repository to be a Redis repository, consider annotating your entities with one of these annotations: org.springframework.data.redis.core.RedisHash (preferred), or consider extending one of the following types with your repository: org.springframework.data.keyvalue.repository.KeyValueRepository
2026-09-01 18:03:01.402  INFO [main] [traceId=NONE userId=NONE] .RepositoryConfigurationExtensionSupport : Spring Data Redis - Could not safely identify store assignment for repository candidate interface com.bookmyshow.repository.ScreenRepository; If you want this repository to be a Redis repository, consider annotating your entities with one of these annotations: org.springframework.data.redis.core.RedisHash (preferred), or consider extending one of the following types with your repository: org.springframework.data.keyvalue.repository.KeyValueRepository
2026-09-01 18:03:01.403  INFO [main] [traceId=NONE userId=NONE] .RepositoryConfigurationExtensionSupport : Spring Data Redis - Could not safely identify store assignment for repository candidate interface com.bookmyshow.repository.SeatRepository; If you want this repository to be a Redis repository, consider annotating your entities with one of these annotations: org.springframework.data.redis.core.RedisHash (preferred), or consider extending one of the following types with your repository: org.springframework.data.keyvalue.repository.KeyValueRepository
2026-09-01 18:03:01.403  INFO [main] [traceId=NONE userId=NONE] .RepositoryConfigurationExtensionSupport : Spring Data Redis - Could not safely identify store assignment for repository candidate interface com.bookmyshow.repository.ShowRepository; If you want this repository to be a Redis repository, consider annotating your entities with one of these annotations: org.springframework.data.redis.core.RedisHash (preferred), or consider extending one of the following types with your repository: org.springframework.data.keyvalue.repository.KeyValueRepository
2026-09-01 18:03:01.403  INFO [main] [traceId=NONE userId=NONE] .RepositoryConfigurationExtensionSupport : Spring Data Redis - Could not safely identify store assignment for repository candidate interface com.bookmyshow.repository.TheatreRepository; If you want this repository to be a Redis repository, consider annotating your entities with one of these annotations: org.springframework.data.redis.core.RedisHash (preferred), or consider extending one of the following types with your repository: org.springframework.data.keyvalue.repository.KeyValueRepository
2026-09-01 18:03:01.403  INFO [main] [traceId=NONE userId=NONE] .RepositoryConfigurationExtensionSupport : Spring Data Redis - Could not safely identify store assignment for repository candidate interface com.bookmyshow.repository.UserRepository; If you want this repository to be a Redis repository, consider annotating your entities with one of these annotations: org.springframework.data.redis.core.RedisHash (preferred), or consider extending one of the following types with your repository: org.springframework.data.keyvalue.repository.KeyValueRepository
2026-09-01 18:03:01.404  INFO [main] [traceId=NONE userId=NONE] .s.d.r.c.RepositoryConfigurationDelegate : Finished Spring Data repository scanning in 14 ms. Found 0 Redis repository interfaces.
2026-09-01 18:03:01.667  INFO [main] [traceId=NONE userId=NONE] o.hibernate.jpa.internal.util.LogHelper  : HHH000204: Processing PersistenceUnitInfo [name: default]
2026-09-01 18:03:01.675  INFO [main] [traceId=NONE userId=NONE] o.h.c.internal.RegionFactoryInitiator    : HHH000026: Second-level cache disabled
2026-09-01 18:03:01.724  INFO [main] [traceId=NONE userId=NONE] o.s.o.j.p.SpringPersistenceUnitInfo      : No LoadTimeWeaver setup: ignoring JPA class transformer
2026-09-01 18:03:01.728  INFO [main] [traceId=NONE userId=NONE] com.zaxxer.hikari.HikariDataSource       : HikariPool-2 - Starting...
2026-09-01 18:03:01.731  INFO [main] [traceId=NONE userId=NONE] com.zaxxer.hikari.pool.HikariPool        : HikariPool-2 - Added connection conn10: url=jdbc:h2:mem:bookmyshow-test user=SA
2026-09-01 18:03:01.731  INFO [main] [traceId=NONE userId=NONE] com.zaxxer.hikari.HikariDataSource       : HikariPool-2 - Start completed.
2026-09-01 18:03:01.736  INFO [main] [traceId=NONE userId=NONE] org.hibernate.orm.connections.pooling    : HHH10001005: Database info:
	Database JDBC URL [Connecting through datasource 'HikariDataSource (HikariPool-2)']
	Database driver: undefined/unknown
	Database version: 2.3.232
	Autocommit mode: undefined/unknown
	Isolation level: undefined/unknown
	Minimum pool size: undefined/unknown
	Maximum pool size: undefined/unknown
2026-09-01 18:03:02.025  INFO [main] [traceId=NONE userId=NONE] o.h.e.t.j.p.i.JtaPlatformInitiator       : HHH000489: No JTA platform available (set 'hibernate.transaction.jta.platform' to enable JTA platform integration)
2026-09-01 18:03:02.095  INFO [main] [traceId=NONE userId=NONE] j.LocalContainerEntityManagerFactoryBean : Initialized JPA EntityManagerFactory for persistence unit 'default'
2026-09-01 18:03:03.357  WARN [main] [traceId=NONE userId=NONE] com.bookmyshow.config.CacheConfig        : Redis server unreachable (Unable to connect to Redis). Falling back to embedded ConcurrentMapCacheManager.
2026-09-01 18:03:03.674  INFO [main] [traceId=NONE userId=NONE] c.b.initializer.DataInitializer          : Default Admin User created: admin@cinex.com / admin123
2026-09-01 18:03:03.911  INFO [main] [traceId=NONE userId=NONE] c.b.initializer.DataInitializer          : Default Test User created: user@cinex.com / user123
2026-09-01 18:03:03.918  INFO [main] [traceId=NONE userId=NONE] c.b.initializer.DataInitializer          : Initializing sample data for BookMyShow...
2026-09-01 18:03:04.066  INFO [main] [traceId=NONE userId=NONE] c.b.initializer.DataInitializer          : Initialization completed successfully!
2026-09-01 18:03:04.307  WARN [main] [traceId=NONE userId=NONE] .s.s.UserDetailsServiceAutoConfiguration : 

Using generated security password: f2ae74cb-a7d6-4d91-8555-f66b77a77838

This generated password is for development use only. Your security configuration must be updated before running your application in production.

2026-09-01 18:03:04.311  INFO [main] [traceId=NONE userId=NONE] r$InitializeUserDetailsManagerConfigurer : Global AuthenticationManager configured with UserDetailsService bean with name inMemoryUserDetailsManager
2026-09-01 18:03:04.433  INFO [main] [traceId=NONE userId=NONE] o.s.b.a.w.s.WelcomePageHandlerMapping    : Adding welcome page: class path resource [static/index.html]
2026-09-01 18:03:05.026  INFO [main] [traceId=NONE userId=NONE] o.s.b.a.e.web.EndpointLinksResolver      : Exposing 6 endpoints beneath base path '/actuator'
2026-09-01 18:03:06.211  INFO [main] [traceId=NONE userId=NONE] o.s.b.t.m.w.SpringBootMockServletContext : Initializing Spring TestDispatcherServlet ''
2026-09-01 18:03:06.212  INFO [main] [traceId=NONE userId=NONE] o.s.t.web.servlet.TestDispatcherServlet  : Initializing Servlet ''
2026-09-01 18:03:06.215  INFO [main] [traceId=NONE userId=NONE] o.s.t.web.servlet.TestDispatcherServlet  : Completed initialization in 2 ms
2026-09-01 18:03:06.315  INFO [main] [traceId=NONE userId=NONE] o.s.m.s.b.SimpleBrokerMessageHandler     : Starting...
2026-09-01 18:03:06.315  INFO [main] [traceId=NONE userId=NONE] o.s.m.s.b.SimpleBrokerMessageHandler     : BrokerAvailabilityEvent[available=true, SimpleBrokerMessageHandler [org.springframework.messaging.simp.broker.DefaultSubscriptionRegistry@21249add]]
2026-09-01 18:03:06.317  INFO [main] [traceId=NONE userId=NONE] o.s.m.s.b.SimpleBrokerMessageHandler     : Started.
2026-09-01 18:03:06.340  INFO [main] [traceId=NONE userId=NONE] c.b.config.OpenApiDocumentationTest      : Started OpenApiDocumentationTest in 6.755 seconds (process running for 30.599)
2026-09-01 18:03:09.067  INFO [main] [traceId=ad00ad19c7f04aec userId=ANONYMOUS] o.springdoc.api.AbstractOpenApiResource  : Init duration for springdoc-openapi is: 2410 ms
2026-09-01 18:03:09.682  INFO [main] [traceId=NONE userId=NONE] t.c.s.AnnotationConfigContextLoaderUtils : Could not detect default configuration classes for test class [com.bookmyshow.controller.SeatWebSocketControllerTest]: SeatWebSocketControllerTest does not declare any static, non-private, non-final, nested classes annotated with @Configuration.
2026-09-01 18:03:09.730  INFO [main] [traceId=NONE userId=NONE] .b.t.c.SpringBootTestContextBootstrapper : Found @SpringBootConfiguration com.bookmyshow.BookmyshowApplication for test class com.bookmyshow.controller.SeatWebSocketControllerTest
2026-09-01 18:03:09.771  WARN [main] [traceId=5246271bd8f84b8a userId=ANONYMOUS] c.b.filter.ClerkJwtAuthenticationFilter  : Missing or invalid Authorization header on protected endpoint: /api/shows/501/seats/lock
2026-09-01 18:03:09.802  INFO [main] [traceId=5246271bd8f84b8a userId=ANONYMOUS] com.bookmyshow.service.SeatLockService   : User [clerk-test-user] (session: [REST_CLIENT]) held seats [99, 100] for show 501
2026-09-01 18:03:09.837  WARN [main] [traceId=72a047570c894f0b userId=ANONYMOUS] c.b.filter.ClerkJwtAuthenticationFilter  : Missing or invalid Authorization header on protected endpoint: /api/shows/501/seats/lock
2026-09-01 18:03:09.842  WARN [main] [traceId=72a047570c894f0b userId=ANONYMOUS] com.bookmyshow.service.SeatLockService   : Seat selection rejected: Seat 100 on show 501 is already held by user clerk-test-user
2026-09-01 18:03:09.892  WARN [main] [traceId=60e7d5f75e274c5e userId=ANONYMOUS] c.b.filter.ClerkJwtAuthenticationFilter  : Missing or invalid Authorization header on protected endpoint: /api/shows/501/seats/lock
2026-09-01 18:03:09.902  INFO [main] [traceId=60e7d5f75e274c5e userId=ANONYMOUS] com.bookmyshow.service.SeatLockService   : Released seats [99, 100] for show 501
2026-09-01 18:03:09.935  INFO [main] [traceId=NONE userId=NONE] t.c.s.AnnotationConfigContextLoaderUtils : Could not detect default configuration classes for test class [com.bookmyshow.filter.LoggingAndMdcTest]: LoggingAndMdcTest does not declare any static, non-private, non-final, nested classes annotated with @Configuration.
2026-09-01 18:03:09.990  INFO [main] [traceId=NONE userId=NONE] .b.t.c.SpringBootTestContextBootstrapper : Found @SpringBootConfiguration com.bookmyshow.BookmyshowApplication for test class com.bookmyshow.filter.LoggingAndMdcTest
2026-09-01 18:03:10.100  INFO [main] [traceId=bf863bb38d62447e userId=ANONYMOUS] com.bookmyshow.service.MovieService      : Cache Miss: Fetching all movies from MySQL database
2026-09-01 18:03:10.403  INFO [main] [traceId=NONE userId=NONE] t.c.s.AnnotationConfigContextLoaderUtils : Could not detect default configuration classes for test class [com.bookmyshow.filter.RateLimitingTest]: RateLimitingTest does not declare any static, non-private, non-final, nested classes annotated with @Configuration.
2026-09-01 18:03:10.431  INFO [main] [traceId=NONE userId=NONE] .b.t.c.SpringBootTestContextBootstrapper : Found @SpringBootConfiguration com.bookmyshow.BookmyshowApplication for test class com.bookmyshow.filter.RateLimitingTest
2026-09-01 18:03:10.686  WARN [main] [traceId=25b8e906c72f4a58 userId=ANONYMOUS] c.b.filter.ClerkJwtAuthenticationFilter  : Missing or invalid Authorization header on protected endpoint: /api/bookings
2026-09-01 18:03:10.723  WARN [main] [traceId=2526cab06b6b4d74 userId=ANONYMOUS] c.b.filter.ClerkJwtAuthenticationFilter  : Missing or invalid Authorization header on protected endpoint: /api/bookings
2026-09-01 18:03:10.729  WARN [main] [traceId=86eeeb29ccef4922 userId=ANONYMOUS] c.b.filter.ClerkJwtAuthenticationFilter  : Missing or invalid Authorization header on protected endpoint: /api/bookings
2026-09-01 18:03:10.734  WARN [main] [traceId=abaca71f6ba2446f userId=ANONYMOUS] c.b.filter.ClerkJwtAuthenticationFilter  : Missing or invalid Authorization header on protected endpoint: /api/bookings
2026-09-01 18:03:10.741  WARN [main] [traceId=7705b45807d44c4e userId=ANONYMOUS] c.b.filter.ClerkJwtAuthenticationFilter  : Missing or invalid Authorization header on protected endpoint: /api/bookings
2026-09-01 18:03:10.748  WARN [main] [traceId=fef838fbc9d34cd4 userId=ANONYMOUS] c.b.filter.ClerkJwtAuthenticationFilter  : Missing or invalid Authorization header on protected endpoint: /api/bookings
2026-09-01 18:03:10.753  WARN [main] [traceId=eb319fa974fd41a5 userId=ANONYMOUS] c.b.filter.ClerkJwtAuthenticationFilter  : Missing or invalid Authorization header on protected endpoint: /api/bookings
2026-09-01 18:03:10.757  WARN [main] [traceId=d8dc327115054efb userId=ANONYMOUS] c.b.filter.ClerkJwtAuthenticationFilter  : Missing or invalid Authorization header on protected endpoint: /api/bookings
2026-09-01 18:03:10.762  WARN [main] [traceId=2b75a042157741d1 userId=ANONYMOUS] c.b.filter.ClerkJwtAuthenticationFilter  : Missing or invalid Authorization header on protected endpoint: /api/bookings
2026-09-01 18:03:10.767  WARN [main] [traceId=705e6620146d4d2e userId=ANONYMOUS] c.b.filter.ClerkJwtAuthenticationFilter  : Missing or invalid Authorization header on protected endpoint: /api/bookings
2026-09-01 18:03:10.781  WARN [main] [traceId=fcb794f9b9954985 userId=ANONYMOUS] c.b.filter.ClerkJwtAuthenticationFilter  : Missing or invalid Authorization header on protected endpoint: /api/bookings
2026-09-01 18:03:10.796  WARN [main] [traceId=d5c2990f943e4f50 userId=ANONYMOUS] c.b.filter.ClerkJwtAuthenticationFilter  : Missing or invalid Authorization header on protected endpoint: /api/bookings
2026-09-01 18:03:10.800  WARN [main] [traceId=e684c8ae732445fc userId=ANONYMOUS] c.b.filter.ClerkJwtAuthenticationFilter  : Missing or invalid Authorization header on protected endpoint: /api/bookings
2026-09-01 18:03:10.804  WARN [main] [traceId=e2ad5e713f7941d3 userId=ANONYMOUS] c.b.filter.ClerkJwtAuthenticationFilter  : Missing or invalid Authorization header on protected endpoint: /api/bookings
2026-09-01 18:03:10.810  WARN [main] [traceId=223290eb7f594f47 userId=ANONYMOUS] c.b.filter.ClerkJwtAuthenticationFilter  : Missing or invalid Authorization header on protected endpoint: /api/bookings
2026-09-01 18:03:10.813  WARN [main] [traceId=694adae1c4a64fb5 userId=ANONYMOUS] c.b.filter.ClerkJwtAuthenticationFilter  : Missing or invalid Authorization header on protected endpoint: /api/bookings
2026-09-01 18:03:10.822  WARN [main] [traceId=30aa44f1f6e34c00 userId=ANONYMOUS] c.b.filter.ClerkJwtAuthenticationFilter  : Missing or invalid Authorization header on protected endpoint: /api/bookings
2026-09-01 18:03:10.826  WARN [main] [traceId=b8d745a8878442c2 userId=ANONYMOUS] c.b.filter.ClerkJwtAuthenticationFilter  : Missing or invalid Authorization header on protected endpoint: /api/bookings
2026-09-01 18:03:10.840  WARN [main] [traceId=74dc7af75b594043 userId=ANONYMOUS] c.b.filter.ClerkJwtAuthenticationFilter  : Missing or invalid Authorization header on protected endpoint: /api/bookings
2026-09-01 18:03:10.845  WARN [main] [traceId=fbcb298a805046b1 userId=ANONYMOUS] c.b.filter.ClerkJwtAuthenticationFilter  : Missing or invalid Authorization header on protected endpoint: /api/bookings
2026-09-01 18:03:10.848  WARN [main] [traceId=d42d450388e84fdd userId=ANONYMOUS] com.bookmyshow.filter.RateLimitFilter    : Rate limit exceeded for client [ip:10.0.0.55:tx]. Limit: 20/min. Endpoint: /api/bookings
2026-09-01 18:03:10.908  WARN [main] [traceId=93465fb741934b43 userId=ANONYMOUS] c.b.monitoring.CineXHealthIndicator      : HealthCheck indicates Redis Cache is offline: Unable to connect to Redis
2026-09-01 18:03:10.960  INFO [main] [traceId=NONE userId=NONE] t.c.s.AnnotationConfigContextLoaderUtils : Could not detect default configuration classes for test class [com.bookmyshow.filter.SecurityHardeningTest]: SecurityHardeningTest does not declare any static, non-private, non-final, nested classes annotated with @Configuration.
2026-09-01 18:03:10.965  INFO [main] [traceId=NONE userId=NONE] .b.t.c.SpringBootTestContextBootstrapper : Found @SpringBootConfiguration com.bookmyshow.BookmyshowApplication for test class com.bookmyshow.filter.SecurityHardeningTest
2026-09-01 18:03:11.001  INFO [main] [traceId=NONE userId=NONE] t.c.s.AnnotationConfigContextLoaderUtils : Could not detect default configuration classes for test class [com.bookmyshow.monitoring.ActuatorMonitoringTest]: ActuatorMonitoringTest does not declare any static, non-private, non-final, nested classes annotated with @Configuration.
2026-09-01 18:03:11.030  INFO [main] [traceId=NONE userId=NONE] .b.t.c.SpringBootTestContextBootstrapper : Found @SpringBootConfiguration com.bookmyshow.BookmyshowApplication for test class com.bookmyshow.monitoring.ActuatorMonitoringTest
2026-09-01 18:03:12.041  WARN [main] [traceId=420693c4562d457d userId=ANONYMOUS] c.b.monitoring.CineXHealthIndicator      : HealthCheck indicates Redis Cache is offline: Unable to connect to Redis
2026-09-01 18:03:12.060  INFO [main] [traceId=NONE userId=NONE] t.c.s.AnnotationConfigContextLoaderUtils : Could not detect default configuration classes for test class [com.bookmyshow.monitoring.ConnectionPoolMonitoringTest]: ConnectionPoolMonitoringTest does not declare any static, non-private, non-final, nested classes annotated with @Configuration.
2026-09-01 18:03:12.063  INFO [main] [traceId=NONE userId=NONE] .b.t.c.SpringBootTestContextBootstrapper : Found @SpringBootConfiguration com.bookmyshow.BookmyshowApplication for test class com.bookmyshow.monitoring.ConnectionPoolMonitoringTest
2026-09-01 18:03:12.083  INFO [main] [traceId=NONE userId=NONE] c.b.m.ConnectionPoolMonitoringService    : HikariCP Metrics -> Active: 0, Idle: 10, Total: 10, Waiting Threads: 0
2026-09-01 18:03:12.101  INFO [main] [traceId=NONE userId=NONE] t.c.s.AnnotationConfigContextLoaderUtils : Could not detect default configuration classes for test class [com.bookmyshow.service.AdminPlatformTest]: AdminPlatformTest does not declare any static, non-private, non-final, nested classes annotated with @Configuration.
2026-09-01 18:03:12.129  INFO [main] [traceId=NONE userId=NONE] .b.t.c.SpringBootTestContextBootstrapper : Found @SpringBootConfiguration com.bookmyshow.BookmyshowApplication for test class com.bookmyshow.service.AdminPlatformTest
2026-09-01 18:03:12.272  INFO [main] [traceId=NONE userId=NONE] com.bookmyshow.service.TheatreService    : Adding new theatre: PVR Admin Test in Mumbai
2026-09-01 18:03:12.367  INFO [main] [traceId=NONE userId=NONE] com.bookmyshow.service.MovieService      : Adding new movie: Inception Admin Test
2026-09-01 18:03:12.370  INFO [main] [traceId=NONE userId=NONE] com.bookmyshow.service.MovieService      : Updating movie id: 4
2026-09-01 18:03:12.409  INFO [main] [traceId=NONE userId=NONE] com.bookmyshow.service.MovieService      : Deleting movie id: 4
2026-09-01 18:03:12.429  INFO [main] [traceId=NONE userId=NONE] com.bookmyshow.service.MovieService      : Cache Miss: Fetching movie details for id 4 from MySQL database
2026-09-01 18:03:12.455  INFO [main] [traceId=NONE userId=NONE] t.c.s.AnnotationConfigContextLoaderUtils : Could not detect default configuration classes for test class [com.bookmyshow.service.BookingConcurrencyTest]: BookingConcurrencyTest does not declare any static, non-private, non-final, nested classes annotated with @Configuration.
2026-09-01 18:03:12.466  INFO [main] [traceId=NONE userId=NONE] .b.t.c.SpringBootTestContextBootstrapper : Found @SpringBootConfiguration com.bookmyshow.BookmyshowApplication for test class com.bookmyshow.service.BookingConcurrencyTest
2026-09-01 18:03:12.514  WARN [main] [traceId=NONE userId=NONE] ory$DuplicateJsonObjectContextCustomizer : 

Found multiple occurrences of org.json.JSONObject on the class path:

	jar:file:/C:/Users/Hamdaan/.m2/repository/com/vaadin/external/google/android-json/0.0.20131108.vaadin1/android-json-0.0.20131108.vaadin1.jar!/org/json/JSONObject.class
	jar:file:/C:/Users/Hamdaan/.m2/repository/org/json/json/20231013/json-20231013.jar!/org/json/JSONObject.class

You may wish to exclude one of them to ensure predictable runtime behavior

2026-09-01 18:03:12.517  INFO [main] [traceId=NONE userId=NONE] c.b.service.BookingConcurrencyTest       : Starting BookingConcurrencyTest using Java 22.0.1 with PID 8044 (started by Hamdaan in C:\Users\Hamdaan\Downloads\bookmyshow\bookmyshow)
2026-09-01 18:03:12.518  INFO [main] [traceId=NONE userId=NONE] c.b.service.BookingConcurrencyTest       : No active profile set, falling back to 1 default profile: "default"
2026-09-01 18:03:13.262  INFO [main] [traceId=NONE userId=NONE] .s.d.r.c.RepositoryConfigurationDelegate : Multiple Spring Data modules found, entering strict repository configuration mode
2026-09-01 18:03:13.262  INFO [main] [traceId=NONE userId=NONE] .s.d.r.c.RepositoryConfigurationDelegate : Bootstrapping Spring Data JPA repositories in DEFAULT mode.
2026-09-01 18:03:13.316  INFO [main] [traceId=NONE userId=NONE] .s.d.r.c.RepositoryConfigurationDelegate : Finished Spring Data repository scanning in 52 ms. Found 9 JPA repository interfaces.
2026-09-01 18:03:13.319  INFO [main] [traceId=NONE userId=NONE] .s.d.r.c.RepositoryConfigurationDelegate : Multiple Spring Data modules found, entering strict repository configuration mode
2026-09-01 18:03:13.319  INFO [main] [traceId=NONE userId=NONE] .s.d.r.c.RepositoryConfigurationDelegate : Bootstrapping Spring Data Redis repositories in DEFAULT mode.
2026-09-01 18:03:13.332  INFO [main] [traceId=NONE userId=NONE] .RepositoryConfigurationExtensionSupport : Spring Data Redis - Could not safely identify store assignment for repository candidate interface com.bookmyshow.repository.BookingRepository; If you want this repository to be a Redis repository, consider annotating your entities with one of these annotations: org.springframework.data.redis.core.RedisHash (preferred), or consider extending one of the following types with your repository: org.springframework.data.keyvalue.repository.KeyValueRepository
2026-09-01 18:03:13.332  INFO [main] [traceId=NONE userId=NONE] .RepositoryConfigurationExtensionSupport : Spring Data Redis - Could not safely identify store assignment for repository candidate interface com.bookmyshow.repository.BookingSeatRepository; If you want this repository to be a Redis repository, consider annotating your entities with one of these annotations: org.springframework.data.redis.core.RedisHash (preferred), or consider extending one of the following types with your repository: org.springframework.data.keyvalue.repository.KeyValueRepository
2026-09-01 18:03:13.332  INFO [main] [traceId=NONE userId=NONE] .RepositoryConfigurationExtensionSupport : Spring Data Redis - Could not safely identify store assignment for repository candidate interface com.bookmyshow.repository.MovieRepository; If you want this repository to be a Redis repository, consider annotating your entities with one of these annotations: org.springframework.data.redis.core.RedisHash (preferred), or consider extending one of the following types with your repository: org.springframework.data.keyvalue.repository.KeyValueRepository
2026-09-01 18:03:13.332  INFO [main] [traceId=NONE userId=NONE] .RepositoryConfigurationExtensionSupport : Spring Data Redis - Could not safely identify store assignment for repository candidate interface com.bookmyshow.repository.PaymentRepository; If you want this repository to be a Redis repository, consider annotating your entities with one of these annotations: org.springframework.data.redis.core.RedisHash (preferred), or consider extending one of the following types with your repository: org.springframework.data.keyvalue.repository.KeyValueRepository
2026-09-01 18:03:13.332  INFO [main] [traceId=NONE userId=NONE] .RepositoryConfigurationExtensionSupport : Spring Data Redis - Could not safely identify store assignment for repository candidate interface com.bookmyshow.repository.ScreenRepository; If you want this repository to be a Redis repository, consider annotating your entities with one of these annotations: org.springframework.data.redis.core.RedisHash (preferred), or consider extending one of the following types with your repository: org.springframework.data.keyvalue.repository.KeyValueRepository
2026-09-01 18:03:13.333  INFO [main] [traceId=NONE userId=NONE] .RepositoryConfigurationExtensionSupport : Spring Data Redis - Could not safely identify store assignment for repository candidate interface com.bookmyshow.repository.SeatRepository; If you want this repository to be a Redis repository, consider annotating your entities with one of these annotations: org.springframework.data.redis.core.RedisHash (preferred), or consider extending one of the following types with your repository: org.springframework.data.keyvalue.repository.KeyValueRepository
2026-09-01 18:03:13.333  INFO [main] [traceId=NONE userId=NONE] .RepositoryConfigurationExtensionSupport : Spring Data Redis - Could not safely identify store assignment for repository candidate interface com.bookmyshow.repository.ShowRepository; If you want this repository to be a Redis repository, consider annotating your entities with one of these annotations: org.springframework.data.redis.core.RedisHash (preferred), or consider extending one of the following types with your repository: org.springframework.data.keyvalue.repository.KeyValueRepository
2026-09-01 18:03:13.333  INFO [main] [traceId=NONE userId=NONE] .RepositoryConfigurationExtensionSupport : Spring Data Redis - Could not safely identify store assignment for repository candidate interface com.bookmyshow.repository.TheatreRepository; If you want this repository to be a Redis repository, consider annotating your entities with one of these annotations: org.springframework.data.redis.core.RedisHash (preferred), or consider extending one of the following types with your repository: org.springframework.data.keyvalue.repository.KeyValueRepository
2026-09-01 18:03:13.333  INFO [main] [traceId=NONE userId=NONE] .RepositoryConfigurationExtensionSupport : Spring Data Redis - Could not safely identify store assignment for repository candidate interface com.bookmyshow.repository.UserRepository; If you want this repository to be a Redis repository, consider annotating your entities with one of these annotations: org.springframework.data.redis.core.RedisHash (preferred), or consider extending one of the following types with your repository: org.springframework.data.keyvalue.repository.KeyValueRepository
2026-09-01 18:03:13.333  INFO [main] [traceId=NONE userId=NONE] .s.d.r.c.RepositoryConfigurationDelegate : Finished Spring Data repository scanning in 12 ms. Found 0 Redis repository interfaces.
2026-09-01 18:03:14.511  INFO [main] [traceId=NONE userId=NONE] o.hibernate.jpa.internal.util.LogHelper  : HHH000204: Processing PersistenceUnitInfo [name: default]
2026-09-01 18:03:14.530  INFO [main] [traceId=NONE userId=NONE] o.h.c.internal.RegionFactoryInitiator    : HHH000026: Second-level cache disabled
2026-09-01 18:03:14.587  INFO [main] [traceId=NONE userId=NONE] o.s.o.j.p.SpringPersistenceUnitInfo      : No LoadTimeWeaver setup: ignoring JPA class transformer
2026-09-01 18:03:14.591  INFO [main] [traceId=NONE userId=NONE] com.zaxxer.hikari.HikariDataSource       : HikariPool-3 - Starting...
2026-09-01 18:03:14.593  INFO [main] [traceId=NONE userId=NONE] com.zaxxer.hikari.pool.HikariPool        : HikariPool-3 - Added connection conn20: url=jdbc:h2:mem:bookmyshow-test user=SA
2026-09-01 18:03:14.594  INFO [main] [traceId=NONE userId=NONE] com.zaxxer.hikari.HikariDataSource       : HikariPool-3 - Start completed.
2026-09-01 18:03:14.596  INFO [main] [traceId=NONE userId=NONE] org.hibernate.orm.connections.pooling    : HHH10001005: Database info:
	Database JDBC URL [Connecting through datasource 'HikariDataSource (HikariPool-3)']
	Database driver: undefined/unknown
	Database version: 2.3.232
	Autocommit mode: undefined/unknown
	Isolation level: undefined/unknown
	Minimum pool size: undefined/unknown
	Maximum pool size: undefined/unknown
2026-09-01 18:03:14.918  INFO [main] [traceId=NONE userId=NONE] o.h.e.t.j.p.i.JtaPlatformInitiator       : HHH000489: No JTA platform available (set 'hibernate.transaction.jta.platform' to enable JTA platform integration)
2026-09-01 18:03:14.979  INFO [main] [traceId=NONE userId=NONE] j.LocalContainerEntityManagerFactoryBean : Initialized JPA EntityManagerFactory for persistence unit 'default'
2026-09-01 18:03:16.348  WARN [main] [traceId=NONE userId=NONE] com.bookmyshow.config.CacheConfig        : Redis server unreachable (Unable to connect to Redis). Falling back to embedded ConcurrentMapCacheManager.
2026-09-01 18:03:16.778  INFO [main] [traceId=NONE userId=NONE] c.b.initializer.DataInitializer          : Default Admin User created: admin@cinex.com / admin123
2026-09-01 18:03:16.870  INFO [main] [traceId=NONE userId=NONE] c.b.initializer.DataInitializer          : Default Test User created: user@cinex.com / user123
2026-09-01 18:03:16.874  INFO [main] [traceId=NONE userId=NONE] c.b.initializer.DataInitializer          : Initializing sample data for BookMyShow...
2026-09-01 18:03:16.993  INFO [main] [traceId=NONE userId=NONE] c.b.initializer.DataInitializer          : Initialization completed successfully!
2026-09-01 18:03:17.261  WARN [main] [traceId=NONE userId=NONE] .s.s.UserDetailsServiceAutoConfiguration : 

Using generated security password: 56ba6f04-7b3d-40f3-a5d4-100c920fb262

This generated password is for development use only. Your security configuration must be updated before running your application in production.

2026-09-01 18:03:17.265  INFO [main] [traceId=NONE userId=NONE] r$InitializeUserDetailsManagerConfigurer : Global AuthenticationManager configured with UserDetailsService bean with name inMemoryUserDetailsManager
2026-09-01 18:03:17.384  INFO [main] [traceId=NONE userId=NONE] o.s.b.a.w.s.WelcomePageHandlerMapping    : Adding welcome page: class path resource [static/index.html]
2026-09-01 18:03:17.882  INFO [main] [traceId=NONE userId=NONE] o.s.b.a.e.web.EndpointLinksResolver      : Exposing 6 endpoints beneath base path '/actuator'
2026-09-01 18:03:19.083  INFO [main] [traceId=NONE userId=NONE] o.s.m.s.b.SimpleBrokerMessageHandler     : Starting...
2026-09-01 18:03:19.083  INFO [main] [traceId=NONE userId=NONE] o.s.m.s.b.SimpleBrokerMessageHandler     : BrokerAvailabilityEvent[available=true, SimpleBrokerMessageHandler [org.springframework.messaging.simp.broker.DefaultSubscriptionRegistry@57afba56]]
2026-09-01 18:03:19.084  INFO [main] [traceId=NONE userId=NONE] o.s.m.s.b.SimpleBrokerMessageHandler     : Started.
2026-09-01 18:03:19.101  INFO [main] [traceId=NONE userId=NONE] c.b.service.BookingConcurrencyTest       : Started BookingConcurrencyTest in 6.629 seconds (process running for 43.36)
2026-09-01 18:03:19.373  INFO [main] [traceId=NONE userId=NONE] t.c.s.AnnotationConfigContextLoaderUtils : Could not detect default configuration classes for test class [com.bookmyshow.service.CacheServiceTest]: CacheServiceTest does not declare any static, non-private, non-final, nested classes annotated with @Configuration.
2026-09-01 18:03:19.379  INFO [main] [traceId=NONE userId=NONE] .b.t.c.SpringBootTestContextBootstrapper : Found @SpringBootConfiguration com.bookmyshow.BookmyshowApplication for test class com.bookmyshow.service.CacheServiceTest
2026-09-01 18:03:19.401  INFO [main] [traceId=NONE userId=NONE] com.bookmyshow.service.MovieService      : Cache Miss: Fetching all movies from MySQL database
2026-09-01 18:03:19.405  INFO [main] [traceId=NONE userId=NONE] com.bookmyshow.service.MovieService      : Adding new movie: Test Cached Movie
2026-09-01 18:03:19.425  INFO [main] [traceId=NONE userId=NONE] com.bookmyshow.service.MovieService      : Cache Miss: Fetching all movies from MySQL database
2026-09-01 18:03:19.482  INFO [main] [traceId=NONE userId=NONE] t.c.s.AnnotationConfigContextLoaderUtils : Could not detect default configuration classes for test class [com.bookmyshow.service.GlobalSearchServiceTest]: GlobalSearchServiceTest does not declare any static, non-private, non-final, nested classes annotated with @Configuration.
2026-09-01 18:03:19.487  INFO [main] [traceId=NONE userId=NONE] .b.t.c.SpringBootTestContextBootstrapper : Found @SpringBootConfiguration com.bookmyshow.BookmyshowApplication for test class com.bookmyshow.service.GlobalSearchServiceTest
2026-09-01 18:03:19.550  INFO [main] [traceId=NONE userId=NONE] com.bookmyshow.service.TheatreService    : Adding new theatre: PVR Cyberhub IMAX in Gurugram
2026-09-01 18:03:19.630  INFO [main] [traceId=NONE userId=NONE] com.bookmyshow.service.MovieService      : Adding new movie: Avengers Sci-Fi Epic
2026-09-01 18:03:19.633  INFO [main] [traceId=NONE userId=NONE] com.bookmyshow.service.MovieService      : Adding new movie: Bahubali Drama
2026-09-01 18:03:19.680  INFO [main] [traceId=NONE userId=NONE] t.c.s.AnnotationConfigContextLoaderUtils : Could not detect default configuration classes for test class [com.bookmyshow.service.PaginationServiceTest]: PaginationServiceTest does not declare any static, non-private, non-final, nested classes annotated with @Configuration.
2026-09-01 18:03:19.683  INFO [main] [traceId=NONE userId=NONE] .b.t.c.SpringBootTestContextBootstrapper : Found @SpringBootConfiguration com.bookmyshow.BookmyshowApplication for test class com.bookmyshow.service.PaginationServiceTest
2026-09-01 18:03:19.700  INFO [main] [traceId=NONE userId=NONE] com.bookmyshow.service.TheatreService    : Adding new theatre: Paginated Theatre 1 in Mumbai
2026-09-01 18:03:19.701  INFO [main] [traceId=NONE userId=NONE] com.bookmyshow.service.TheatreService    : Adding new theatre: Paginated Theatre 2 in Mumbai
2026-09-01 18:03:19.703  INFO [main] [traceId=NONE userId=NONE] com.bookmyshow.service.TheatreService    : Adding new theatre: Paginated Theatre 3 in Mumbai
2026-09-01 18:03:19.732  INFO [main] [traceId=NONE userId=NONE] com.bookmyshow.service.MovieService      : Adding new movie: Paginated Movie 1
2026-09-01 18:03:19.733  INFO [main] [traceId=NONE userId=NONE] com.bookmyshow.service.MovieService      : Adding new movie: Paginated Movie 2
2026-09-01 18:03:19.735  INFO [main] [traceId=NONE userId=NONE] com.bookmyshow.service.MovieService      : Adding new movie: Paginated Movie 3
2026-09-01 18:03:19.837  INFO [main] [traceId=NONE userId=NONE] t.c.s.AnnotationConfigContextLoaderUtils : Could not detect default configuration classes for test class [com.bookmyshow.service.RazorpayPaymentServiceTest]: RazorpayPaymentServiceTest does not declare any static, non-private, non-final, nested classes annotated with @Configuration.
2026-09-01 18:03:19.843  INFO [main] [traceId=NONE userId=NONE] .b.t.c.SpringBootTestContextBootstrapper : Found @SpringBootConfiguration com.bookmyshow.BookmyshowApplication for test class com.bookmyshow.service.RazorpayPaymentServiceTest
2026-09-01 18:03:19.918  WARN [main] [traceId=NONE userId=NONE] ory$DuplicateJsonObjectContextCustomizer : 

Found multiple occurrences of org.json.JSONObject on the class path:

	jar:file:/C:/Users/Hamdaan/.m2/repository/com/vaadin/external/google/android-json/0.0.20131108.vaadin1/android-json-0.0.20131108.vaadin1.jar!/org/json/JSONObject.class
	jar:file:/C:/Users/Hamdaan/.m2/repository/org/json/json/20231013/json-20231013.jar!/org/json/JSONObject.class

You may wish to exclude one of them to ensure predictable runtime behavior

2026-09-01 18:03:19.921  INFO [main] [traceId=NONE userId=NONE] c.b.service.RazorpayPaymentServiceTest   : Starting RazorpayPaymentServiceTest using Java 22.0.1 with PID 8044 (started by Hamdaan in C:\Users\Hamdaan\Downloads\bookmyshow\bookmyshow)
2026-09-01 18:03:19.922  INFO [main] [traceId=NONE userId=NONE] c.b.service.RazorpayPaymentServiceTest   : No active profile set, falling back to 1 default profile: "default"
2026-09-01 18:03:20.984  INFO [main] [traceId=NONE userId=NONE] .s.d.r.c.RepositoryConfigurationDelegate : Multiple Spring Data modules found, entering strict repository configuration mode
2026-09-01 18:03:20.984  INFO [main] [traceId=NONE userId=NONE] .s.d.r.c.RepositoryConfigurationDelegate : Bootstrapping Spring Data JPA repositories in DEFAULT mode.
2026-09-01 18:03:21.046  INFO [main] [traceId=NONE userId=NONE] .s.d.r.c.RepositoryConfigurationDelegate : Finished Spring Data repository scanning in 58 ms. Found 9 JPA repository interfaces.
2026-09-01 18:03:21.051  INFO [main] [traceId=NONE userId=NONE] .s.d.r.c.RepositoryConfigurationDelegate : Multiple Spring Data modules found, entering strict repository configuration mode
2026-09-01 18:03:21.052  INFO [main] [traceId=NONE userId=NONE] .s.d.r.c.RepositoryConfigurationDelegate : Bootstrapping Spring Data Redis repositories in DEFAULT mode.
2026-09-01 18:03:21.074  INFO [main] [traceId=NONE userId=NONE] .RepositoryConfigurationExtensionSupport : Spring Data Redis - Could not safely identify store assignment for repository candidate interface com.bookmyshow.repository.BookingRepository; If you want this repository to be a Redis repository, consider annotating your entities with one of these annotations: org.springframework.data.redis.core.RedisHash (preferred), or consider extending one of the following types with your repository: org.springframework.data.keyvalue.repository.KeyValueRepository
2026-09-01 18:03:21.075  INFO [main] [traceId=NONE userId=NONE] .RepositoryConfigurationExtensionSupport : Spring Data Redis - Could not safely identify store assignment for repository candidate interface com.bookmyshow.repository.BookingSeatRepository; If you want this repository to be a Redis repository, consider annotating your entities with one of these annotations: org.springframework.data.redis.core.RedisHash (preferred), or consider extending one of the following types with your repository: org.springframework.data.keyvalue.repository.KeyValueRepository
2026-09-01 18:03:21.075  INFO [main] [traceId=NONE userId=NONE] .RepositoryConfigurationExtensionSupport : Spring Data Redis - Could not safely identify store assignment for repository candidate interface com.bookmyshow.repository.MovieRepository; If you want this repository to be a Redis repository, consider annotating your entities with one of these annotations: org.springframework.data.redis.core.RedisHash (preferred), or consider extending one of the following types with your repository: org.springframework.data.keyvalue.repository.KeyValueRepository
2026-09-01 18:03:21.076  INFO [main] [traceId=NONE userId=NONE] .RepositoryConfigurationExtensionSupport : Spring Data Redis - Could not safely identify store assignment for repository candidate interface com.bookmyshow.repository.PaymentRepository; If you want this repository to be a Redis repository, consider annotating your entities with one of these annotations: org.springframework.data.redis.core.RedisHash (preferred), or consider extending one of the following types with your repository: org.springframework.data.keyvalue.repository.KeyValueRepository
2026-09-01 18:03:21.076  INFO [main] [traceId=NONE userId=NONE] .RepositoryConfigurationExtensionSupport : Spring Data Redis - Could not safely identify store assignment for repository candidate interface com.bookmyshow.repository.ScreenRepository; If you want this repository to be a Redis repository, consider annotating your entities with one of these annotations: org.springframework.data.redis.core.RedisHash (preferred), or consider extending one of the following types with your repository: org.springframework.data.keyvalue.repository.KeyValueRepository
2026-09-01 18:03:21.077  INFO [main] [traceId=NONE userId=NONE] .RepositoryConfigurationExtensionSupport : Spring Data Redis - Could not safely identify store assignment for repository candidate interface com.bookmyshow.repository.SeatRepository; If you want this repository to be a Redis repository, consider annotating your entities with one of these annotations: org.springframework.data.redis.core.RedisHash (preferred), or consider extending one of the following types with your repository: org.springframework.data.keyvalue.repository.KeyValueRepository
2026-09-01 18:03:21.077  INFO [main] [traceId=NONE userId=NONE] .RepositoryConfigurationExtensionSupport : Spring Data Redis - Could not safely identify store assignment for repository candidate interface com.bookmyshow.repository.ShowRepository; If you want this repository to be a Redis repository, consider annotating your entities with one of these annotations: org.springframework.data.redis.core.RedisHash (preferred), or consider extending one of the following types with your repository: org.springframework.data.keyvalue.repository.KeyValueRepository
2026-09-01 18:03:21.077  INFO [main] [traceId=NONE userId=NONE] .RepositoryConfigurationExtensionSupport : Spring Data Redis - Could not safely identify store assignment for repository candidate interface com.bookmyshow.repository.TheatreRepository; If you want this repository to be a Redis repository, consider annotating your entities with one of these annotations: org.springframework.data.redis.core.RedisHash (preferred), or consider extending one of the following types with your repository: org.springframework.data.keyvalue.repository.KeyValueRepository
2026-09-01 18:03:21.078  INFO [main] [traceId=NONE userId=NONE] .RepositoryConfigurationExtensionSupport : Spring Data Redis - Could not safely identify store assignment for repository candidate interface com.bookmyshow.repository.UserRepository; If you want this repository to be a Redis repository, consider annotating your entities with one of these annotations: org.springframework.data.redis.core.RedisHash (preferred), or consider extending one of the following types with your repository: org.springframework.data.keyvalue.repository.KeyValueRepository
2026-09-01 18:03:21.078  INFO [main] [traceId=NONE userId=NONE] .s.d.r.c.RepositoryConfigurationDelegate : Finished Spring Data repository scanning in 22 ms. Found 0 Redis repository interfaces.
2026-09-01 18:03:21.580  INFO [main] [traceId=NONE userId=NONE] o.hibernate.jpa.internal.util.LogHelper  : HHH000204: Processing PersistenceUnitInfo [name: default]
2026-09-01 18:03:21.683  INFO [main] [traceId=NONE userId=NONE] o.h.c.internal.RegionFactoryInitiator    : HHH000026: Second-level cache disabled
2026-09-01 18:03:22.143  INFO [main] [traceId=NONE userId=NONE] o.s.o.j.p.SpringPersistenceUnitInfo      : No LoadTimeWeaver setup: ignoring JPA class transformer
2026-09-01 18:03:22.163  INFO [main] [traceId=NONE userId=NONE] com.zaxxer.hikari.HikariDataSource       : HikariPool-4 - Starting...
2026-09-01 18:03:22.214  INFO [main] [traceId=NONE userId=NONE] com.zaxxer.hikari.pool.HikariPool        : HikariPool-4 - Added connection conn30: url=jdbc:h2:mem:bookmyshow-test user=SA
2026-09-01 18:03:22.233  INFO [main] [traceId=NONE userId=NONE] com.zaxxer.hikari.HikariDataSource       : HikariPool-4 - Start completed.
2026-09-01 18:03:22.258  INFO [main] [traceId=NONE userId=NONE] org.hibernate.orm.connections.pooling    : HHH10001005: Database info:
	Database JDBC URL [Connecting through datasource 'HikariDataSource (HikariPool-4)']
	Database driver: undefined/unknown
	Database version: 2.3.232
	Autocommit mode: undefined/unknown
	Isolation level: undefined/unknown
	Minimum pool size: undefined/unknown
	Maximum pool size: undefined/unknown
2026-09-01 18:03:22.670  INFO [main] [traceId=NONE userId=NONE] o.h.e.t.j.p.i.JtaPlatformInitiator       : HHH000489: No JTA platform available (set 'hibernate.transaction.jta.platform' to enable JTA platform integration)
2026-09-01 18:03:22.724  INFO [main] [traceId=NONE userId=NONE] j.LocalContainerEntityManagerFactoryBean : Initialized JPA EntityManagerFactory for persistence unit 'default'
2026-09-01 18:03:23.770  WARN [main] [traceId=NONE userId=NONE] com.bookmyshow.config.CacheConfig        : Redis server unreachable (Unable to connect to Redis). Falling back to embedded ConcurrentMapCacheManager.
2026-09-01 18:03:24.006  INFO [main] [traceId=NONE userId=NONE] c.b.initializer.DataInitializer          : Default Admin User created: admin@cinex.com / admin123
2026-09-01 18:03:24.102  INFO [main] [traceId=NONE userId=NONE] c.b.initializer.DataInitializer          : Default Test User created: user@cinex.com / user123
2026-09-01 18:03:24.105  INFO [main] [traceId=NONE userId=NONE] c.b.initializer.DataInitializer          : Initializing sample data for BookMyShow...
2026-09-01 18:03:24.206  INFO [main] [traceId=NONE userId=NONE] c.b.initializer.DataInitializer          : Initialization completed successfully!
2026-09-01 18:03:24.412  WARN [main] [traceId=NONE userId=NONE] .s.s.UserDetailsServiceAutoConfiguration : 

Using generated security password: a61879db-64bd-4eb7-8a05-3c7a44e991db

This generated password is for development use only. Your security configuration must be updated before running your application in production.

2026-09-01 18:03:24.418  INFO [main] [traceId=NONE userId=NONE] r$InitializeUserDetailsManagerConfigurer : Global AuthenticationManager configured with UserDetailsService bean with name inMemoryUserDetailsManager
2026-09-01 18:03:24.586  INFO [main] [traceId=NONE userId=NONE] o.s.b.a.w.s.WelcomePageHandlerMapping    : Adding welcome page: class path resource [static/index.html]
2026-09-01 18:03:25.058  INFO [main] [traceId=NONE userId=NONE] o.s.b.a.e.web.EndpointLinksResolver      : Exposing 6 endpoints beneath base path '/actuator'
2026-09-01 18:03:26.417  INFO [main] [traceId=NONE userId=NONE] o.s.m.s.b.SimpleBrokerMessageHandler     : Starting...
2026-09-01 18:03:26.418  INFO [main] [traceId=NONE userId=NONE] o.s.m.s.b.SimpleBrokerMessageHandler     : BrokerAvailabilityEvent[available=true, SimpleBrokerMessageHandler [org.springframework.messaging.simp.broker.DefaultSubscriptionRegistry@5fe11032]]
2026-09-01 18:03:26.418  INFO [main] [traceId=NONE userId=NONE] o.s.m.s.b.SimpleBrokerMessageHandler     : Started.
2026-09-01 18:03:26.437  INFO [main] [traceId=NONE userId=NONE] c.b.service.RazorpayPaymentServiceTest   : Started RazorpayPaymentServiceTest in 6.579 seconds (process running for 50.696)
2026-09-01 18:03:26.493  INFO [main] [traceId=NONE userId=NONE] com.bookmyshow.service.PaymentService    : Payment successfully verified for Booking 1 with Payment ID pay_test_987654
2026-09-01 18:03:26.510  INFO [main] [traceId=NONE userId=NONE] com.bookmyshow.service.PaymentService    : Payment successfully verified for Booking 1 with Payment ID pay_test_987654
2026-09-01 18:03:26.537  INFO [main] [traceId=NONE userId=NONE] com.bookmyshow.service.PaymentService    : Payment successfully verified for Booking 2 with Payment ID pay_test_987654
2026-09-01 18:03:26.572 ERROR [main] [traceId=NONE userId=NONE] com.bookmyshow.service.PaymentService    : HMAC SHA256 signature verification failed for Order order_test_123456 and Payment pay_test_987654
2026-09-01 18:03:26.599  INFO [main] [traceId=NONE userId=NONE] com.bookmyshow.service.PaymentService    : Cancelling payment/booking for ID 4
2026-09-01 18:03:26.949  INFO [main] [traceId=NONE userId=NONE] com.bookmyshow.service.SeatLockService   : User [user-A] (session: [session-1]) held seats [5] for show 101
2026-09-01 18:03:27.002  INFO [main] [traceId=NONE userId=NONE] com.bookmyshow.service.SeatLockService   : Broadcasting BOOKED status for seats [5] on show 101
2026-09-01 18:03:27.035  INFO [main] [traceId=NONE userId=NONE] com.bookmyshow.service.SeatLockService   : User [user-A] (session: [session-1]) held seats [1, 2] for show 101
2026-09-01 18:03:27.036  INFO [main] [traceId=NONE userId=NONE] com.bookmyshow.service.SeatLockService   : Released seats [1, 2] for show 101
2026-09-01 18:03:27.046  INFO [main] [traceId=NONE userId=NONE] com.bookmyshow.service.SeatLockService   : User [user-A] (session: [session-disconnect]) held seats [10, 11] for show 101
2026-09-01 18:03:27.047  INFO [main] [traceId=NONE userId=NONE] com.bookmyshow.service.SeatLockService   : Session [session-disconnect] disconnected. Cleaning up 2 held seats.
2026-09-01 18:03:27.063  INFO [main] [traceId=NONE userId=NONE] com.bookmyshow.service.SeatLockService   : User [user-A] (session: [session-1]) held seats [1, 2] for show 101
2026-09-01 18:03:27.064  WARN [main] [traceId=NONE userId=NONE] com.bookmyshow.service.SeatLockService   : Seat selection rejected: Seat 2 on show 101 is already held by user user-A
2026-09-01 18:03:27.070  INFO [main] [traceId=NONE userId=NONE] com.bookmyshow.service.SeatLockService   : User [user-A] (session: [session-1]) held seats [1, 2] for show 101
2026-09-01 18:03:27.083  INFO [main] [traceId=NONE userId=NONE] t.c.s.AnnotationConfigContextLoaderUtils : Could not detect default configuration classes for test class [com.bookmyshow.service.TicketServiceTest]: TicketServiceTest does not declare any static, non-private, non-final, nested classes annotated with @Configuration.
2026-09-01 18:03:27.090  INFO [main] [traceId=NONE userId=NONE] .b.t.c.SpringBootTestContextBootstrapper : Found @SpringBootConfiguration com.bookmyshow.BookmyshowApplication for test class com.bookmyshow.service.TicketServiceTest
2026-09-01 18:03:27.189  WARN [main] [traceId=NONE userId=NONE] com.bookmyshow.service.TicketService     : Verification failed: No booking found for token NON-EXISTENT-TOKEN-999
2026-09-01 18:03:27.214  WARN [main] [traceId=NONE userId=NONE] com.bookmyshow.service.TicketService     : Verification failed: Booking ID 13 is not in BOOKED state (current: FAILED)
2026-09-01 18:03:28.147  INFO [SpringApplicationShutdownHook] [traceId=NONE userId=NONE] o.s.m.s.b.SimpleBrokerMessageHandler     : Stopping...
2026-09-01 18:03:28.148  INFO [SpringApplicationShutdownHook] [traceId=NONE userId=NONE] o.s.m.s.b.SimpleBrokerMessageHandler     : BrokerAvailabilityEvent[available=false, SimpleBrokerMessageHandler [org.springframework.messaging.simp.broker.DefaultSubscriptionRegistry@1e709a4e]]
2026-09-01 18:03:28.148  INFO [SpringApplicationShutdownHook] [traceId=NONE userId=NONE] o.s.m.s.b.SimpleBrokerMessageHandler     : Stopped.
2026-09-01 18:03:28.198  INFO [SpringApplicationShutdownHook] [traceId=NONE userId=NONE] j.LocalContainerEntityManagerFactoryBean : Closing JPA EntityManagerFactory for persistence unit 'default'
2026-09-01 18:03:28.213  INFO [SpringApplicationShutdownHook] [traceId=NONE userId=NONE] com.zaxxer.hikari.HikariDataSource       : HikariPool-1 - Shutdown initiated...
2026-09-01 18:03:28.219  INFO [SpringApplicationShutdownHook] [traceId=NONE userId=NONE] com.zaxxer.hikari.HikariDataSource       : HikariPool-1 - Shutdown completed.
2026-09-01 18:03:28.223  INFO [SpringApplicationShutdownHook] [traceId=NONE userId=NONE] o.s.m.s.b.SimpleBrokerMessageHandler     : Stopping...
2026-09-01 18:03:28.223  INFO [SpringApplicationShutdownHook] [traceId=NONE userId=NONE] o.s.m.s.b.SimpleBrokerMessageHandler     : BrokerAvailabilityEvent[available=false, SimpleBrokerMessageHandler [org.springframework.messaging.simp.broker.DefaultSubscriptionRegistry@21249add]]
2026-09-01 18:03:28.224  INFO [SpringApplicationShutdownHook] [traceId=NONE userId=NONE] o.s.m.s.b.SimpleBrokerMessageHandler     : Stopped.
2026-09-01 18:03:28.240  INFO [SpringApplicationShutdownHook] [traceId=NONE userId=NONE] j.LocalContainerEntityManagerFactoryBean : Closing JPA EntityManagerFactory for persistence unit 'default'
2026-09-01 18:03:28.241  INFO [SpringApplicationShutdownHook] [traceId=NONE userId=NONE] com.zaxxer.hikari.HikariDataSource       : HikariPool-2 - Shutdown initiated...
2026-09-01 18:03:28.243  INFO [SpringApplicationShutdownHook] [traceId=NONE userId=NONE] com.zaxxer.hikari.HikariDataSource       : HikariPool-2 - Shutdown completed.
2026-09-01 18:03:28.246  INFO [SpringApplicationShutdownHook] [traceId=NONE userId=NONE] o.s.m.s.b.SimpleBrokerMessageHandler     : Stopping...
2026-09-01 18:03:28.246  INFO [SpringApplicationShutdownHook] [traceId=NONE userId=NONE] o.s.m.s.b.SimpleBrokerMessageHandler     : BrokerAvailabilityEvent[available=false, SimpleBrokerMessageHandler [org.springframework.messaging.simp.broker.DefaultSubscriptionRegistry@57afba56]]
2026-09-01 18:03:28.247  INFO [SpringApplicationShutdownHook] [traceId=NONE userId=NONE] o.s.m.s.b.SimpleBrokerMessageHandler     : Stopped.
2026-09-01 18:03:28.263  INFO [SpringApplicationShutdownHook] [traceId=NONE userId=NONE] j.LocalContainerEntityManagerFactoryBean : Closing JPA EntityManagerFactory for persistence unit 'default'
2026-09-01 18:03:28.266  INFO [SpringApplicationShutdownHook] [traceId=NONE userId=NONE] com.zaxxer.hikari.HikariDataSource       : HikariPool-3 - Shutdown initiated...
2026-09-01 18:03:28.269  INFO [SpringApplicationShutdownHook] [traceId=NONE userId=NONE] com.zaxxer.hikari.HikariDataSource       : HikariPool-3 - Shutdown completed.
2026-09-01 18:03:28.271  INFO [SpringApplicationShutdownHook] [traceId=NONE userId=NONE] o.s.m.s.b.SimpleBrokerMessageHandler     : Stopping...
2026-09-01 18:03:28.271  INFO [SpringApplicationShutdownHook] [traceId=NONE userId=NONE] o.s.m.s.b.SimpleBrokerMessageHandler     : BrokerAvailabilityEvent[available=false, SimpleBrokerMessageHandler [org.springframework.messaging.simp.broker.DefaultSubscriptionRegistry@5fe11032]]
2026-09-01 18:03:28.272  INFO [SpringApplicationShutdownHook] [traceId=NONE userId=NONE] o.s.m.s.b.SimpleBrokerMessageHandler     : Stopped.
2026-09-01 18:03:28.283  INFO [SpringApplicationShutdownHook] [traceId=NONE userId=NONE] j.LocalContainerEntityManagerFactoryBean : Closing JPA EntityManagerFactory for persistence unit 'default'
2026-09-01 18:03:28.285  INFO [SpringApplicationShutdownHook] [traceId=NONE userId=NONE] com.zaxxer.hikari.HikariDataSource       : HikariPool-4 - Shutdown initiated...
2026-09-01 18:03:28.287  INFO [SpringApplicationShutdownHook] [traceId=NONE userId=NONE] com.zaxxer.hikari.HikariDataSource       : HikariPool-4 - Shutdown completed.
2026-09-01 18:42:14.238  WARN [main] [traceId=NONE userId=NONE] ory$DuplicateJsonObjectContextCustomizer : 

Found multiple occurrences of org.json.JSONObject on the class path:

	jar:file:/C:/Users/Hamdaan/.m2/repository/com/vaadin/external/google/android-json/0.0.20131108.vaadin1/android-json-0.0.20131108.vaadin1.jar!/org/json/JSONObject.class
	jar:file:/C:/Users/Hamdaan/.m2/repository/org/json/json/20231013/json-20231013.jar!/org/json/JSONObject.class

You may wish to exclude one of them to ensure predictable runtime behavior

2026-09-01 18:42:14.314  INFO [main] [traceId=NONE userId=NONE] c.bookmyshow.BookmyshowApplicationTests  : Starting BookmyshowApplicationTests using Java 22.0.1 with PID 13936 (started by Hamdaan in C:\Users\Hamdaan\Downloads\bookmyshow\bookmyshow)
2026-09-01 18:42:14.317  INFO [main] [traceId=NONE userId=NONE] c.bookmyshow.BookmyshowApplicationTests  : No active profile set, falling back to 1 default profile: "default"
2026-09-01 18:42:17.887  INFO [main] [traceId=NONE userId=NONE] .s.d.r.c.RepositoryConfigurationDelegate : Multiple Spring Data modules found, entering strict repository configuration mode
2026-09-01 18:42:17.895  INFO [main] [traceId=NONE userId=NONE] .s.d.r.c.RepositoryConfigurationDelegate : Bootstrapping Spring Data JPA repositories in DEFAULT mode.
2026-09-01 18:42:18.419  INFO [main] [traceId=NONE userId=NONE] .s.d.r.c.RepositoryConfigurationDelegate : Finished Spring Data repository scanning in 490 ms. Found 9 JPA repository interfaces.
2026-09-01 18:42:18.461  INFO [main] [traceId=NONE userId=NONE] .s.d.r.c.RepositoryConfigurationDelegate : Multiple Spring Data modules found, entering strict repository configuration mode
2026-09-01 18:42:18.468  INFO [main] [traceId=NONE userId=NONE] .s.d.r.c.RepositoryConfigurationDelegate : Bootstrapping Spring Data Redis repositories in DEFAULT mode.
2026-09-01 18:42:18.515  INFO [main] [traceId=NONE userId=NONE] .RepositoryConfigurationExtensionSupport : Spring Data Redis - Could not safely identify store assignment for repository candidate interface com.bookmyshow.repository.BookingRepository; If you want this repository to be a Redis repository, consider annotating your entities with one of these annotations: org.springframework.data.redis.core.RedisHash (preferred), or consider extending one of the following types with your repository: org.springframework.data.keyvalue.repository.KeyValueRepository
2026-09-01 18:42:18.516  INFO [main] [traceId=NONE userId=NONE] .RepositoryConfigurationExtensionSupport : Spring Data Redis - Could not safely identify store assignment for repository candidate interface com.bookmyshow.repository.BookingSeatRepository; If you want this repository to be a Redis repository, consider annotating your entities with one of these annotations: org.springframework.data.redis.core.RedisHash (preferred), or consider extending one of the following types with your repository: org.springframework.data.keyvalue.repository.KeyValueRepository
2026-09-01 18:42:18.517  INFO [main] [traceId=NONE userId=NONE] .RepositoryConfigurationExtensionSupport : Spring Data Redis - Could not safely identify store assignment for repository candidate interface com.bookmyshow.repository.MovieRepository; If you want this repository to be a Redis repository, consider annotating your entities with one of these annotations: org.springframework.data.redis.core.RedisHash (preferred), or consider extending one of the following types with your repository: org.springframework.data.keyvalue.repository.KeyValueRepository
2026-09-01 18:42:18.518  INFO [main] [traceId=NONE userId=NONE] .RepositoryConfigurationExtensionSupport : Spring Data Redis - Could not safely identify store assignment for repository candidate interface com.bookmyshow.repository.PaymentRepository; If you want this repository to be a Redis repository, consider annotating your entities with one of these annotations: org.springframework.data.redis.core.RedisHash (preferred), or consider extending one of the following types with your repository: org.springframework.data.keyvalue.repository.KeyValueRepository
2026-09-01 18:42:18.519  INFO [main] [traceId=NONE userId=NONE] .RepositoryConfigurationExtensionSupport : Spring Data Redis - Could not safely identify store assignment for repository candidate interface com.bookmyshow.repository.ScreenRepository; If you want this repository to be a Redis repository, consider annotating your entities with one of these annotations: org.springframework.data.redis.core.RedisHash (preferred), or consider extending one of the following types with your repository: org.springframework.data.keyvalue.repository.KeyValueRepository
2026-09-01 18:42:18.520  INFO [main] [traceId=NONE userId=NONE] .RepositoryConfigurationExtensionSupport : Spring Data Redis - Could not safely identify store assignment for repository candidate interface com.bookmyshow.repository.SeatRepository; If you want this repository to be a Redis repository, consider annotating your entities with one of these annotations: org.springframework.data.redis.core.RedisHash (preferred), or consider extending one of the following types with your repository: org.springframework.data.keyvalue.repository.KeyValueRepository
2026-09-01 18:42:18.521  INFO [main] [traceId=NONE userId=NONE] .RepositoryConfigurationExtensionSupport : Spring Data Redis - Could not safely identify store assignment for repository candidate interface com.bookmyshow.repository.ShowRepository; If you want this repository to be a Redis repository, consider annotating your entities with one of these annotations: org.springframework.data.redis.core.RedisHash (preferred), or consider extending one of the following types with your repository: org.springframework.data.keyvalue.repository.KeyValueRepository
2026-09-01 18:42:18.522  INFO [main] [traceId=NONE userId=NONE] .RepositoryConfigurationExtensionSupport : Spring Data Redis - Could not safely identify store assignment for repository candidate interface com.bookmyshow.repository.TheatreRepository; If you want this repository to be a Redis repository, consider annotating your entities with one of these annotations: org.springframework.data.redis.core.RedisHash (preferred), or consider extending one of the following types with your repository: org.springframework.data.keyvalue.repository.KeyValueRepository
2026-09-01 18:42:18.524  INFO [main] [traceId=NONE userId=NONE] .RepositoryConfigurationExtensionSupport : Spring Data Redis - Could not safely identify store assignment for repository candidate interface com.bookmyshow.repository.UserRepository; If you want this repository to be a Redis repository, consider annotating your entities with one of these annotations: org.springframework.data.redis.core.RedisHash (preferred), or consider extending one of the following types with your repository: org.springframework.data.keyvalue.repository.KeyValueRepository
2026-09-01 18:42:18.525  INFO [main] [traceId=NONE userId=NONE] .s.d.r.c.RepositoryConfigurationDelegate : Finished Spring Data repository scanning in 27 ms. Found 0 Redis repository interfaces.
2026-09-01 18:42:20.231  INFO [main] [traceId=NONE userId=NONE] o.hibernate.jpa.internal.util.LogHelper  : HHH000204: Processing PersistenceUnitInfo [name: default]
2026-09-01 18:42:20.405  INFO [main] [traceId=NONE userId=NONE] org.hibernate.Version                    : HHH000412: Hibernate ORM core version 6.6.13.Final
2026-09-01 18:42:20.477  INFO [main] [traceId=NONE userId=NONE] o.h.c.internal.RegionFactoryInitiator    : HHH000026: Second-level cache disabled
2026-09-01 18:42:21.109  INFO [main] [traceId=NONE userId=NONE] o.s.o.j.p.SpringPersistenceUnitInfo      : No LoadTimeWeaver setup: ignoring JPA class transformer
2026-09-01 18:42:21.187  INFO [main] [traceId=NONE userId=NONE] com.zaxxer.hikari.HikariDataSource       : HikariPool-1 - Starting...
2026-09-01 18:42:21.626  INFO [main] [traceId=NONE userId=NONE] com.zaxxer.hikari.pool.HikariPool        : HikariPool-1 - Added connection conn0: url=jdbc:h2:mem:bookmyshow-test user=SA
2026-09-01 18:42:21.630  INFO [main] [traceId=NONE userId=NONE] com.zaxxer.hikari.HikariDataSource       : HikariPool-1 - Start completed.
2026-09-01 18:42:21.734  INFO [main] [traceId=NONE userId=NONE] org.hibernate.orm.connections.pooling    : HHH10001005: Database info:
	Database JDBC URL [Connecting through datasource 'HikariDataSource (HikariPool-1)']
	Database driver: undefined/unknown
	Database version: 2.3.232
	Autocommit mode: undefined/unknown
	Isolation level: undefined/unknown
	Minimum pool size: undefined/unknown
	Maximum pool size: undefined/unknown
2026-09-01 18:42:23.714  INFO [main] [traceId=NONE userId=NONE] o.h.e.t.j.p.i.JtaPlatformInitiator       : HHH000489: No JTA platform available (set 'hibernate.transaction.jta.platform' to enable JTA platform integration)
2026-09-01 18:42:23.837  INFO [main] [traceId=NONE userId=NONE] j.LocalContainerEntityManagerFactoryBean : Initialized JPA EntityManagerFactory for persistence unit 'default'
2026-09-01 18:42:25.225  INFO [main] [traceId=NONE userId=NONE] o.s.d.j.r.query.QueryEnhancerFactory     : Hibernate is in classpath; If applicable, HQL parser will be used.
2026-09-01 18:42:30.842  WARN [main] [traceId=NONE userId=NONE] com.bookmyshow.config.CacheConfig        : Redis server unreachable (Unable to connect to Redis). Falling back to embedded ConcurrentMapCacheManager.
2026-09-01 18:42:33.014  INFO [main] [traceId=NONE userId=NONE] c.b.initializer.DataInitializer          : Default Admin User created: admin@cinex.com / admin123
2026-09-01 18:42:33.242  INFO [main] [traceId=NONE userId=NONE] c.b.initializer.DataInitializer          : Default Test User created: user@cinex.com / user123
2026-09-01 18:42:33.318  INFO [main] [traceId=NONE userId=NONE] c.b.initializer.DataInitializer          : Initializing sample data for BookMyShow...
2026-09-01 18:42:33.616  INFO [main] [traceId=NONE userId=NONE] c.b.initializer.DataInitializer          : Initialization completed successfully!
2026-09-01 18:42:34.256  WARN [main] [traceId=NONE userId=NONE] .s.s.UserDetailsServiceAutoConfiguration : 

Using generated security password: 2d88d90b-58a5-4289-8876-8e9c3c1e11be

This generated password is for development use only. Your security configuration must be updated before running your application in production.

2026-09-01 18:42:34.283  INFO [main] [traceId=NONE userId=NONE] r$InitializeUserDetailsManagerConfigurer : Global AuthenticationManager configured with UserDetailsService bean with name inMemoryUserDetailsManager
2026-09-01 18:42:34.902  INFO [main] [traceId=NONE userId=NONE] o.s.b.a.w.s.WelcomePageHandlerMapping    : Adding welcome page: class path resource [static/index.html]
2026-09-01 18:42:36.861  INFO [main] [traceId=NONE userId=NONE] o.s.b.a.e.web.EndpointLinksResolver      : Exposing 6 endpoints beneath base path '/actuator'
2026-09-01 18:42:40.987  INFO [main] [traceId=NONE userId=NONE] o.s.m.s.b.SimpleBrokerMessageHandler     : Starting...
2026-09-01 18:42:40.990  INFO [main] [traceId=NONE userId=NONE] o.s.m.s.b.SimpleBrokerMessageHandler     : BrokerAvailabilityEvent[available=true, SimpleBrokerMessageHandler [org.springframework.messaging.simp.broker.DefaultSubscriptionRegistry@26c700ff]]
2026-09-01 18:42:40.993  INFO [main] [traceId=NONE userId=NONE] o.s.m.s.b.SimpleBrokerMessageHandler     : Started.
2026-09-01 18:42:41.049  INFO [main] [traceId=NONE userId=NONE] c.bookmyshow.BookmyshowApplicationTests  : Started BookmyshowApplicationTests in 27.878 seconds (process running for 30.138)
2026-09-01 18:42:43.682  INFO [main] [traceId=NONE userId=NONE] t.c.s.AnnotationConfigContextLoaderUtils : Could not detect default configuration classes for test class [com.bookmyshow.config.OpenApiDocumentationTest]: OpenApiDocumentationTest does not declare any static, non-private, non-final, nested classes annotated with @Configuration.
2026-09-01 18:42:44.155  INFO [main] [traceId=NONE userId=NONE] .b.t.c.SpringBootTestContextBootstrapper : Found @SpringBootConfiguration com.bookmyshow.BookmyshowApplication for test class com.bookmyshow.config.OpenApiDocumentationTest
2026-09-01 18:42:44.227  WARN [main] [traceId=NONE userId=NONE] ory$DuplicateJsonObjectContextCustomizer : 

Found multiple occurrences of org.json.JSONObject on the class path:

	jar:file:/C:/Users/Hamdaan/.m2/repository/com/vaadin/external/google/android-json/0.0.20131108.vaadin1/android-json-0.0.20131108.vaadin1.jar!/org/json/JSONObject.class
	jar:file:/C:/Users/Hamdaan/.m2/repository/org/json/json/20231013/json-20231013.jar!/org/json/JSONObject.class

You may wish to exclude one of them to ensure predictable runtime behavior

2026-09-01 18:42:44.232  INFO [main] [traceId=NONE userId=NONE] c.b.config.OpenApiDocumentationTest      : Starting OpenApiDocumentationTest using Java 22.0.1 with PID 13936 (started by Hamdaan in C:\Users\Hamdaan\Downloads\bookmyshow\bookmyshow)
2026-09-01 18:42:44.233  INFO [main] [traceId=NONE userId=NONE] c.b.config.OpenApiDocumentationTest      : No active profile set, falling back to 1 default profile: "default"
2026-09-01 18:42:47.038  INFO [main] [traceId=NONE userId=NONE] .s.d.r.c.RepositoryConfigurationDelegate : Multiple Spring Data modules found, entering strict repository configuration mode
2026-09-01 18:42:47.038  INFO [main] [traceId=NONE userId=NONE] .s.d.r.c.RepositoryConfigurationDelegate : Bootstrapping Spring Data JPA repositories in DEFAULT mode.
2026-09-01 18:42:47.087  INFO [main] [traceId=NONE userId=NONE] .s.d.r.c.RepositoryConfigurationDelegate : Finished Spring Data repository scanning in 45 ms. Found 9 JPA repository interfaces.
2026-09-01 18:42:47.091  INFO [main] [traceId=NONE userId=NONE] .s.d.r.c.RepositoryConfigurationDelegate : Multiple Spring Data modules found, entering strict repository configuration mode
2026-09-01 18:42:47.091  INFO [main] [traceId=NONE userId=NONE] .s.d.r.c.RepositoryConfigurationDelegate : Bootstrapping Spring Data Redis repositories in DEFAULT mode.
2026-09-01 18:42:47.104  INFO [main] [traceId=NONE userId=NONE] .RepositoryConfigurationExtensionSupport : Spring Data Redis - Could not safely identify store assignment for repository candidate interface com.bookmyshow.repository.BookingRepository; If you want this repository to be a Redis repository, consider annotating your entities with one of these annotations: org.springframework.data.redis.core.RedisHash (preferred), or consider extending one of the following types with your repository: org.springframework.data.keyvalue.repository.KeyValueRepository
2026-09-01 18:42:47.105  INFO [main] [traceId=NONE userId=NONE] .RepositoryConfigurationExtensionSupport : Spring Data Redis - Could not safely identify store assignment for repository candidate interface com.bookmyshow.repository.BookingSeatRepository; If you want this repository to be a Redis repository, consider annotating your entities with one of these annotations: org.springframework.data.redis.core.RedisHash (preferred), or consider extending one of the following types with your repository: org.springframework.data.keyvalue.repository.KeyValueRepository
2026-09-01 18:42:47.106  INFO [main] [traceId=NONE userId=NONE] .RepositoryConfigurationExtensionSupport : Spring Data Redis - Could not safely identify store assignment for repository candidate interface com.bookmyshow.repository.MovieRepository; If you want this repository to be a Redis repository, consider annotating your entities with one of these annotations: org.springframework.data.redis.core.RedisHash (preferred), or consider extending one of the following types with your repository: org.springframework.data.keyvalue.repository.KeyValueRepository
2026-09-01 18:42:47.106  INFO [main] [traceId=NONE userId=NONE] .RepositoryConfigurationExtensionSupport : Spring Data Redis - Could not safely identify store assignment for repository candidate interface com.bookmyshow.repository.PaymentRepository; If you want this repository to be a Redis repository, consider annotating your entities with one of these annotations: org.springframework.data.redis.core.RedisHash (preferred), or consider extending one of the following types with your repository: org.springframework.data.keyvalue.repository.KeyValueRepository
2026-09-01 18:42:47.106  INFO [main] [traceId=NONE userId=NONE] .RepositoryConfigurationExtensionSupport : Spring Data Redis - Could not safely identify store assignment for repository candidate interface com.bookmyshow.repository.ScreenRepository; If you want this repository to be a Redis repository, consider annotating your entities with one of these annotations: org.springframework.data.redis.core.RedisHash (preferred), or consider extending one of the following types with your repository: org.springframework.data.keyvalue.repository.KeyValueRepository
2026-09-01 18:42:47.107  INFO [main] [traceId=NONE userId=NONE] .RepositoryConfigurationExtensionSupport : Spring Data Redis - Could not safely identify store assignment for repository candidate interface com.bookmyshow.repository.SeatRepository; If you want this repository to be a Redis repository, consider annotating your entities with one of these annotations: org.springframework.data.redis.core.RedisHash (preferred), or consider extending one of the following types with your repository: org.springframework.data.keyvalue.repository.KeyValueRepository
2026-09-01 18:42:47.107  INFO [main] [traceId=NONE userId=NONE] .RepositoryConfigurationExtensionSupport : Spring Data Redis - Could not safely identify store assignment for repository candidate interface com.bookmyshow.repository.ShowRepository; If you want this repository to be a Redis repository, consider annotating your entities with one of these annotations: org.springframework.data.redis.core.RedisHash (preferred), or consider extending one of the following types with your repository: org.springframework.data.keyvalue.repository.KeyValueRepository
2026-09-01 18:42:47.107  INFO [main] [traceId=NONE userId=NONE] .RepositoryConfigurationExtensionSupport : Spring Data Redis - Could not safely identify store assignment for repository candidate interface com.bookmyshow.repository.TheatreRepository; If you want this repository to be a Redis repository, consider annotating your entities with one of these annotations: org.springframework.data.redis.core.RedisHash (preferred), or consider extending one of the following types with your repository: org.springframework.data.keyvalue.repository.KeyValueRepository
2026-09-01 18:42:47.107  INFO [main] [traceId=NONE userId=NONE] .RepositoryConfigurationExtensionSupport : Spring Data Redis - Could not safely identify store assignment for repository candidate interface com.bookmyshow.repository.UserRepository; If you want this repository to be a Redis repository, consider annotating your entities with one of these annotations: org.springframework.data.redis.core.RedisHash (preferred), or consider extending one of the following types with your repository: org.springframework.data.keyvalue.repository.KeyValueRepository
2026-09-01 18:42:47.108  INFO [main] [traceId=NONE userId=NONE] .s.d.r.c.RepositoryConfigurationDelegate : Finished Spring Data repository scanning in 14 ms. Found 0 Redis repository interfaces.
2026-09-01 18:42:47.485  INFO [main] [traceId=NONE userId=NONE] o.hibernate.jpa.internal.util.LogHelper  : HHH000204: Processing PersistenceUnitInfo [name: default]
2026-09-01 18:42:47.494  INFO [main] [traceId=NONE userId=NONE] o.h.c.internal.RegionFactoryInitiator    : HHH000026: Second-level cache disabled
2026-09-01 18:42:47.539  INFO [main] [traceId=NONE userId=NONE] o.s.o.j.p.SpringPersistenceUnitInfo      : No LoadTimeWeaver setup: ignoring JPA class transformer
2026-09-01 18:42:47.542  INFO [main] [traceId=NONE userId=NONE] com.zaxxer.hikari.HikariDataSource       : HikariPool-2 - Starting...
2026-09-01 18:42:47.544  INFO [main] [traceId=NONE userId=NONE] com.zaxxer.hikari.pool.HikariPool        : HikariPool-2 - Added connection conn10: url=jdbc:h2:mem:bookmyshow-test user=SA
2026-09-01 18:42:47.544  INFO [main] [traceId=NONE userId=NONE] com.zaxxer.hikari.HikariDataSource       : HikariPool-2 - Start completed.
2026-09-01 18:42:47.546  INFO [main] [traceId=NONE userId=NONE] org.hibernate.orm.connections.pooling    : HHH10001005: Database info:
	Database JDBC URL [Connecting through datasource 'HikariDataSource (HikariPool-2)']
	Database driver: undefined/unknown
	Database version: 2.3.232
	Autocommit mode: undefined/unknown
	Isolation level: undefined/unknown
	Minimum pool size: undefined/unknown
	Maximum pool size: undefined/unknown
2026-09-01 18:42:47.802  INFO [main] [traceId=NONE userId=NONE] o.h.e.t.j.p.i.JtaPlatformInitiator       : HHH000489: No JTA platform available (set 'hibernate.transaction.jta.platform' to enable JTA platform integration)
2026-09-01 18:42:47.849  INFO [main] [traceId=NONE userId=NONE] j.LocalContainerEntityManagerFactoryBean : Initialized JPA EntityManagerFactory for persistence unit 'default'
2026-09-01 18:42:48.570  WARN [main] [traceId=NONE userId=NONE] com.bookmyshow.config.CacheConfig        : Redis server unreachable (Unable to connect to Redis). Falling back to embedded ConcurrentMapCacheManager.
2026-09-01 18:42:48.751  INFO [main] [traceId=NONE userId=NONE] c.b.initializer.DataInitializer          : Default Admin User created: admin@cinex.com / admin123
2026-09-01 18:42:48.853  INFO [main] [traceId=NONE userId=NONE] c.b.initializer.DataInitializer          : Default Test User created: user@cinex.com / user123
2026-09-01 18:42:48.857  INFO [main] [traceId=NONE userId=NONE] c.b.initializer.DataInitializer          : Initializing sample data for BookMyShow...
2026-09-01 18:42:48.963  INFO [main] [traceId=NONE userId=NONE] c.b.initializer.DataInitializer          : Initialization completed successfully!
2026-09-01 18:42:49.106  WARN [main] [traceId=NONE userId=NONE] .s.s.UserDetailsServiceAutoConfiguration : 

Using generated security password: ad9f396a-42c4-4f01-af5e-3c149b6187c2

This generated password is for development use only. Your security configuration must be updated before running your application in production.

2026-09-01 18:42:49.137  INFO [main] [traceId=NONE userId=NONE] r$InitializeUserDetailsManagerConfigurer : Global AuthenticationManager configured with UserDetailsService bean with name inMemoryUserDetailsManager
2026-09-01 18:42:49.218  INFO [main] [traceId=NONE userId=NONE] o.s.b.a.w.s.WelcomePageHandlerMapping    : Adding welcome page: class path resource [static/index.html]
2026-09-01 18:42:49.536  INFO [main] [traceId=NONE userId=NONE] o.s.b.a.e.web.EndpointLinksResolver      : Exposing 6 endpoints beneath base path '/actuator'
2026-09-01 18:42:51.780  INFO [main] [traceId=NONE userId=NONE] o.s.b.t.m.w.SpringBootMockServletContext : Initializing Spring TestDispatcherServlet ''
2026-09-01 18:42:51.782  INFO [main] [traceId=NONE userId=NONE] o.s.t.web.servlet.TestDispatcherServlet  : Initializing Servlet ''
2026-09-01 18:42:51.785  INFO [main] [traceId=NONE userId=NONE] o.s.t.web.servlet.TestDispatcherServlet  : Completed initialization in 3 ms
2026-09-01 18:42:51.906  INFO [main] [traceId=NONE userId=NONE] o.s.m.s.b.SimpleBrokerMessageHandler     : Starting...
2026-09-01 18:42:51.907  INFO [main] [traceId=NONE userId=NONE] o.s.m.s.b.SimpleBrokerMessageHandler     : BrokerAvailabilityEvent[available=true, SimpleBrokerMessageHandler [org.springframework.messaging.simp.broker.DefaultSubscriptionRegistry@1a0d31d1]]
2026-09-01 18:42:51.909  INFO [main] [traceId=NONE userId=NONE] o.s.m.s.b.SimpleBrokerMessageHandler     : Started.
2026-09-01 18:42:51.935  INFO [main] [traceId=NONE userId=NONE] c.b.config.OpenApiDocumentationTest      : Started OpenApiDocumentationTest in 7.771 seconds (process running for 41.024)
2026-09-01 18:42:57.287  INFO [main] [traceId=6411d7f2b1be4cf8 userId=ANONYMOUS] o.springdoc.api.AbstractOpenApiResource  : Init duration for springdoc-openapi is: 4914 ms
2026-09-01 18:42:57.636  INFO [main] [traceId=NONE userId=NONE] t.c.s.AnnotationConfigContextLoaderUtils : Could not detect default configuration classes for test class [com.bookmyshow.controller.SeatWebSocketControllerTest]: SeatWebSocketControllerTest does not declare any static, non-private, non-final, nested classes annotated with @Configuration.
2026-09-01 18:42:57.780  INFO [main] [traceId=NONE userId=NONE] .b.t.c.SpringBootTestContextBootstrapper : Found @SpringBootConfiguration com.bookmyshow.BookmyshowApplication for test class com.bookmyshow.controller.SeatWebSocketControllerTest
2026-09-01 18:42:57.860  WARN [main] [traceId=0fb8efb158904c15 userId=ANONYMOUS] c.b.filter.ClerkJwtAuthenticationFilter  : Missing or invalid Authorization header on protected endpoint: /api/shows/501/seats/lock
2026-09-01 18:42:57.951  INFO [main] [traceId=0fb8efb158904c15 userId=ANONYMOUS] com.bookmyshow.service.SeatLockService   : User [clerk-test-user] (session: [REST_CLIENT]) held seats [99, 100] for show 501
2026-09-01 18:42:57.990  WARN [main] [traceId=61a8a91641df4868 userId=ANONYMOUS] c.b.filter.ClerkJwtAuthenticationFilter  : Missing or invalid Authorization header on protected endpoint: /api/shows/501/seats/lock
2026-09-01 18:42:58.018  WARN [main] [traceId=61a8a91641df4868 userId=ANONYMOUS] com.bookmyshow.service.SeatLockService   : Seat selection rejected: Seat 100 on show 501 is already held by user clerk-test-user
2026-09-01 18:42:58.119  WARN [main] [traceId=9f5e060d764948db userId=ANONYMOUS] c.b.filter.ClerkJwtAuthenticationFilter  : Missing or invalid Authorization header on protected endpoint: /api/shows/501/seats/lock
2026-09-01 18:42:58.130  INFO [main] [traceId=9f5e060d764948db userId=ANONYMOUS] com.bookmyshow.service.SeatLockService   : Released seats [99, 100] for show 501
2026-09-01 18:42:58.233  INFO [main] [traceId=NONE userId=NONE] t.c.s.AnnotationConfigContextLoaderUtils : Could not detect default configuration classes for test class [com.bookmyshow.filter.LoggingAndMdcTest]: LoggingAndMdcTest does not declare any static, non-private, non-final, nested classes annotated with @Configuration.
2026-09-01 18:42:58.358  INFO [main] [traceId=NONE userId=NONE] .b.t.c.SpringBootTestContextBootstrapper : Found @SpringBootConfiguration com.bookmyshow.BookmyshowApplication for test class com.bookmyshow.filter.LoggingAndMdcTest
2026-09-01 18:42:58.434  INFO [main] [traceId=94e8a00656784df3 userId=ANONYMOUS] com.bookmyshow.service.MovieService      : Cache Miss: Fetching all movies from MySQL database
2026-09-01 18:42:58.630  INFO [main] [traceId=NONE userId=NONE] t.c.s.AnnotationConfigContextLoaderUtils : Could not detect default configuration classes for test class [com.bookmyshow.filter.RateLimitingTest]: RateLimitingTest does not declare any static, non-private, non-final, nested classes annotated with @Configuration.
2026-09-01 18:42:58.647  INFO [main] [traceId=NONE userId=NONE] .b.t.c.SpringBootTestContextBootstrapper : Found @SpringBootConfiguration com.bookmyshow.BookmyshowApplication for test class com.bookmyshow.filter.RateLimitingTest
2026-09-01 18:42:58.715  WARN [main] [traceId=3df555f65ec0439b userId=ANONYMOUS] c.b.filter.ClerkJwtAuthenticationFilter  : Missing or invalid Authorization header on protected endpoint: /api/bookings
2026-09-01 18:42:58.731  WARN [main] [traceId=de89e4892fe14462 userId=ANONYMOUS] c.b.filter.ClerkJwtAuthenticationFilter  : Missing or invalid Authorization header on protected endpoint: /api/bookings
2026-09-01 18:42:58.737  WARN [main] [traceId=71c8e9741f624880 userId=ANONYMOUS] c.b.filter.ClerkJwtAuthenticationFilter  : Missing or invalid Authorization header on protected endpoint: /api/bookings
2026-09-01 18:42:58.754  WARN [main] [traceId=01f36c1c0004483a userId=ANONYMOUS] c.b.filter.ClerkJwtAuthenticationFilter  : Missing or invalid Authorization header on protected endpoint: /api/bookings
2026-09-01 18:42:58.765  WARN [main] [traceId=70cb54336ffe4953 userId=ANONYMOUS] c.b.filter.ClerkJwtAuthenticationFilter  : Missing or invalid Authorization header on protected endpoint: /api/bookings
2026-09-01 18:42:58.770  WARN [main] [traceId=0c5caa2da13640a3 userId=ANONYMOUS] c.b.filter.ClerkJwtAuthenticationFilter  : Missing or invalid Authorization header on protected endpoint: /api/bookings
2026-09-01 18:42:58.777  WARN [main] [traceId=5d4cc0e3b0be4dfc userId=ANONYMOUS] c.b.filter.ClerkJwtAuthenticationFilter  : Missing or invalid Authorization header on protected endpoint: /api/bookings
2026-09-01 18:42:58.785  WARN [main] [traceId=dc60eaa2e3d94eaa userId=ANONYMOUS] c.b.filter.ClerkJwtAuthenticationFilter  : Missing or invalid Authorization header on protected endpoint: /api/bookings
2026-09-01 18:42:58.791  WARN [main] [traceId=e73b0e9900e546c1 userId=ANONYMOUS] c.b.filter.ClerkJwtAuthenticationFilter  : Missing or invalid Authorization header on protected endpoint: /api/bookings
2026-09-01 18:42:58.798  WARN [main] [traceId=775a017d31c34fc2 userId=ANONYMOUS] c.b.filter.ClerkJwtAuthenticationFilter  : Missing or invalid Authorization header on protected endpoint: /api/bookings
2026-09-01 18:42:58.802  WARN [main] [traceId=522e374ffbe0426d userId=ANONYMOUS] c.b.filter.ClerkJwtAuthenticationFilter  : Missing or invalid Authorization header on protected endpoint: /api/bookings
2026-09-01 18:42:58.807  WARN [main] [traceId=4b90e12fa4d245c4 userId=ANONYMOUS] c.b.filter.ClerkJwtAuthenticationFilter  : Missing or invalid Authorization header on protected endpoint: /api/bookings
2026-09-01 18:42:58.810  WARN [main] [traceId=da5e4be4a8594905 userId=ANONYMOUS] c.b.filter.ClerkJwtAuthenticationFilter  : Missing or invalid Authorization header on protected endpoint: /api/bookings
2026-09-01 18:42:58.814  WARN [main] [traceId=afe1e8818d4743aa userId=ANONYMOUS] c.b.filter.ClerkJwtAuthenticationFilter  : Missing or invalid Authorization header on protected endpoint: /api/bookings
2026-09-01 18:42:58.820  WARN [main] [traceId=8d8eb80292874243 userId=ANONYMOUS] c.b.filter.ClerkJwtAuthenticationFilter  : Missing or invalid Authorization header on protected endpoint: /api/bookings
2026-09-01 18:42:58.826  WARN [main] [traceId=35cc63dd55864f0d userId=ANONYMOUS] c.b.filter.ClerkJwtAuthenticationFilter  : Missing or invalid Authorization header on protected endpoint: /api/bookings
2026-09-01 18:42:58.829  WARN [main] [traceId=edbf1102418d4a9d userId=ANONYMOUS] c.b.filter.ClerkJwtAuthenticationFilter  : Missing or invalid Authorization header on protected endpoint: /api/bookings
2026-09-01 18:42:58.835  WARN [main] [traceId=a0cabaea660040f6 userId=ANONYMOUS] c.b.filter.ClerkJwtAuthenticationFilter  : Missing or invalid Authorization header on protected endpoint: /api/bookings
2026-09-01 18:42:58.839  WARN [main] [traceId=0818ac6e5b194a9f userId=ANONYMOUS] c.b.filter.ClerkJwtAuthenticationFilter  : Missing or invalid Authorization header on protected endpoint: /api/bookings
2026-09-01 18:42:58.844  WARN [main] [traceId=68850c5f280344c0 userId=ANONYMOUS] c.b.filter.ClerkJwtAuthenticationFilter  : Missing or invalid Authorization header on protected endpoint: /api/bookings
2026-09-01 18:42:58.848  WARN [main] [traceId=731f09fb93c248b2 userId=ANONYMOUS] com.bookmyshow.filter.RateLimitFilter    : Rate limit exceeded for client [ip:10.0.0.55:tx]. Limit: 20/min. Endpoint: /api/bookings
2026-09-01 18:42:58.956  WARN [main] [traceId=71752649c6654319 userId=ANONYMOUS] c.b.monitoring.CineXHealthIndicator      : HealthCheck indicates Redis Cache is offline: Unable to connect to Redis
2026-09-01 18:42:59.062  INFO [main] [traceId=NONE userId=NONE] t.c.s.AnnotationConfigContextLoaderUtils : Could not detect default configuration classes for test class [com.bookmyshow.filter.SecurityHardeningTest]: SecurityHardeningTest does not declare any static, non-private, non-final, nested classes annotated with @Configuration.
2026-09-01 18:42:59.070  INFO [main] [traceId=NONE userId=NONE] .b.t.c.SpringBootTestContextBootstrapper : Found @SpringBootConfiguration com.bookmyshow.BookmyshowApplication for test class com.bookmyshow.filter.SecurityHardeningTest
2026-09-01 18:42:59.126  INFO [main] [traceId=NONE userId=NONE] t.c.s.AnnotationConfigContextLoaderUtils : Could not detect default configuration classes for test class [com.bookmyshow.monitoring.ActuatorMonitoringTest]: ActuatorMonitoringTest does not declare any static, non-private, non-final, nested classes annotated with @Configuration.
2026-09-01 18:42:59.157  INFO [main] [traceId=NONE userId=NONE] .b.t.c.SpringBootTestContextBootstrapper : Found @SpringBootConfiguration com.bookmyshow.BookmyshowApplication for test class com.bookmyshow.monitoring.ActuatorMonitoringTest
2026-09-01 18:43:00.711  WARN [main] [traceId=dab5fa6153984829 userId=ANONYMOUS] c.b.monitoring.CineXHealthIndicator      : HealthCheck indicates Redis Cache is offline: Unable to connect to Redis
2026-09-01 18:43:00.735  INFO [main] [traceId=NONE userId=NONE] t.c.s.AnnotationConfigContextLoaderUtils : Could not detect default configuration classes for test class [com.bookmyshow.monitoring.ConnectionPoolMonitoringTest]: ConnectionPoolMonitoringTest does not declare any static, non-private, non-final, nested classes annotated with @Configuration.
2026-09-01 18:43:00.739  INFO [main] [traceId=NONE userId=NONE] .b.t.c.SpringBootTestContextBootstrapper : Found @SpringBootConfiguration com.bookmyshow.BookmyshowApplication for test class com.bookmyshow.monitoring.ConnectionPoolMonitoringTest
2026-09-01 18:43:00.751  INFO [main] [traceId=NONE userId=NONE] c.b.m.ConnectionPoolMonitoringService    : HikariCP Metrics -> Active: 0, Idle: 10, Total: 10, Waiting Threads: 0
2026-09-01 18:43:00.799  INFO [main] [traceId=NONE userId=NONE] t.c.s.AnnotationConfigContextLoaderUtils : Could not detect default configuration classes for test class [com.bookmyshow.service.AdminPlatformTest]: AdminPlatformTest does not declare any static, non-private, non-final, nested classes annotated with @Configuration.
2026-09-01 18:43:00.853  INFO [main] [traceId=NONE userId=NONE] .b.t.c.SpringBootTestContextBootstrapper : Found @SpringBootConfiguration com.bookmyshow.BookmyshowApplication for test class com.bookmyshow.service.AdminPlatformTest
2026-09-01 18:43:01.146  INFO [main] [traceId=NONE userId=NONE] com.bookmyshow.service.TheatreService    : Adding new theatre: PVR Admin Test in Mumbai
2026-09-01 18:43:01.328  INFO [main] [traceId=NONE userId=NONE] com.bookmyshow.service.MovieService      : Adding new movie: Inception Admin Test
2026-09-01 18:43:01.331  INFO [main] [traceId=NONE userId=NONE] com.bookmyshow.service.MovieService      : Updating movie id: 4
2026-09-01 18:43:01.395  INFO [main] [traceId=NONE userId=NONE] com.bookmyshow.service.MovieService      : Deleting movie id: 4
2026-09-01 18:43:01.458  INFO [main] [traceId=NONE userId=NONE] com.bookmyshow.service.MovieService      : Cache Miss: Fetching movie details for id 4 from MySQL database
2026-09-01 18:43:01.510  INFO [main] [traceId=NONE userId=NONE] t.c.s.AnnotationConfigContextLoaderUtils : Could not detect default configuration classes for test class [com.bookmyshow.service.BookingConcurrencyTest]: BookingConcurrencyTest does not declare any static, non-private, non-final, nested classes annotated with @Configuration.
2026-09-01 18:43:01.531  INFO [main] [traceId=NONE userId=NONE] .b.t.c.SpringBootTestContextBootstrapper : Found @SpringBootConfiguration com.bookmyshow.BookmyshowApplication for test class com.bookmyshow.service.BookingConcurrencyTest
2026-09-01 18:43:01.621  WARN [main] [traceId=NONE userId=NONE] ory$DuplicateJsonObjectContextCustomizer : 

Found multiple occurrences of org.json.JSONObject on the class path:

	jar:file:/C:/Users/Hamdaan/.m2/repository/com/vaadin/external/google/android-json/0.0.20131108.vaadin1/android-json-0.0.20131108.vaadin1.jar!/org/json/JSONObject.class
	jar:file:/C:/Users/Hamdaan/.m2/repository/org/json/json/20231013/json-20231013.jar!/org/json/JSONObject.class

You may wish to exclude one of them to ensure predictable runtime behavior

2026-09-01 18:43:01.625  INFO [main] [traceId=NONE userId=NONE] c.b.service.BookingConcurrencyTest       : Starting BookingConcurrencyTest using Java 22.0.1 with PID 13936 (started by Hamdaan in C:\Users\Hamdaan\Downloads\bookmyshow\bookmyshow)
2026-09-01 18:43:01.626  INFO [main] [traceId=NONE userId=NONE] c.b.service.BookingConcurrencyTest       : No active profile set, falling back to 1 default profile: "default"
2026-09-01 18:43:02.800  INFO [main] [traceId=NONE userId=NONE] .s.d.r.c.RepositoryConfigurationDelegate : Multiple Spring Data modules found, entering strict repository configuration mode
2026-09-01 18:43:02.800  INFO [main] [traceId=NONE userId=NONE] .s.d.r.c.RepositoryConfigurationDelegate : Bootstrapping Spring Data JPA repositories in DEFAULT mode.
2026-09-01 18:43:02.947  INFO [main] [traceId=NONE userId=NONE] .s.d.r.c.RepositoryConfigurationDelegate : Finished Spring Data repository scanning in 142 ms. Found 9 JPA repository interfaces.
2026-09-01 18:43:02.956  INFO [main] [traceId=NONE userId=NONE] .s.d.r.c.RepositoryConfigurationDelegate : Multiple Spring Data modules found, entering strict repository configuration mode
2026-09-01 18:43:02.956  INFO [main] [traceId=NONE userId=NONE] .s.d.r.c.RepositoryConfigurationDelegate : Bootstrapping Spring Data Redis repositories in DEFAULT mode.
2026-09-01 18:43:02.983  INFO [main] [traceId=NONE userId=NONE] .RepositoryConfigurationExtensionSupport : Spring Data Redis - Could not safely identify store assignment for repository candidate interface com.bookmyshow.repository.BookingRepository; If you want this repository to be a Redis repository, consider annotating your entities with one of these annotations: org.springframework.data.redis.core.RedisHash (preferred), or consider extending one of the following types with your repository: org.springframework.data.keyvalue.repository.KeyValueRepository
2026-09-01 18:43:02.984  INFO [main] [traceId=NONE userId=NONE] .RepositoryConfigurationExtensionSupport : Spring Data Redis - Could not safely identify store assignment for repository candidate interface com.bookmyshow.repository.BookingSeatRepository; If you want this repository to be a Redis repository, consider annotating your entities with one of these annotations: org.springframework.data.redis.core.RedisHash (preferred), or consider extending one of the following types with your repository: org.springframework.data.keyvalue.repository.KeyValueRepository
2026-09-01 18:43:02.984  INFO [main] [traceId=NONE userId=NONE] .RepositoryConfigurationExtensionSupport : Spring Data Redis - Could not safely identify store assignment for repository candidate interface com.bookmyshow.repository.MovieRepository; If you want this repository to be a Redis repository, consider annotating your entities with one of these annotations: org.springframework.data.redis.core.RedisHash (preferred), or consider extending one of the following types with your repository: org.springframework.data.keyvalue.repository.KeyValueRepository
2026-09-01 18:43:02.984  INFO [main] [traceId=NONE userId=NONE] .RepositoryConfigurationExtensionSupport : Spring Data Redis - Could not safely identify store assignment for repository candidate interface com.bookmyshow.repository.PaymentRepository; If you want this repository to be a Redis repository, consider annotating your entities with one of these annotations: org.springframework.data.redis.core.RedisHash (preferred), or consider extending one of the following types with your repository: org.springframework.data.keyvalue.repository.KeyValueRepository
2026-09-01 18:43:02.984  INFO [main] [traceId=NONE userId=NONE] .RepositoryConfigurationExtensionSupport : Spring Data Redis - Could not safely identify store assignment for repository candidate interface com.bookmyshow.repository.ScreenRepository; If you want this repository to be a Redis repository, consider annotating your entities with one of these annotations: org.springframework.data.redis.core.RedisHash (preferred), or consider extending one of the following types with your repository: org.springframework.data.keyvalue.repository.KeyValueRepository
2026-09-01 18:43:02.984  INFO [main] [traceId=NONE userId=NONE] .RepositoryConfigurationExtensionSupport : Spring Data Redis - Could not safely identify store assignment for repository candidate interface com.bookmyshow.repository.SeatRepository; If you want this repository to be a Redis repository, consider annotating your entities with one of these annotations: org.springframework.data.redis.core.RedisHash (preferred), or consider extending one of the following types with your repository: org.springframework.data.keyvalue.repository.KeyValueRepository
2026-09-01 18:43:02.985  INFO [main] [traceId=NONE userId=NONE] .RepositoryConfigurationExtensionSupport : Spring Data Redis - Could not safely identify store assignment for repository candidate interface com.bookmyshow.repository.ShowRepository; If you want this repository to be a Redis repository, consider annotating your entities with one of these annotations: org.springframework.data.redis.core.RedisHash (preferred), or consider extending one of the following types with your repository: org.springframework.data.keyvalue.repository.KeyValueRepository
2026-09-01 18:43:02.985  INFO [main] [traceId=NONE userId=NONE] .RepositoryConfigurationExtensionSupport : Spring Data Redis - Could not safely identify store assignment for repository candidate interface com.bookmyshow.repository.TheatreRepository; If you want this repository to be a Redis repository, consider annotating your entities with one of these annotations: org.springframework.data.redis.core.RedisHash (preferred), or consider extending one of the following types with your repository: org.springframework.data.keyvalue.repository.KeyValueRepository
2026-09-01 18:43:02.985  INFO [main] [traceId=NONE userId=NONE] .RepositoryConfigurationExtensionSupport : Spring Data Redis - Could not safely identify store assignment for repository candidate interface com.bookmyshow.repository.UserRepository; If you want this repository to be a Redis repository, consider annotating your entities with one of these annotations: org.springframework.data.redis.core.RedisHash (preferred), or consider extending one of the following types with your repository: org.springframework.data.keyvalue.repository.KeyValueRepository
2026-09-01 18:43:02.986  INFO [main] [traceId=NONE userId=NONE] .s.d.r.c.RepositoryConfigurationDelegate : Finished Spring Data repository scanning in 23 ms. Found 0 Redis repository interfaces.
2026-09-01 18:43:04.448  INFO [main] [traceId=NONE userId=NONE] o.hibernate.jpa.internal.util.LogHelper  : HHH000204: Processing PersistenceUnitInfo [name: default]
2026-09-01 18:43:04.466  INFO [main] [traceId=NONE userId=NONE] o.h.c.internal.RegionFactoryInitiator    : HHH000026: Second-level cache disabled
2026-09-01 18:43:04.540  INFO [main] [traceId=NONE userId=NONE] o.s.o.j.p.SpringPersistenceUnitInfo      : No LoadTimeWeaver setup: ignoring JPA class transformer
2026-09-01 18:43:04.545  INFO [main] [traceId=NONE userId=NONE] com.zaxxer.hikari.HikariDataSource       : HikariPool-3 - Starting...
2026-09-01 18:43:04.548  INFO [main] [traceId=NONE userId=NONE] com.zaxxer.hikari.pool.HikariPool        : HikariPool-3 - Added connection conn20: url=jdbc:h2:mem:bookmyshow-test user=SA
2026-09-01 18:43:04.549  INFO [main] [traceId=NONE userId=NONE] com.zaxxer.hikari.HikariDataSource       : HikariPool-3 - Start completed.
2026-09-01 18:43:04.553  INFO [main] [traceId=NONE userId=NONE] org.hibernate.orm.connections.pooling    : HHH10001005: Database info:
	Database JDBC URL [Connecting through datasource 'HikariDataSource (HikariPool-3)']
	Database driver: undefined/unknown
	Database version: 2.3.232
	Autocommit mode: undefined/unknown
	Isolation level: undefined/unknown
	Minimum pool size: undefined/unknown
	Maximum pool size: undefined/unknown
2026-09-01 18:43:04.953  INFO [main] [traceId=NONE userId=NONE] o.h.e.t.j.p.i.JtaPlatformInitiator       : HHH000489: No JTA platform available (set 'hibernate.transaction.jta.platform' to enable JTA platform integration)
2026-09-01 18:43:05.030  INFO [main] [traceId=NONE userId=NONE] j.LocalContainerEntityManagerFactoryBean : Initialized JPA EntityManagerFactory for persistence unit 'default'
2026-09-01 18:43:06.830  WARN [main] [traceId=NONE userId=NONE] com.bookmyshow.config.CacheConfig        : Redis server unreachable (Unable to connect to Redis). Falling back to embedded ConcurrentMapCacheManager.
2026-09-01 18:43:08.111  INFO [main] [traceId=NONE userId=NONE] c.b.initializer.DataInitializer          : Default Admin User created: admin@cinex.com / admin123
2026-09-01 18:43:08.227  INFO [main] [traceId=NONE userId=NONE] c.b.initializer.DataInitializer          : Default Test User created: user@cinex.com / user123
2026-09-01 18:43:08.235  INFO [main] [traceId=NONE userId=NONE] c.b.initializer.DataInitializer          : Initializing sample data for BookMyShow...
2026-09-01 18:43:08.444  INFO [main] [traceId=NONE userId=NONE] c.b.initializer.DataInitializer          : Initialization completed successfully!
2026-09-01 18:43:08.884  WARN [main] [traceId=NONE userId=NONE] .s.s.UserDetailsServiceAutoConfiguration : 

Using generated security password: 4648ba58-40b4-486a-a205-eea3858a36d2

This generated password is for development use only. Your security configuration must be updated before running your application in production.

2026-09-01 18:43:08.894  INFO [main] [traceId=NONE userId=NONE] r$InitializeUserDetailsManagerConfigurer : Global AuthenticationManager configured with UserDetailsService bean with name inMemoryUserDetailsManager
2026-09-01 18:43:09.106  INFO [main] [traceId=NONE userId=NONE] o.s.b.a.w.s.WelcomePageHandlerMapping    : Adding welcome page: class path resource [static/index.html]
2026-09-01 18:43:10.020  INFO [main] [traceId=NONE userId=NONE] o.s.b.a.e.web.EndpointLinksResolver      : Exposing 6 endpoints beneath base path '/actuator'
2026-09-01 18:43:12.136  INFO [main] [traceId=NONE userId=NONE] o.s.m.s.b.SimpleBrokerMessageHandler     : Starting...
2026-09-01 18:43:12.136  INFO [main] [traceId=NONE userId=NONE] o.s.m.s.b.SimpleBrokerMessageHandler     : BrokerAvailabilityEvent[available=true, SimpleBrokerMessageHandler [org.springframework.messaging.simp.broker.DefaultSubscriptionRegistry@6dd8a127]]
2026-09-01 18:43:12.137  INFO [main] [traceId=NONE userId=NONE] o.s.m.s.b.SimpleBrokerMessageHandler     : Started.
2026-09-01 18:43:12.165  INFO [main] [traceId=NONE userId=NONE] c.b.service.BookingConcurrencyTest       : Started BookingConcurrencyTest in 10.616 seconds (process running for 61.253)
2026-09-01 18:43:12.481  INFO [main] [traceId=NONE userId=NONE] t.c.s.AnnotationConfigContextLoaderUtils : Could not detect default configuration classes for test class [com.bookmyshow.service.CacheServiceTest]: CacheServiceTest does not declare any static, non-private, non-final, nested classes annotated with @Configuration.
2026-09-01 18:43:12.486  INFO [main] [traceId=NONE userId=NONE] .b.t.c.SpringBootTestContextBootstrapper : Found @SpringBootConfiguration com.bookmyshow.BookmyshowApplication for test class com.bookmyshow.service.CacheServiceTest
2026-09-01 18:43:12.513  INFO [main] [traceId=NONE userId=NONE] com.bookmyshow.service.MovieService      : Cache Miss: Fetching all movies from MySQL database
2026-09-01 18:43:12.519  INFO [main] [traceId=NONE userId=NONE] com.bookmyshow.service.MovieService      : Adding new movie: Test Cached Movie
2026-09-01 18:43:12.557  INFO [main] [traceId=NONE userId=NONE] com.bookmyshow.service.MovieService      : Cache Miss: Fetching all movies from MySQL database
2026-09-01 18:43:12.638  INFO [main] [traceId=NONE userId=NONE] t.c.s.AnnotationConfigContextLoaderUtils : Could not detect default configuration classes for test class [com.bookmyshow.service.GlobalSearchServiceTest]: GlobalSearchServiceTest does not declare any static, non-private, non-final, nested classes annotated with @Configuration.
2026-09-01 18:43:12.642  INFO [main] [traceId=NONE userId=NONE] .b.t.c.SpringBootTestContextBootstrapper : Found @SpringBootConfiguration com.bookmyshow.BookmyshowApplication for test class com.bookmyshow.service.GlobalSearchServiceTest
2026-09-01 18:43:12.740  INFO [main] [traceId=NONE userId=NONE] com.bookmyshow.service.TheatreService    : Adding new theatre: PVR Cyberhub IMAX in Gurugram
2026-09-01 18:43:12.858  INFO [main] [traceId=NONE userId=NONE] com.bookmyshow.service.MovieService      : Adding new movie: Avengers Sci-Fi Epic
2026-09-01 18:43:12.866  INFO [main] [traceId=NONE userId=NONE] com.bookmyshow.service.MovieService      : Adding new movie: Bahubali Drama
2026-09-01 18:43:12.917  INFO [main] [traceId=NONE userId=NONE] t.c.s.AnnotationConfigContextLoaderUtils : Could not detect default configuration classes for test class [com.bookmyshow.service.PaginationServiceTest]: PaginationServiceTest does not declare any static, non-private, non-final, nested classes annotated with @Configuration.
2026-09-01 18:43:12.949  INFO [main] [traceId=NONE userId=NONE] .b.t.c.SpringBootTestContextBootstrapper : Found @SpringBootConfiguration com.bookmyshow.BookmyshowApplication for test class com.bookmyshow.service.PaginationServiceTest
2026-09-01 18:43:12.985  INFO [main] [traceId=NONE userId=NONE] com.bookmyshow.service.TheatreService    : Adding new theatre: Paginated Theatre 1 in Mumbai
2026-09-01 18:43:12.988  INFO [main] [traceId=NONE userId=NONE] com.bookmyshow.service.TheatreService    : Adding new theatre: Paginated Theatre 2 in Mumbai
2026-09-01 18:43:12.990  INFO [main] [traceId=NONE userId=NONE] com.bookmyshow.service.TheatreService    : Adding new theatre: Paginated Theatre 3 in Mumbai
2026-09-01 18:43:13.035  INFO [main] [traceId=NONE userId=NONE] com.bookmyshow.service.MovieService      : Adding new movie: Paginated Movie 1
2026-09-01 18:43:13.038  INFO [main] [traceId=NONE userId=NONE] com.bookmyshow.service.MovieService      : Adding new movie: Paginated Movie 2
2026-09-01 18:43:13.040  INFO [main] [traceId=NONE userId=NONE] com.bookmyshow.service.MovieService      : Adding new movie: Paginated Movie 3
2026-09-01 18:43:13.166  INFO [main] [traceId=NONE userId=NONE] t.c.s.AnnotationConfigContextLoaderUtils : Could not detect default configuration classes for test class [com.bookmyshow.service.RazorpayPaymentServiceTest]: RazorpayPaymentServiceTest does not declare any static, non-private, non-final, nested classes annotated with @Configuration.
2026-09-01 18:43:13.173  INFO [main] [traceId=NONE userId=NONE] .b.t.c.SpringBootTestContextBootstrapper : Found @SpringBootConfiguration com.bookmyshow.BookmyshowApplication for test class com.bookmyshow.service.RazorpayPaymentServiceTest
2026-09-01 18:43:13.254  WARN [main] [traceId=NONE userId=NONE] ory$DuplicateJsonObjectContextCustomizer : 

Found multiple occurrences of org.json.JSONObject on the class path:

	jar:file:/C:/Users/Hamdaan/.m2/repository/com/vaadin/external/google/android-json/0.0.20131108.vaadin1/android-json-0.0.20131108.vaadin1.jar!/org/json/JSONObject.class
	jar:file:/C:/Users/Hamdaan/.m2/repository/org/json/json/20231013/json-20231013.jar!/org/json/JSONObject.class

You may wish to exclude one of them to ensure predictable runtime behavior

2026-09-01 18:43:13.257  INFO [main] [traceId=NONE userId=NONE] c.b.service.RazorpayPaymentServiceTest   : Starting RazorpayPaymentServiceTest using Java 22.0.1 with PID 13936 (started by Hamdaan in C:\Users\Hamdaan\Downloads\bookmyshow\bookmyshow)
2026-09-01 18:43:13.258  INFO [main] [traceId=NONE userId=NONE] c.b.service.RazorpayPaymentServiceTest   : No active profile set, falling back to 1 default profile: "default"
2026-09-01 18:43:14.898  INFO [main] [traceId=NONE userId=NONE] .s.d.r.c.RepositoryConfigurationDelegate : Multiple Spring Data modules found, entering strict repository configuration mode
2026-09-01 18:43:14.898  INFO [main] [traceId=NONE userId=NONE] .s.d.r.c.RepositoryConfigurationDelegate : Bootstrapping Spring Data JPA repositories in DEFAULT mode.
2026-09-01 18:43:14.985  INFO [main] [traceId=NONE userId=NONE] .s.d.r.c.RepositoryConfigurationDelegate : Finished Spring Data repository scanning in 81 ms. Found 9 JPA repository interfaces.
2026-09-01 18:43:14.997  INFO [main] [traceId=NONE userId=NONE] .s.d.r.c.RepositoryConfigurationDelegate : Multiple Spring Data modules found, entering strict repository configuration mode
2026-09-01 18:43:14.997  INFO [main] [traceId=NONE userId=NONE] .s.d.r.c.RepositoryConfigurationDelegate : Bootstrapping Spring Data Redis repositories in DEFAULT mode.
2026-09-01 18:43:15.024  INFO [main] [traceId=NONE userId=NONE] .RepositoryConfigurationExtensionSupport : Spring Data Redis - Could not safely identify store assignment for repository candidate interface com.bookmyshow.repository.BookingRepository; If you want this repository to be a Redis repository, consider annotating your entities with one of these annotations: org.springframework.data.redis.core.RedisHash (preferred), or consider extending one of the following types with your repository: org.springframework.data.keyvalue.repository.KeyValueRepository
2026-09-01 18:43:15.025  INFO [main] [traceId=NONE userId=NONE] .RepositoryConfigurationExtensionSupport : Spring Data Redis - Could not safely identify store assignment for repository candidate interface com.bookmyshow.repository.BookingSeatRepository; If you want this repository to be a Redis repository, consider annotating your entities with one of these annotations: org.springframework.data.redis.core.RedisHash (preferred), or consider extending one of the following types with your repository: org.springframework.data.keyvalue.repository.KeyValueRepository
2026-09-01 18:43:15.027  INFO [main] [traceId=NONE userId=NONE] .RepositoryConfigurationExtensionSupport : Spring Data Redis - Could not safely identify store assignment for repository candidate interface com.bookmyshow.repository.MovieRepository; If you want this repository to be a Redis repository, consider annotating your entities with one of these annotations: org.springframework.data.redis.core.RedisHash (preferred), or consider extending one of the following types with your repository: org.springframework.data.keyvalue.repository.KeyValueRepository
2026-09-01 18:43:15.028  INFO [main] [traceId=NONE userId=NONE] .RepositoryConfigurationExtensionSupport : Spring Data Redis - Could not safely identify store assignment for repository candidate interface com.bookmyshow.repository.PaymentRepository; If you want this repository to be a Redis repository, consider annotating your entities with one of these annotations: org.springframework.data.redis.core.RedisHash (preferred), or consider extending one of the following types with your repository: org.springframework.data.keyvalue.repository.KeyValueRepository
2026-09-01 18:43:15.029  INFO [main] [traceId=NONE userId=NONE] .RepositoryConfigurationExtensionSupport : Spring Data Redis - Could not safely identify store assignment for repository candidate interface com.bookmyshow.repository.ScreenRepository; If you want this repository to be a Redis repository, consider annotating your entities with one of these annotations: org.springframework.data.redis.core.RedisHash (preferred), or consider extending one of the following types with your repository: org.springframework.data.keyvalue.repository.KeyValueRepository
2026-09-01 18:43:15.031  INFO [main] [traceId=NONE userId=NONE] .RepositoryConfigurationExtensionSupport : Spring Data Redis - Could not safely identify store assignment for repository candidate interface com.bookmyshow.repository.SeatRepository; If you want this repository to be a Redis repository, consider annotating your entities with one of these annotations: org.springframework.data.redis.core.RedisHash (preferred), or consider extending one of the following types with your repository: org.springframework.data.keyvalue.repository.KeyValueRepository
2026-09-01 18:43:15.033  INFO [main] [traceId=NONE userId=NONE] .RepositoryConfigurationExtensionSupport : Spring Data Redis - Could not safely identify store assignment for repository candidate interface com.bookmyshow.repository.ShowRepository; If you want this repository to be a Redis repository, consider annotating your entities with one of these annotations: org.springframework.data.redis.core.RedisHash (preferred), or consider extending one of the following types with your repository: org.springframework.data.keyvalue.repository.KeyValueRepository
2026-09-01 18:43:15.034  INFO [main] [traceId=NONE userId=NONE] .RepositoryConfigurationExtensionSupport : Spring Data Redis - Could not safely identify store assignment for repository candidate interface com.bookmyshow.repository.TheatreRepository; If you want this repository to be a Redis repository, consider annotating your entities with one of these annotations: org.springframework.data.redis.core.RedisHash (preferred), or consider extending one of the following types with your repository: org.springframework.data.keyvalue.repository.KeyValueRepository
2026-09-01 18:43:15.034  INFO [main] [traceId=NONE userId=NONE] .RepositoryConfigurationExtensionSupport : Spring Data Redis - Could not safely identify store assignment for repository candidate interface com.bookmyshow.repository.UserRepository; If you want this repository to be a Redis repository, consider annotating your entities with one of these annotations: org.springframework.data.redis.core.RedisHash (preferred), or consider extending one of the following types with your repository: org.springframework.data.keyvalue.repository.KeyValueRepository
2026-09-01 18:43:15.035  INFO [main] [traceId=NONE userId=NONE] .s.d.r.c.RepositoryConfigurationDelegate : Finished Spring Data repository scanning in 33 ms. Found 0 Redis repository interfaces.
2026-09-01 18:43:15.839  INFO [main] [traceId=NONE userId=NONE] o.hibernate.jpa.internal.util.LogHelper  : HHH000204: Processing PersistenceUnitInfo [name: default]
2026-09-01 18:43:15.859  INFO [main] [traceId=NONE userId=NONE] o.h.c.internal.RegionFactoryInitiator    : HHH000026: Second-level cache disabled
2026-09-01 18:43:15.907  INFO [main] [traceId=NONE userId=NONE] o.s.o.j.p.SpringPersistenceUnitInfo      : No LoadTimeWeaver setup: ignoring JPA class transformer
2026-09-01 18:43:15.914  INFO [main] [traceId=NONE userId=NONE] com.zaxxer.hikari.HikariDataSource       : HikariPool-4 - Starting...
2026-09-01 18:43:15.916  INFO [main] [traceId=NONE userId=NONE] com.zaxxer.hikari.pool.HikariPool        : HikariPool-4 - Added connection conn30: url=jdbc:h2:mem:bookmyshow-test user=SA
2026-09-01 18:43:15.917  INFO [main] [traceId=NONE userId=NONE] com.zaxxer.hikari.HikariDataSource       : HikariPool-4 - Start completed.
2026-09-01 18:43:15.918  INFO [main] [traceId=NONE userId=NONE] org.hibernate.orm.connections.pooling    : HHH10001005: Database info:
	Database JDBC URL [Connecting through datasource 'HikariDataSource (HikariPool-4)']
	Database driver: undefined/unknown
	Database version: 2.3.232
	Autocommit mode: undefined/unknown
	Isolation level: undefined/unknown
	Minimum pool size: undefined/unknown
	Maximum pool size: undefined/unknown
2026-09-01 18:43:16.367  INFO [main] [traceId=NONE userId=NONE] o.h.e.t.j.p.i.JtaPlatformInitiator       : HHH000489: No JTA platform available (set 'hibernate.transaction.jta.platform' to enable JTA platform integration)
2026-09-01 18:43:16.427  INFO [main] [traceId=NONE userId=NONE] j.LocalContainerEntityManagerFactoryBean : Initialized JPA EntityManagerFactory for persistence unit 'default'
2026-09-01 18:43:17.631  WARN [main] [traceId=NONE userId=NONE] com.bookmyshow.config.CacheConfig        : Redis server unreachable (Unable to connect to Redis). Falling back to embedded ConcurrentMapCacheManager.
2026-09-01 18:43:17.915  INFO [main] [traceId=NONE userId=NONE] c.b.initializer.DataInitializer          : Default Admin User created: admin@cinex.com / admin123
2026-09-01 18:43:18.020  INFO [main] [traceId=NONE userId=NONE] c.b.initializer.DataInitializer          : Default Test User created: user@cinex.com / user123
2026-09-01 18:43:18.024  INFO [main] [traceId=NONE userId=NONE] c.b.initializer.DataInitializer          : Initializing sample data for BookMyShow...
2026-09-01 18:43:18.115  INFO [main] [traceId=NONE userId=NONE] c.b.initializer.DataInitializer          : Initialization completed successfully!
2026-09-01 18:43:18.452  WARN [main] [traceId=NONE userId=NONE] .s.s.UserDetailsServiceAutoConfiguration : 

Using generated security password: a5aedb0c-3416-498f-a214-69a640a2532b

This generated password is for development use only. Your security configuration must be updated before running your application in production.

2026-09-01 18:43:18.468  INFO [main] [traceId=NONE userId=NONE] r$InitializeUserDetailsManagerConfigurer : Global AuthenticationManager configured with UserDetailsService bean with name inMemoryUserDetailsManager
2026-09-01 18:43:18.786  INFO [main] [traceId=NONE userId=NONE] o.s.b.a.w.s.WelcomePageHandlerMapping    : Adding welcome page: class path resource [static/index.html]
2026-09-01 18:43:19.451  INFO [main] [traceId=NONE userId=NONE] o.s.b.a.e.web.EndpointLinksResolver      : Exposing 6 endpoints beneath base path '/actuator'
2026-09-01 18:43:20.904  INFO [main] [traceId=NONE userId=NONE] o.s.m.s.b.SimpleBrokerMessageHandler     : Starting...
2026-09-01 18:43:20.904  INFO [main] [traceId=NONE userId=NONE] o.s.m.s.b.SimpleBrokerMessageHandler     : BrokerAvailabilityEvent[available=true, SimpleBrokerMessageHandler [org.springframework.messaging.simp.broker.DefaultSubscriptionRegistry@306cd945]]
2026-09-01 18:43:20.904  INFO [main] [traceId=NONE userId=NONE] o.s.m.s.b.SimpleBrokerMessageHandler     : Started.
2026-09-01 18:43:20.922  INFO [main] [traceId=NONE userId=NONE] c.b.service.RazorpayPaymentServiceTest   : Started RazorpayPaymentServiceTest in 7.731 seconds (process running for 70.01)
2026-09-01 18:43:21.018  INFO [main] [traceId=NONE userId=NONE] com.bookmyshow.service.PaymentService    : Payment successfully verified for Booking 1 with Payment ID pay_test_987654
2026-09-01 18:43:21.041  INFO [main] [traceId=NONE userId=NONE] com.bookmyshow.service.PaymentService    : Payment successfully verified for Booking 1 with Payment ID pay_test_987654
2026-09-01 18:43:21.086  INFO [main] [traceId=NONE userId=NONE] com.bookmyshow.service.PaymentService    : Payment successfully verified for Booking 2 with Payment ID pay_test_987654
2026-09-01 18:43:21.137 ERROR [main] [traceId=NONE userId=NONE] com.bookmyshow.service.PaymentService    : HMAC SHA256 signature verification failed for Order order_test_123456 and Payment pay_test_987654
2026-09-01 18:43:21.173  INFO [main] [traceId=NONE userId=NONE] com.bookmyshow.service.PaymentService    : Cancelling payment/booking for ID 4
2026-09-01 18:43:21.510  INFO [main] [traceId=NONE userId=NONE] com.bookmyshow.service.SeatLockService   : User [user-A] (session: [session-1]) held seats [5] for show 101
2026-09-01 18:43:21.602  INFO [main] [traceId=NONE userId=NONE] com.bookmyshow.service.SeatLockService   : Broadcasting BOOKED status for seats [5] on show 101
2026-09-01 18:43:21.635  INFO [main] [traceId=NONE userId=NONE] com.bookmyshow.service.SeatLockService   : User [user-A] (session: [session-1]) held seats [1, 2] for show 101
2026-09-01 18:43:21.637  INFO [main] [traceId=NONE userId=NONE] com.bookmyshow.service.SeatLockService   : Released seats [1, 2] for show 101
2026-09-01 18:43:21.649  INFO [main] [traceId=NONE userId=NONE] com.bookmyshow.service.SeatLockService   : User [user-A] (session: [session-disconnect]) held seats [10, 11] for show 101
2026-09-01 18:43:21.650  INFO [main] [traceId=NONE userId=NONE] com.bookmyshow.service.SeatLockService   : Session [session-disconnect] disconnected. Cleaning up 2 held seats.
2026-09-01 18:43:21.658  INFO [main] [traceId=NONE userId=NONE] com.bookmyshow.service.SeatLockService   : User [user-A] (session: [session-1]) held seats [1, 2] for show 101
2026-09-01 18:43:21.659  WARN [main] [traceId=NONE userId=NONE] com.bookmyshow.service.SeatLockService   : Seat selection rejected: Seat 2 on show 101 is already held by user user-A
2026-09-01 18:43:21.664  INFO [main] [traceId=NONE userId=NONE] com.bookmyshow.service.SeatLockService   : User [user-A] (session: [session-1]) held seats [1, 2] for show 101
2026-09-01 18:43:21.675  INFO [main] [traceId=NONE userId=NONE] t.c.s.AnnotationConfigContextLoaderUtils : Could not detect default configuration classes for test class [com.bookmyshow.service.TicketServiceTest]: TicketServiceTest does not declare any static, non-private, non-final, nested classes annotated with @Configuration.
2026-09-01 18:43:21.679  INFO [main] [traceId=NONE userId=NONE] .b.t.c.SpringBootTestContextBootstrapper : Found @SpringBootConfiguration com.bookmyshow.BookmyshowApplication for test class com.bookmyshow.service.TicketServiceTest
2026-09-01 18:43:21.764  WARN [main] [traceId=NONE userId=NONE] com.bookmyshow.service.TicketService     : Verification failed: No booking found for token NON-EXISTENT-TOKEN-999
2026-09-01 18:43:21.793  WARN [main] [traceId=NONE userId=NONE] com.bookmyshow.service.TicketService     : Verification failed: Booking ID 13 is not in BOOKED state (current: FAILED)
2026-09-01 18:43:22.803  INFO [SpringApplicationShutdownHook] [traceId=NONE userId=NONE] o.s.m.s.b.SimpleBrokerMessageHandler     : Stopping...
2026-09-01 18:43:22.804  INFO [SpringApplicationShutdownHook] [traceId=NONE userId=NONE] o.s.m.s.b.SimpleBrokerMessageHandler     : BrokerAvailabilityEvent[available=false, SimpleBrokerMessageHandler [org.springframework.messaging.simp.broker.DefaultSubscriptionRegistry@26c700ff]]
2026-09-01 18:43:22.804  INFO [SpringApplicationShutdownHook] [traceId=NONE userId=NONE] o.s.m.s.b.SimpleBrokerMessageHandler     : Stopped.
2026-09-01 18:43:22.845  INFO [SpringApplicationShutdownHook] [traceId=NONE userId=NONE] j.LocalContainerEntityManagerFactoryBean : Closing JPA EntityManagerFactory for persistence unit 'default'
2026-09-01 18:43:22.854  INFO [SpringApplicationShutdownHook] [traceId=NONE userId=NONE] com.zaxxer.hikari.HikariDataSource       : HikariPool-1 - Shutdown initiated...
2026-09-01 18:43:22.859  INFO [SpringApplicationShutdownHook] [traceId=NONE userId=NONE] com.zaxxer.hikari.HikariDataSource       : HikariPool-1 - Shutdown completed.
2026-09-01 18:43:22.863  INFO [SpringApplicationShutdownHook] [traceId=NONE userId=NONE] o.s.m.s.b.SimpleBrokerMessageHandler     : Stopping...
2026-09-01 18:43:22.863  INFO [SpringApplicationShutdownHook] [traceId=NONE userId=NONE] o.s.m.s.b.SimpleBrokerMessageHandler     : BrokerAvailabilityEvent[available=false, SimpleBrokerMessageHandler [org.springframework.messaging.simp.broker.DefaultSubscriptionRegistry@1a0d31d1]]
2026-09-01 18:43:22.863  INFO [SpringApplicationShutdownHook] [traceId=NONE userId=NONE] o.s.m.s.b.SimpleBrokerMessageHandler     : Stopped.
2026-09-01 18:43:22.876  INFO [SpringApplicationShutdownHook] [traceId=NONE userId=NONE] j.LocalContainerEntityManagerFactoryBean : Closing JPA EntityManagerFactory for persistence unit 'default'
2026-09-01 18:43:22.878  INFO [SpringApplicationShutdownHook] [traceId=NONE userId=NONE] com.zaxxer.hikari.HikariDataSource       : HikariPool-2 - Shutdown initiated...
2026-09-01 18:43:22.880  INFO [SpringApplicationShutdownHook] [traceId=NONE userId=NONE] com.zaxxer.hikari.HikariDataSource       : HikariPool-2 - Shutdown completed.
2026-09-01 18:43:22.884  INFO [SpringApplicationShutdownHook] [traceId=NONE userId=NONE] o.s.m.s.b.SimpleBrokerMessageHandler     : Stopping...
2026-09-01 18:43:22.884  INFO [SpringApplicationShutdownHook] [traceId=NONE userId=NONE] o.s.m.s.b.SimpleBrokerMessageHandler     : BrokerAvailabilityEvent[available=false, SimpleBrokerMessageHandler [org.springframework.messaging.simp.broker.DefaultSubscriptionRegistry@6dd8a127]]
2026-09-01 18:43:22.884  INFO [SpringApplicationShutdownHook] [traceId=NONE userId=NONE] o.s.m.s.b.SimpleBrokerMessageHandler     : Stopped.
2026-09-01 18:43:22.899  INFO [SpringApplicationShutdownHook] [traceId=NONE userId=NONE] j.LocalContainerEntityManagerFactoryBean : Closing JPA EntityManagerFactory for persistence unit 'default'
2026-09-01 18:43:22.901  INFO [SpringApplicationShutdownHook] [traceId=NONE userId=NONE] com.zaxxer.hikari.HikariDataSource       : HikariPool-3 - Shutdown initiated...
2026-09-01 18:43:22.903  INFO [SpringApplicationShutdownHook] [traceId=NONE userId=NONE] com.zaxxer.hikari.HikariDataSource       : HikariPool-3 - Shutdown completed.
2026-09-01 18:43:22.907  INFO [SpringApplicationShutdownHook] [traceId=NONE userId=NONE] o.s.m.s.b.SimpleBrokerMessageHandler     : Stopping...
2026-09-01 18:43:22.907  INFO [SpringApplicationShutdownHook] [traceId=NONE userId=NONE] o.s.m.s.b.SimpleBrokerMessageHandler     : BrokerAvailabilityEvent[available=false, SimpleBrokerMessageHandler [org.springframework.messaging.simp.broker.DefaultSubscriptionRegistry@306cd945]]
2026-09-01 18:43:22.907  INFO [SpringApplicationShutdownHook] [traceId=NONE userId=NONE] o.s.m.s.b.SimpleBrokerMessageHandler     : Stopped.
2026-09-01 18:43:22.920  INFO [SpringApplicationShutdownHook] [traceId=NONE userId=NONE] j.LocalContainerEntityManagerFactoryBean : Closing JPA EntityManagerFactory for persistence unit 'default'
2026-09-01 18:43:22.923  INFO [SpringApplicationShutdownHook] [traceId=NONE userId=NONE] com.zaxxer.hikari.HikariDataSource       : HikariPool-4 - Shutdown initiated...
2026-09-01 18:43:22.925  INFO [SpringApplicationShutdownHook] [traceId=NONE userId=NONE] com.zaxxer.hikari.HikariDataSource       : HikariPool-4 - Shutdown completed.
2026-09-01 18:45:27.353  WARN [main] [traceId=NONE userId=NONE] ory$DuplicateJsonObjectContextCustomizer : 

Found multiple occurrences of org.json.JSONObject on the class path:

	jar:file:/C:/Users/Hamdaan/.m2/repository/com/vaadin/external/google/android-json/0.0.20131108.vaadin1/android-json-0.0.20131108.vaadin1.jar!/org/json/JSONObject.class
	jar:file:/C:/Users/Hamdaan/.m2/repository/org/json/json/20231013/json-20231013.jar!/org/json/JSONObject.class

You may wish to exclude one of them to ensure predictable runtime behavior

2026-09-01 18:45:27.410  INFO [main] [traceId=NONE userId=NONE] c.bookmyshow.BookmyshowApplicationTests  : Starting BookmyshowApplicationTests using Java 22.0.1 with PID 1732 (started by Hamdaan in C:\Users\Hamdaan\Downloads\bookmyshow\bookmyshow)
2026-09-01 18:45:27.412  INFO [main] [traceId=NONE userId=NONE] c.bookmyshow.BookmyshowApplicationTests  : No active profile set, falling back to 1 default profile: "default"
2026-09-01 18:45:31.227  INFO [main] [traceId=NONE userId=NONE] .s.d.r.c.RepositoryConfigurationDelegate : Multiple Spring Data modules found, entering strict repository configuration mode
2026-09-01 18:45:31.232  INFO [main] [traceId=NONE userId=NONE] .s.d.r.c.RepositoryConfigurationDelegate : Bootstrapping Spring Data JPA repositories in DEFAULT mode.
2026-09-01 18:45:31.822  INFO [main] [traceId=NONE userId=NONE] .s.d.r.c.RepositoryConfigurationDelegate : Finished Spring Data repository scanning in 561 ms. Found 9 JPA repository interfaces.
2026-09-01 18:45:31.874  INFO [main] [traceId=NONE userId=NONE] .s.d.r.c.RepositoryConfigurationDelegate : Multiple Spring Data modules found, entering strict repository configuration mode
2026-09-01 18:45:31.878  INFO [main] [traceId=NONE userId=NONE] .s.d.r.c.RepositoryConfigurationDelegate : Bootstrapping Spring Data Redis repositories in DEFAULT mode.
2026-09-01 18:45:31.941  INFO [main] [traceId=NONE userId=NONE] .RepositoryConfigurationExtensionSupport : Spring Data Redis - Could not safely identify store assignment for repository candidate interface com.bookmyshow.repository.BookingRepository; If you want this repository to be a Redis repository, consider annotating your entities with one of these annotations: org.springframework.data.redis.core.RedisHash (preferred), or consider extending one of the following types with your repository: org.springframework.data.keyvalue.repository.KeyValueRepository
2026-09-01 18:45:31.942  INFO [main] [traceId=NONE userId=NONE] .RepositoryConfigurationExtensionSupport : Spring Data Redis - Could not safely identify store assignment for repository candidate interface com.bookmyshow.repository.BookingSeatRepository; If you want this repository to be a Redis repository, consider annotating your entities with one of these annotations: org.springframework.data.redis.core.RedisHash (preferred), or consider extending one of the following types with your repository: org.springframework.data.keyvalue.repository.KeyValueRepository
2026-09-01 18:45:31.943  INFO [main] [traceId=NONE userId=NONE] .RepositoryConfigurationExtensionSupport : Spring Data Redis - Could not safely identify store assignment for repository candidate interface com.bookmyshow.repository.MovieRepository; If you want this repository to be a Redis repository, consider annotating your entities with one of these annotations: org.springframework.data.redis.core.RedisHash (preferred), or consider extending one of the following types with your repository: org.springframework.data.keyvalue.repository.KeyValueRepository
2026-09-01 18:45:31.944  INFO [main] [traceId=NONE userId=NONE] .RepositoryConfigurationExtensionSupport : Spring Data Redis - Could not safely identify store assignment for repository candidate interface com.bookmyshow.repository.PaymentRepository; If you want this repository to be a Redis repository, consider annotating your entities with one of these annotations: org.springframework.data.redis.core.RedisHash (preferred), or consider extending one of the following types with your repository: org.springframework.data.keyvalue.repository.KeyValueRepository
2026-09-01 18:45:31.945  INFO [main] [traceId=NONE userId=NONE] .RepositoryConfigurationExtensionSupport : Spring Data Redis - Could not safely identify store assignment for repository candidate interface com.bookmyshow.repository.ScreenRepository; If you want this repository to be a Redis repository, consider annotating your entities with one of these annotations: org.springframework.data.redis.core.RedisHash (preferred), or consider extending one of the following types with your repository: org.springframework.data.keyvalue.repository.KeyValueRepository
2026-09-01 18:45:31.946  INFO [main] [traceId=NONE userId=NONE] .RepositoryConfigurationExtensionSupport : Spring Data Redis - Could not safely identify store assignment for repository candidate interface com.bookmyshow.repository.SeatRepository; If you want this repository to be a Redis repository, consider annotating your entities with one of these annotations: org.springframework.data.redis.core.RedisHash (preferred), or consider extending one of the following types with your repository: org.springframework.data.keyvalue.repository.KeyValueRepository
2026-09-01 18:45:31.950  INFO [main] [traceId=NONE userId=NONE] .RepositoryConfigurationExtensionSupport : Spring Data Redis - Could not safely identify store assignment for repository candidate interface com.bookmyshow.repository.ShowRepository; If you want this repository to be a Redis repository, consider annotating your entities with one of these annotations: org.springframework.data.redis.core.RedisHash (preferred), or consider extending one of the following types with your repository: org.springframework.data.keyvalue.repository.KeyValueRepository
2026-09-01 18:45:31.951  INFO [main] [traceId=NONE userId=NONE] .RepositoryConfigurationExtensionSupport : Spring Data Redis - Could not safely identify store assignment for repository candidate interface com.bookmyshow.repository.TheatreRepository; If you want this repository to be a Redis repository, consider annotating your entities with one of these annotations: org.springframework.data.redis.core.RedisHash (preferred), or consider extending one of the following types with your repository: org.springframework.data.keyvalue.repository.KeyValueRepository
2026-09-01 18:45:31.951  INFO [main] [traceId=NONE userId=NONE] .RepositoryConfigurationExtensionSupport : Spring Data Redis - Could not safely identify store assignment for repository candidate interface com.bookmyshow.repository.UserRepository; If you want this repository to be a Redis repository, consider annotating your entities with one of these annotations: org.springframework.data.redis.core.RedisHash (preferred), or consider extending one of the following types with your repository: org.springframework.data.keyvalue.repository.KeyValueRepository
2026-09-01 18:45:31.952  INFO [main] [traceId=NONE userId=NONE] .s.d.r.c.RepositoryConfigurationDelegate : Finished Spring Data repository scanning in 35 ms. Found 0 Redis repository interfaces.
2026-09-01 18:45:34.051  INFO [main] [traceId=NONE userId=NONE] o.hibernate.jpa.internal.util.LogHelper  : HHH000204: Processing PersistenceUnitInfo [name: default]
2026-09-01 18:45:34.218  INFO [main] [traceId=NONE userId=NONE] org.hibernate.Version                    : HHH000412: Hibernate ORM core version 6.6.13.Final
2026-09-01 18:45:34.326  INFO [main] [traceId=NONE userId=NONE] o.h.c.internal.RegionFactoryInitiator    : HHH000026: Second-level cache disabled
2026-09-01 18:45:35.530  INFO [main] [traceId=NONE userId=NONE] o.s.o.j.p.SpringPersistenceUnitInfo      : No LoadTimeWeaver setup: ignoring JPA class transformer
2026-09-01 18:45:35.638  INFO [main] [traceId=NONE userId=NONE] com.zaxxer.hikari.HikariDataSource       : HikariPool-1 - Starting...
2026-09-01 18:45:36.181  INFO [main] [traceId=NONE userId=NONE] com.zaxxer.hikari.pool.HikariPool        : HikariPool-1 - Added connection conn0: url=jdbc:h2:mem:bookmyshow-test user=SA
2026-09-01 18:45:36.186  INFO [main] [traceId=NONE userId=NONE] com.zaxxer.hikari.HikariDataSource       : HikariPool-1 - Start completed.
2026-09-01 18:45:36.332  INFO [main] [traceId=NONE userId=NONE] org.hibernate.orm.connections.pooling    : HHH10001005: Database info:
	Database JDBC URL [Connecting through datasource 'HikariDataSource (HikariPool-1)']
	Database driver: undefined/unknown
	Database version: 2.3.232
	Autocommit mode: undefined/unknown
	Isolation level: undefined/unknown
	Minimum pool size: undefined/unknown
	Maximum pool size: undefined/unknown
2026-09-01 18:45:38.730  INFO [main] [traceId=NONE userId=NONE] o.h.e.t.j.p.i.JtaPlatformInitiator       : HHH000489: No JTA platform available (set 'hibernate.transaction.jta.platform' to enable JTA platform integration)
2026-09-01 18:45:38.960  INFO [main] [traceId=NONE userId=NONE] j.LocalContainerEntityManagerFactoryBean : Initialized JPA EntityManagerFactory for persistence unit 'default'
2026-09-01 18:45:41.151  INFO [main] [traceId=NONE userId=NONE] o.s.d.j.r.query.QueryEnhancerFactory     : Hibernate is in classpath; If applicable, HQL parser will be used.
2026-09-01 18:45:45.139  WARN [main] [traceId=NONE userId=NONE] com.bookmyshow.config.CacheConfig        : Redis server unreachable (Unable to connect to Redis). Falling back to embedded ConcurrentMapCacheManager.
2026-09-01 18:45:46.377  INFO [main] [traceId=NONE userId=NONE] c.b.initializer.DataInitializer          : Default Admin User created: admin@cinex.com / admin123
2026-09-01 18:45:46.479  INFO [main] [traceId=NONE userId=NONE] c.b.initializer.DataInitializer          : Default Test User created: user@cinex.com / user123
2026-09-01 18:45:46.525  INFO [main] [traceId=NONE userId=NONE] c.b.initializer.DataInitializer          : Initializing sample data for BookMyShow...
2026-09-01 18:45:46.669  INFO [main] [traceId=NONE userId=NONE] c.b.initializer.DataInitializer          : Initialization completed successfully!
2026-09-01 18:45:47.107  WARN [main] [traceId=NONE userId=NONE] .s.s.UserDetailsServiceAutoConfiguration : 

Using generated security password: a7e48f35-485c-40a2-af08-ac998f9cc1e5

This generated password is for development use only. Your security configuration must be updated before running your application in production.

2026-09-01 18:45:47.124  INFO [main] [traceId=NONE userId=NONE] r$InitializeUserDetailsManagerConfigurer : Global AuthenticationManager configured with UserDetailsService bean with name inMemoryUserDetailsManager
2026-09-01 18:45:47.509  INFO [main] [traceId=NONE userId=NONE] o.s.b.a.w.s.WelcomePageHandlerMapping    : Adding welcome page: class path resource [static/index.html]
2026-09-01 18:45:48.378  INFO [main] [traceId=NONE userId=NONE] o.s.b.a.e.web.EndpointLinksResolver      : Exposing 6 endpoints beneath base path '/actuator'
2026-09-01 18:45:50.642  INFO [main] [traceId=NONE userId=NONE] o.s.m.s.b.SimpleBrokerMessageHandler     : Starting...
2026-09-01 18:45:50.643  INFO [main] [traceId=NONE userId=NONE] o.s.m.s.b.SimpleBrokerMessageHandler     : BrokerAvailabilityEvent[available=true, SimpleBrokerMessageHandler [org.springframework.messaging.simp.broker.DefaultSubscriptionRegistry@853050d]]
2026-09-01 18:45:50.646  INFO [main] [traceId=NONE userId=NONE] o.s.m.s.b.SimpleBrokerMessageHandler     : Started.
2026-09-01 18:45:50.677  INFO [main] [traceId=NONE userId=NONE] c.bookmyshow.BookmyshowApplicationTests  : Started BookmyshowApplicationTests in 24.507 seconds (process running for 27.916)
2026-09-01 18:45:51.807  INFO [main] [traceId=NONE userId=NONE] t.c.s.AnnotationConfigContextLoaderUtils : Could not detect default configuration classes for test class [com.bookmyshow.config.OpenApiDocumentationTest]: OpenApiDocumentationTest does not declare any static, non-private, non-final, nested classes annotated with @Configuration.
2026-09-01 18:45:51.984  INFO [main] [traceId=NONE userId=NONE] .b.t.c.SpringBootTestContextBootstrapper : Found @SpringBootConfiguration com.bookmyshow.BookmyshowApplication for test class com.bookmyshow.config.OpenApiDocumentationTest
2026-09-01 18:45:52.075  WARN [main] [traceId=NONE userId=NONE] ory$DuplicateJsonObjectContextCustomizer : 

Found multiple occurrences of org.json.JSONObject on the class path:

	jar:file:/C:/Users/Hamdaan/.m2/repository/com/vaadin/external/google/android-json/0.0.20131108.vaadin1/android-json-0.0.20131108.vaadin1.jar!/org/json/JSONObject.class
	jar:file:/C:/Users/Hamdaan/.m2/repository/org/json/json/20231013/json-20231013.jar!/org/json/JSONObject.class

You may wish to exclude one of them to ensure predictable runtime behavior

2026-09-01 18:45:52.081  INFO [main] [traceId=NONE userId=NONE] c.b.config.OpenApiDocumentationTest      : Starting OpenApiDocumentationTest using Java 22.0.1 with PID 1732 (started by Hamdaan in C:\Users\Hamdaan\Downloads\bookmyshow\bookmyshow)
2026-09-01 18:45:52.082  INFO [main] [traceId=NONE userId=NONE] c.b.config.OpenApiDocumentationTest      : No active profile set, falling back to 1 default profile: "default"
2026-09-01 18:45:54.058  INFO [main] [traceId=NONE userId=NONE] .s.d.r.c.RepositoryConfigurationDelegate : Multiple Spring Data modules found, entering strict repository configuration mode
2026-09-01 18:45:54.058  INFO [main] [traceId=NONE userId=NONE] .s.d.r.c.RepositoryConfigurationDelegate : Bootstrapping Spring Data JPA repositories in DEFAULT mode.
2026-09-01 18:45:54.110  INFO [main] [traceId=NONE userId=NONE] .s.d.r.c.RepositoryConfigurationDelegate : Finished Spring Data repository scanning in 49 ms. Found 9 JPA repository interfaces.
2026-09-01 18:45:54.115  INFO [main] [traceId=NONE userId=NONE] .s.d.r.c.RepositoryConfigurationDelegate : Multiple Spring Data modules found, entering strict repository configuration mode
2026-09-01 18:45:54.115  INFO [main] [traceId=NONE userId=NONE] .s.d.r.c.RepositoryConfigurationDelegate : Bootstrapping Spring Data Redis repositories in DEFAULT mode.
2026-09-01 18:45:54.129  INFO [main] [traceId=NONE userId=NONE] .RepositoryConfigurationExtensionSupport : Spring Data Redis - Could not safely identify store assignment for repository candidate interface com.bookmyshow.repository.BookingRepository; If you want this repository to be a Redis repository, consider annotating your entities with one of these annotations: org.springframework.data.redis.core.RedisHash (preferred), or consider extending one of the following types with your repository: org.springframework.data.keyvalue.repository.KeyValueRepository
2026-09-01 18:45:54.130  INFO [main] [traceId=NONE userId=NONE] .RepositoryConfigurationExtensionSupport : Spring Data Redis - Could not safely identify store assignment for repository candidate interface com.bookmyshow.repository.BookingSeatRepository; If you want this repository to be a Redis repository, consider annotating your entities with one of these annotations: org.springframework.data.redis.core.RedisHash (preferred), or consider extending one of the following types with your repository: org.springframework.data.keyvalue.repository.KeyValueRepository
2026-09-01 18:45:54.130  INFO [main] [traceId=NONE userId=NONE] .RepositoryConfigurationExtensionSupport : Spring Data Redis - Could not safely identify store assignment for repository candidate interface com.bookmyshow.repository.MovieRepository; If you want this repository to be a Redis repository, consider annotating your entities with one of these annotations: org.springframework.data.redis.core.RedisHash (preferred), or consider extending one of the following types with your repository: org.springframework.data.keyvalue.repository.KeyValueRepository
2026-09-01 18:45:54.131  INFO [main] [traceId=NONE userId=NONE] .RepositoryConfigurationExtensionSupport : Spring Data Redis - Could not safely identify store assignment for repository candidate interface com.bookmyshow.repository.PaymentRepository; If you want this repository to be a Redis repository, consider annotating your entities with one of these annotations: org.springframework.data.redis.core.RedisHash (preferred), or consider extending one of the following types with your repository: org.springframework.data.keyvalue.repository.KeyValueRepository
2026-09-01 18:45:54.131  INFO [main] [traceId=NONE userId=NONE] .RepositoryConfigurationExtensionSupport : Spring Data Redis - Could not safely identify store assignment for repository candidate interface com.bookmyshow.repository.ScreenRepository; If you want this repository to be a Redis repository, consider annotating your entities with one of these annotations: org.springframework.data.redis.core.RedisHash (preferred), or consider extending one of the following types with your repository: org.springframework.data.keyvalue.repository.KeyValueRepository
2026-09-01 18:45:54.131  INFO [main] [traceId=NONE userId=NONE] .RepositoryConfigurationExtensionSupport : Spring Data Redis - Could not safely identify store assignment for repository candidate interface com.bookmyshow.repository.SeatRepository; If you want this repository to be a Redis repository, consider annotating your entities with one of these annotations: org.springframework.data.redis.core.RedisHash (preferred), or consider extending one of the following types with your repository: org.springframework.data.keyvalue.repository.KeyValueRepository
2026-09-01 18:45:54.132  INFO [main] [traceId=NONE userId=NONE] .RepositoryConfigurationExtensionSupport : Spring Data Redis - Could not safely identify store assignment for repository candidate interface com.bookmyshow.repository.ShowRepository; If you want this repository to be a Redis repository, consider annotating your entities with one of these annotations: org.springframework.data.redis.core.RedisHash (preferred), or consider extending one of the following types with your repository: org.springframework.data.keyvalue.repository.KeyValueRepository
2026-09-01 18:45:54.132  INFO [main] [traceId=NONE userId=NONE] .RepositoryConfigurationExtensionSupport : Spring Data Redis - Could not safely identify store assignment for repository candidate interface com.bookmyshow.repository.TheatreRepository; If you want this repository to be a Redis repository, consider annotating your entities with one of these annotations: org.springframework.data.redis.core.RedisHash (preferred), or consider extending one of the following types with your repository: org.springframework.data.keyvalue.repository.KeyValueRepository
2026-09-01 18:45:54.132  INFO [main] [traceId=NONE userId=NONE] .RepositoryConfigurationExtensionSupport : Spring Data Redis - Could not safely identify store assignment for repository candidate interface com.bookmyshow.repository.UserRepository; If you want this repository to be a Redis repository, consider annotating your entities with one of these annotations: org.springframework.data.redis.core.RedisHash (preferred), or consider extending one of the following types with your repository: org.springframework.data.keyvalue.repository.KeyValueRepository
2026-09-01 18:45:54.132  INFO [main] [traceId=NONE userId=NONE] .s.d.r.c.RepositoryConfigurationDelegate : Finished Spring Data repository scanning in 14 ms. Found 0 Redis repository interfaces.
2026-09-01 18:45:54.445  INFO [main] [traceId=NONE userId=NONE] o.hibernate.jpa.internal.util.LogHelper  : HHH000204: Processing PersistenceUnitInfo [name: default]
2026-09-01 18:45:54.453  INFO [main] [traceId=NONE userId=NONE] o.h.c.internal.RegionFactoryInitiator    : HHH000026: Second-level cache disabled
2026-09-01 18:45:54.483  INFO [main] [traceId=NONE userId=NONE] o.s.o.j.p.SpringPersistenceUnitInfo      : No LoadTimeWeaver setup: ignoring JPA class transformer
2026-09-01 18:45:54.486  INFO [main] [traceId=NONE userId=NONE] com.zaxxer.hikari.HikariDataSource       : HikariPool-2 - Starting...
2026-09-01 18:45:54.491  INFO [main] [traceId=NONE userId=NONE] com.zaxxer.hikari.pool.HikariPool        : HikariPool-2 - Added connection conn10: url=jdbc:h2:mem:bookmyshow-test user=SA
2026-09-01 18:45:54.491  INFO [main] [traceId=NONE userId=NONE] com.zaxxer.hikari.HikariDataSource       : HikariPool-2 - Start completed.
2026-09-01 18:45:54.493  INFO [main] [traceId=NONE userId=NONE] org.hibernate.orm.connections.pooling    : HHH10001005: Database info:
	Database JDBC URL [Connecting through datasource 'HikariDataSource (HikariPool-2)']
	Database driver: undefined/unknown
	Database version: 2.3.232
	Autocommit mode: undefined/unknown
	Isolation level: undefined/unknown
	Minimum pool size: undefined/unknown
	Maximum pool size: undefined/unknown
2026-09-01 18:45:54.698  INFO [main] [traceId=NONE userId=NONE] o.h.e.t.j.p.i.JtaPlatformInitiator       : HHH000489: No JTA platform available (set 'hibernate.transaction.jta.platform' to enable JTA platform integration)
2026-09-01 18:45:54.741  INFO [main] [traceId=NONE userId=NONE] j.LocalContainerEntityManagerFactoryBean : Initialized JPA EntityManagerFactory for persistence unit 'default'
2026-09-01 18:45:55.684  WARN [main] [traceId=NONE userId=NONE] com.bookmyshow.config.CacheConfig        : Redis server unreachable (Unable to connect to Redis). Falling back to embedded ConcurrentMapCacheManager.
2026-09-01 18:45:55.956  INFO [main] [traceId=NONE userId=NONE] c.b.initializer.DataInitializer          : Default Admin User created: admin@cinex.com / admin123
2026-09-01 18:45:56.135  INFO [main] [traceId=NONE userId=NONE] c.b.initializer.DataInitializer          : Default Test User created: user@cinex.com / user123
2026-09-01 18:45:56.154  INFO [main] [traceId=NONE userId=NONE] c.b.initializer.DataInitializer          : Initializing sample data for BookMyShow...
2026-09-01 18:45:56.637  INFO [main] [traceId=NONE userId=NONE] c.b.initializer.DataInitializer          : Initialization completed successfully!
2026-09-01 18:45:56.837  WARN [main] [traceId=NONE userId=NONE] .s.s.UserDetailsServiceAutoConfiguration : 

Using generated security password: 8ca32d58-8264-44b9-a613-8a860d26c4df

This generated password is for development use only. Your security configuration must be updated before running your application in production.

2026-09-01 18:45:56.841  INFO [main] [traceId=NONE userId=NONE] r$InitializeUserDetailsManagerConfigurer : Global AuthenticationManager configured with UserDetailsService bean with name inMemoryUserDetailsManager
2026-09-01 18:45:57.083  INFO [main] [traceId=NONE userId=NONE] o.s.b.a.w.s.WelcomePageHandlerMapping    : Adding welcome page: class path resource [static/index.html]
2026-09-01 18:45:57.545  INFO [main] [traceId=NONE userId=NONE] o.s.b.a.e.web.EndpointLinksResolver      : Exposing 6 endpoints beneath base path '/actuator'
2026-09-01 18:45:59.102  INFO [main] [traceId=NONE userId=NONE] o.s.b.t.m.w.SpringBootMockServletContext : Initializing Spring TestDispatcherServlet ''
2026-09-01 18:45:59.103  INFO [main] [traceId=NONE userId=NONE] o.s.t.web.servlet.TestDispatcherServlet  : Initializing Servlet ''
2026-09-01 18:45:59.106  INFO [main] [traceId=NONE userId=NONE] o.s.t.web.servlet.TestDispatcherServlet  : Completed initialization in 3 ms
2026-09-01 18:45:59.183  INFO [main] [traceId=NONE userId=NONE] o.s.m.s.b.SimpleBrokerMessageHandler     : Starting...
2026-09-01 18:45:59.183  INFO [main] [traceId=NONE userId=NONE] o.s.m.s.b.SimpleBrokerMessageHandler     : BrokerAvailabilityEvent[available=true, SimpleBrokerMessageHandler [org.springframework.messaging.simp.broker.DefaultSubscriptionRegistry@947e589]]
2026-09-01 18:45:59.184  INFO [main] [traceId=NONE userId=NONE] o.s.m.s.b.SimpleBrokerMessageHandler     : Started.
2026-09-01 18:45:59.195  INFO [main] [traceId=NONE userId=NONE] c.b.config.OpenApiDocumentationTest      : Started OpenApiDocumentationTest in 7.204 seconds (process running for 36.434)
2026-09-01 18:46:01.473  INFO [main] [traceId=5236a96d88534ba3 userId=ANONYMOUS] o.springdoc.api.AbstractOpenApiResource  : Init duration for springdoc-openapi is: 2045 ms
2026-09-01 18:46:01.681  INFO [main] [traceId=NONE userId=NONE] t.c.s.AnnotationConfigContextLoaderUtils : Could not detect default configuration classes for test class [com.bookmyshow.controller.SeatWebSocketControllerTest]: SeatWebSocketControllerTest does not declare any static, non-private, non-final, nested classes annotated with @Configuration.
2026-09-01 18:46:01.727  INFO [main] [traceId=NONE userId=NONE] .b.t.c.SpringBootTestContextBootstrapper : Found @SpringBootConfiguration com.bookmyshow.BookmyshowApplication for test class com.bookmyshow.controller.SeatWebSocketControllerTest
2026-09-01 18:46:01.748  WARN [main] [traceId=e6586dbb10cf46a2 userId=ANONYMOUS] c.b.filter.ClerkJwtAuthenticationFilter  : Missing or invalid Authorization header on protected endpoint: /api/shows/501/seats/lock
2026-09-01 18:46:01.774  INFO [main] [traceId=e6586dbb10cf46a2 userId=ANONYMOUS] com.bookmyshow.service.SeatLockService   : User [clerk-test-user] (session: [REST_CLIENT]) held seats [99, 100] for show 501
2026-09-01 18:46:01.802  WARN [main] [traceId=a5e72a2f4d4a4626 userId=ANONYMOUS] c.b.filter.ClerkJwtAuthenticationFilter  : Missing or invalid Authorization header on protected endpoint: /api/shows/501/seats/lock
2026-09-01 18:46:01.807  WARN [main] [traceId=a5e72a2f4d4a4626 userId=ANONYMOUS] com.bookmyshow.service.SeatLockService   : Seat selection rejected: Seat 100 on show 501 is already held by user clerk-test-user
2026-09-01 18:46:01.837  WARN [main] [traceId=a7802fc3a0034eb5 userId=ANONYMOUS] c.b.filter.ClerkJwtAuthenticationFilter  : Missing or invalid Authorization header on protected endpoint: /api/shows/501/seats/lock
2026-09-01 18:46:01.843  INFO [main] [traceId=a7802fc3a0034eb5 userId=ANONYMOUS] com.bookmyshow.service.SeatLockService   : Released seats [99, 100] for show 501
2026-09-01 18:46:01.880  INFO [main] [traceId=NONE userId=NONE] t.c.s.AnnotationConfigContextLoaderUtils : Could not detect default configuration classes for test class [com.bookmyshow.filter.LoggingAndMdcTest]: LoggingAndMdcTest does not declare any static, non-private, non-final, nested classes annotated with @Configuration.
2026-09-01 18:46:01.914  INFO [main] [traceId=NONE userId=NONE] .b.t.c.SpringBootTestContextBootstrapper : Found @SpringBootConfiguration com.bookmyshow.BookmyshowApplication for test class com.bookmyshow.filter.LoggingAndMdcTest
2026-09-01 18:46:01.945  INFO [main] [traceId=70020abbe6044884 userId=ANONYMOUS] com.bookmyshow.service.MovieService      : Cache Miss: Fetching all movies from MySQL database
2026-09-01 18:46:02.078  INFO [main] [traceId=NONE userId=NONE] t.c.s.AnnotationConfigContextLoaderUtils : Could not detect default configuration classes for test class [com.bookmyshow.filter.RateLimitingTest]: RateLimitingTest does not declare any static, non-private, non-final, nested classes annotated with @Configuration.
2026-09-01 18:46:02.090  INFO [main] [traceId=NONE userId=NONE] .b.t.c.SpringBootTestContextBootstrapper : Found @SpringBootConfiguration com.bookmyshow.BookmyshowApplication for test class com.bookmyshow.filter.RateLimitingTest
2026-09-01 18:46:02.135  WARN [main] [traceId=379d82c4f85e4857 userId=ANONYMOUS] c.b.filter.ClerkJwtAuthenticationFilter  : Missing or invalid Authorization header on protected endpoint: /api/bookings
2026-09-01 18:46:02.161  WARN [main] [traceId=4f01bac796b5435a userId=ANONYMOUS] c.b.filter.ClerkJwtAuthenticationFilter  : Missing or invalid Authorization header on protected endpoint: /api/bookings
2026-09-01 18:46:02.171  WARN [main] [traceId=f661f478faae43fb userId=ANONYMOUS] c.b.filter.ClerkJwtAuthenticationFilter  : Missing or invalid Authorization header on protected endpoint: /api/bookings
2026-09-01 18:46:02.179  WARN [main] [traceId=7503b0dcf96f4cd9 userId=ANONYMOUS] c.b.filter.ClerkJwtAuthenticationFilter  : Missing or invalid Authorization header on protected endpoint: /api/bookings
2026-09-01 18:46:02.184  WARN [main] [traceId=6fd618d9afbd4616 userId=ANONYMOUS] c.b.filter.ClerkJwtAuthenticationFilter  : Missing or invalid Authorization header on protected endpoint: /api/bookings
2026-09-01 18:46:02.190  WARN [main] [traceId=8af1368c3fa747d9 userId=ANONYMOUS] c.b.filter.ClerkJwtAuthenticationFilter  : Missing or invalid Authorization header on protected endpoint: /api/bookings
2026-09-01 18:46:02.195  WARN [main] [traceId=d6d4199c63564dda userId=ANONYMOUS] c.b.filter.ClerkJwtAuthenticationFilter  : Missing or invalid Authorization header on protected endpoint: /api/bookings
2026-09-01 18:46:02.199  WARN [main] [traceId=9a78981e45c3467f userId=ANONYMOUS] c.b.filter.ClerkJwtAuthenticationFilter  : Missing or invalid Authorization header on protected endpoint: /api/bookings
2026-09-01 18:46:02.204  WARN [main] [traceId=ac97fd721b974113 userId=ANONYMOUS] c.b.filter.ClerkJwtAuthenticationFilter  : Missing or invalid Authorization header on protected endpoint: /api/bookings
2026-09-01 18:46:02.208  WARN [main] [traceId=a229e3597c4541b9 userId=ANONYMOUS] c.b.filter.ClerkJwtAuthenticationFilter  : Missing or invalid Authorization header on protected endpoint: /api/bookings
2026-09-01 18:46:02.212  WARN [main] [traceId=9f981b9fcfce4417 userId=ANONYMOUS] c.b.filter.ClerkJwtAuthenticationFilter  : Missing or invalid Authorization header on protected endpoint: /api/bookings
2026-09-01 18:46:02.217  WARN [main] [traceId=304950e8ea2b4534 userId=ANONYMOUS] c.b.filter.ClerkJwtAuthenticationFilter  : Missing or invalid Authorization header on protected endpoint: /api/bookings
2026-09-01 18:46:02.221  WARN [main] [traceId=450e2e49c02b4d68 userId=ANONYMOUS] c.b.filter.ClerkJwtAuthenticationFilter  : Missing or invalid Authorization header on protected endpoint: /api/bookings
2026-09-01 18:46:02.228  WARN [main] [traceId=41692390c17444f0 userId=ANONYMOUS] c.b.filter.ClerkJwtAuthenticationFilter  : Missing or invalid Authorization header on protected endpoint: /api/bookings
2026-09-01 18:46:02.233  WARN [main] [traceId=65ee587bcbe74de0 userId=ANONYMOUS] c.b.filter.ClerkJwtAuthenticationFilter  : Missing or invalid Authorization header on protected endpoint: /api/bookings
2026-09-01 18:46:02.236  WARN [main] [traceId=2a05e418197a4e47 userId=ANONYMOUS] c.b.filter.ClerkJwtAuthenticationFilter  : Missing or invalid Authorization header on protected endpoint: /api/bookings
2026-09-01 18:46:02.241  WARN [main] [traceId=5526fb67a127457e userId=ANONYMOUS] c.b.filter.ClerkJwtAuthenticationFilter  : Missing or invalid Authorization header on protected endpoint: /api/bookings
2026-09-01 18:46:02.246  WARN [main] [traceId=4d9b54d7b0c442d8 userId=ANONYMOUS] c.b.filter.ClerkJwtAuthenticationFilter  : Missing or invalid Authorization header on protected endpoint: /api/bookings
2026-09-01 18:46:02.249  WARN [main] [traceId=0163ae9a39d34522 userId=ANONYMOUS] c.b.filter.ClerkJwtAuthenticationFilter  : Missing or invalid Authorization header on protected endpoint: /api/bookings
2026-09-01 18:46:02.253  WARN [main] [traceId=7b18b7d05eb64f3f userId=ANONYMOUS] c.b.filter.ClerkJwtAuthenticationFilter  : Missing or invalid Authorization header on protected endpoint: /api/bookings
2026-09-01 18:46:02.258  WARN [main] [traceId=2aea14d5f478423c userId=ANONYMOUS] com.bookmyshow.filter.RateLimitFilter    : Rate limit exceeded for client [ip:10.0.0.55:tx]. Limit: 20/min. Endpoint: /api/bookings
2026-09-01 18:46:02.309  WARN [main] [traceId=f73a6c8ce6b94812 userId=ANONYMOUS] c.b.monitoring.CineXHealthIndicator      : HealthCheck indicates Redis Cache is offline: Unable to connect to Redis
2026-09-01 18:46:02.355  INFO [main] [traceId=NONE userId=NONE] t.c.s.AnnotationConfigContextLoaderUtils : Could not detect default configuration classes for test class [com.bookmyshow.filter.SecurityHardeningTest]: SecurityHardeningTest does not declare any static, non-private, non-final, nested classes annotated with @Configuration.
2026-09-01 18:46:02.371  INFO [main] [traceId=NONE userId=NONE] .b.t.c.SpringBootTestContextBootstrapper : Found @SpringBootConfiguration com.bookmyshow.BookmyshowApplication for test class com.bookmyshow.filter.SecurityHardeningTest
2026-09-01 18:46:02.443  INFO [main] [traceId=NONE userId=NONE] t.c.s.AnnotationConfigContextLoaderUtils : Could not detect default configuration classes for test class [com.bookmyshow.monitoring.ActuatorMonitoringTest]: ActuatorMonitoringTest does not declare any static, non-private, non-final, nested classes annotated with @Configuration.
2026-09-01 18:46:02.466  INFO [main] [traceId=NONE userId=NONE] .b.t.c.SpringBootTestContextBootstrapper : Found @SpringBootConfiguration com.bookmyshow.BookmyshowApplication for test class com.bookmyshow.monitoring.ActuatorMonitoringTest
2026-09-01 18:46:03.468  WARN [main] [traceId=5662d08265504546 userId=ANONYMOUS] c.b.monitoring.CineXHealthIndicator      : HealthCheck indicates Redis Cache is offline: Unable to connect to Redis
2026-09-01 18:46:03.513  INFO [main] [traceId=NONE userId=NONE] t.c.s.AnnotationConfigContextLoaderUtils : Could not detect default configuration classes for test class [com.bookmyshow.monitoring.ConnectionPoolMonitoringTest]: ConnectionPoolMonitoringTest does not declare any static, non-private, non-final, nested classes annotated with @Configuration.
2026-09-01 18:46:03.518  INFO [main] [traceId=NONE userId=NONE] .b.t.c.SpringBootTestContextBootstrapper : Found @SpringBootConfiguration com.bookmyshow.BookmyshowApplication for test class com.bookmyshow.monitoring.ConnectionPoolMonitoringTest
2026-09-01 18:46:03.581  INFO [main] [traceId=NONE userId=NONE] c.b.m.ConnectionPoolMonitoringService    : HikariCP Metrics -> Active: 0, Idle: 10, Total: 10, Waiting Threads: 0
2026-09-01 18:46:03.616  INFO [main] [traceId=NONE userId=NONE] t.c.s.AnnotationConfigContextLoaderUtils : Could not detect default configuration classes for test class [com.bookmyshow.service.AdminPlatformTest]: AdminPlatformTest does not declare any static, non-private, non-final, nested classes annotated with @Configuration.
2026-09-01 18:46:03.668  INFO [main] [traceId=NONE userId=NONE] .b.t.c.SpringBootTestContextBootstrapper : Found @SpringBootConfiguration com.bookmyshow.BookmyshowApplication for test class com.bookmyshow.service.AdminPlatformTest
2026-09-01 18:46:03.850  INFO [main] [traceId=NONE userId=NONE] com.bookmyshow.service.TheatreService    : Adding new theatre: PVR Admin Test in Mumbai
2026-09-01 18:46:04.024  INFO [main] [traceId=NONE userId=NONE] com.bookmyshow.service.MovieService      : Adding new movie: Inception Admin Test
2026-09-01 18:46:04.027  INFO [main] [traceId=NONE userId=NONE] com.bookmyshow.service.MovieService      : Updating movie id: 4
2026-09-01 18:46:04.128  INFO [main] [traceId=NONE userId=NONE] com.bookmyshow.service.MovieService      : Deleting movie id: 4
2026-09-01 18:46:04.172  INFO [main] [traceId=NONE userId=NONE] com.bookmyshow.service.MovieService      : Cache Miss: Fetching movie details for id 4 from MySQL database
2026-09-01 18:46:04.202  INFO [main] [traceId=NONE userId=NONE] t.c.s.AnnotationConfigContextLoaderUtils : Could not detect default configuration classes for test class [com.bookmyshow.service.BookingConcurrencyTest]: BookingConcurrencyTest does not declare any static, non-private, non-final, nested classes annotated with @Configuration.
2026-09-01 18:46:04.218  INFO [main] [traceId=NONE userId=NONE] .b.t.c.SpringBootTestContextBootstrapper : Found @SpringBootConfiguration com.bookmyshow.BookmyshowApplication for test class com.bookmyshow.service.BookingConcurrencyTest
2026-09-01 18:46:04.297  WARN [main] [traceId=NONE userId=NONE] ory$DuplicateJsonObjectContextCustomizer : 

Found multiple occurrences of org.json.JSONObject on the class path:

	jar:file:/C:/Users/Hamdaan/.m2/repository/com/vaadin/external/google/android-json/0.0.20131108.vaadin1/android-json-0.0.20131108.vaadin1.jar!/org/json/JSONObject.class
	jar:file:/C:/Users/Hamdaan/.m2/repository/org/json/json/20231013/json-20231013.jar!/org/json/JSONObject.class

You may wish to exclude one of them to ensure predictable runtime behavior

2026-09-01 18:46:04.300  INFO [main] [traceId=NONE userId=NONE] c.b.service.BookingConcurrencyTest       : Starting BookingConcurrencyTest using Java 22.0.1 with PID 1732 (started by Hamdaan in C:\Users\Hamdaan\Downloads\bookmyshow\bookmyshow)
2026-09-01 18:46:04.300  INFO [main] [traceId=NONE userId=NONE] c.b.service.BookingConcurrencyTest       : No active profile set, falling back to 1 default profile: "default"
2026-09-01 18:46:05.105  INFO [main] [traceId=NONE userId=NONE] .s.d.r.c.RepositoryConfigurationDelegate : Multiple Spring Data modules found, entering strict repository configuration mode
2026-09-01 18:46:05.105  INFO [main] [traceId=NONE userId=NONE] .s.d.r.c.RepositoryConfigurationDelegate : Bootstrapping Spring Data JPA repositories in DEFAULT mode.
2026-09-01 18:46:05.154  INFO [main] [traceId=NONE userId=NONE] .s.d.r.c.RepositoryConfigurationDelegate : Finished Spring Data repository scanning in 46 ms. Found 9 JPA repository interfaces.
2026-09-01 18:46:05.158  INFO [main] [traceId=NONE userId=NONE] .s.d.r.c.RepositoryConfigurationDelegate : Multiple Spring Data modules found, entering strict repository configuration mode
2026-09-01 18:46:05.158  INFO [main] [traceId=NONE userId=NONE] .s.d.r.c.RepositoryConfigurationDelegate : Bootstrapping Spring Data Redis repositories in DEFAULT mode.
2026-09-01 18:46:05.171  INFO [main] [traceId=NONE userId=NONE] .RepositoryConfigurationExtensionSupport : Spring Data Redis - Could not safely identify store assignment for repository candidate interface com.bookmyshow.repository.BookingRepository; If you want this repository to be a Redis repository, consider annotating your entities with one of these annotations: org.springframework.data.redis.core.RedisHash (preferred), or consider extending one of the following types with your repository: org.springframework.data.keyvalue.repository.KeyValueRepository
2026-09-01 18:46:05.172  INFO [main] [traceId=NONE userId=NONE] .RepositoryConfigurationExtensionSupport : Spring Data Redis - Could not safely identify store assignment for repository candidate interface com.bookmyshow.repository.BookingSeatRepository; If you want this repository to be a Redis repository, consider annotating your entities with one of these annotations: org.springframework.data.redis.core.RedisHash (preferred), or consider extending one of the following types with your repository: org.springframework.data.keyvalue.repository.KeyValueRepository
2026-09-01 18:46:05.172  INFO [main] [traceId=NONE userId=NONE] .RepositoryConfigurationExtensionSupport : Spring Data Redis - Could not safely identify store assignment for repository candidate interface com.bookmyshow.repository.MovieRepository; If you want this repository to be a Redis repository, consider annotating your entities with one of these annotations: org.springframework.data.redis.core.RedisHash (preferred), or consider extending one of the following types with your repository: org.springframework.data.keyvalue.repository.KeyValueRepository
2026-09-01 18:46:05.172  INFO [main] [traceId=NONE userId=NONE] .RepositoryConfigurationExtensionSupport : Spring Data Redis - Could not safely identify store assignment for repository candidate interface com.bookmyshow.repository.PaymentRepository; If you want this repository to be a Redis repository, consider annotating your entities with one of these annotations: org.springframework.data.redis.core.RedisHash (preferred), or consider extending one of the following types with your repository: org.springframework.data.keyvalue.repository.KeyValueRepository
2026-09-01 18:46:05.172  INFO [main] [traceId=NONE userId=NONE] .RepositoryConfigurationExtensionSupport : Spring Data Redis - Could not safely identify store assignment for repository candidate interface com.bookmyshow.repository.ScreenRepository; If you want this repository to be a Redis repository, consider annotating your entities with one of these annotations: org.springframework.data.redis.core.RedisHash (preferred), or consider extending one of the following types with your repository: org.springframework.data.keyvalue.repository.KeyValueRepository
2026-09-01 18:46:05.173  INFO [main] [traceId=NONE userId=NONE] .RepositoryConfigurationExtensionSupport : Spring Data Redis - Could not safely identify store assignment for repository candidate interface com.bookmyshow.repository.SeatRepository; If you want this repository to be a Redis repository, consider annotating your entities with one of these annotations: org.springframework.data.redis.core.RedisHash (preferred), or consider extending one of the following types with your repository: org.springframework.data.keyvalue.repository.KeyValueRepository
2026-09-01 18:46:05.173  INFO [main] [traceId=NONE userId=NONE] .RepositoryConfigurationExtensionSupport : Spring Data Redis - Could not safely identify store assignment for repository candidate interface com.bookmyshow.repository.ShowRepository; If you want this repository to be a Redis repository, consider annotating your entities with one of these annotations: org.springframework.data.redis.core.RedisHash (preferred), or consider extending one of the following types with your repository: org.springframework.data.keyvalue.repository.KeyValueRepository
2026-09-01 18:46:05.173  INFO [main] [traceId=NONE userId=NONE] .RepositoryConfigurationExtensionSupport : Spring Data Redis - Could not safely identify store assignment for repository candidate interface com.bookmyshow.repository.TheatreRepository; If you want this repository to be a Redis repository, consider annotating your entities with one of these annotations: org.springframework.data.redis.core.RedisHash (preferred), or consider extending one of the following types with your repository: org.springframework.data.keyvalue.repository.KeyValueRepository
2026-09-01 18:46:05.173  INFO [main] [traceId=NONE userId=NONE] .RepositoryConfigurationExtensionSupport : Spring Data Redis - Could not safely identify store assignment for repository candidate interface com.bookmyshow.repository.UserRepository; If you want this repository to be a Redis repository, consider annotating your entities with one of these annotations: org.springframework.data.redis.core.RedisHash (preferred), or consider extending one of the following types with your repository: org.springframework.data.keyvalue.repository.KeyValueRepository
2026-09-01 18:46:05.173  INFO [main] [traceId=NONE userId=NONE] .s.d.r.c.RepositoryConfigurationDelegate : Finished Spring Data repository scanning in 13 ms. Found 0 Redis repository interfaces.
2026-09-01 18:46:06.493  INFO [main] [traceId=NONE userId=NONE] o.hibernate.jpa.internal.util.LogHelper  : HHH000204: Processing PersistenceUnitInfo [name: default]
2026-09-01 18:46:06.512  INFO [main] [traceId=NONE userId=NONE] o.h.c.internal.RegionFactoryInitiator    : HHH000026: Second-level cache disabled
2026-09-01 18:46:06.573  INFO [main] [traceId=NONE userId=NONE] o.s.o.j.p.SpringPersistenceUnitInfo      : No LoadTimeWeaver setup: ignoring JPA class transformer
2026-09-01 18:46:06.580  INFO [main] [traceId=NONE userId=NONE] com.zaxxer.hikari.HikariDataSource       : HikariPool-3 - Starting...
2026-09-01 18:46:06.583  INFO [main] [traceId=NONE userId=NONE] com.zaxxer.hikari.pool.HikariPool        : HikariPool-3 - Added connection conn20: url=jdbc:h2:mem:bookmyshow-test user=SA
2026-09-01 18:46:06.585  INFO [main] [traceId=NONE userId=NONE] com.zaxxer.hikari.HikariDataSource       : HikariPool-3 - Start completed.
2026-09-01 18:46:06.588  INFO [main] [traceId=NONE userId=NONE] org.hibernate.orm.connections.pooling    : HHH10001005: Database info:
	Database JDBC URL [Connecting through datasource 'HikariDataSource (HikariPool-3)']
	Database driver: undefined/unknown
	Database version: 2.3.232
	Autocommit mode: undefined/unknown
	Isolation level: undefined/unknown
	Minimum pool size: undefined/unknown
	Maximum pool size: undefined/unknown
2026-09-01 18:46:07.238  INFO [main] [traceId=NONE userId=NONE] o.h.e.t.j.p.i.JtaPlatformInitiator       : HHH000489: No JTA platform available (set 'hibernate.transaction.jta.platform' to enable JTA platform integration)
2026-09-01 18:46:07.300  INFO [main] [traceId=NONE userId=NONE] j.LocalContainerEntityManagerFactoryBean : Initialized JPA EntityManagerFactory for persistence unit 'default'
2026-09-01 18:46:09.144  WARN [main] [traceId=NONE userId=NONE] com.bookmyshow.config.CacheConfig        : Redis server unreachable (Unable to connect to Redis). Falling back to embedded ConcurrentMapCacheManager.
2026-09-01 18:46:09.490  INFO [main] [traceId=NONE userId=NONE] c.b.initializer.DataInitializer          : Default Admin User created: admin@cinex.com / admin123
2026-09-01 18:46:09.603  INFO [main] [traceId=NONE userId=NONE] c.b.initializer.DataInitializer          : Default Test User created: user@cinex.com / user123
2026-09-01 18:46:09.609  INFO [main] [traceId=NONE userId=NONE] c.b.initializer.DataInitializer          : Initializing sample data for BookMyShow...
2026-09-01 18:46:09.775  INFO [main] [traceId=NONE userId=NONE] c.b.initializer.DataInitializer          : Initialization completed successfully!
2026-09-01 18:46:11.830  WARN [main] [traceId=NONE userId=NONE] .s.s.UserDetailsServiceAutoConfiguration : 

Using generated security password: 8b196289-305d-430d-bfee-9226342f36da

This generated password is for development use only. Your security configuration must be updated before running your application in production.

2026-09-01 18:46:11.854  INFO [main] [traceId=NONE userId=NONE] r$InitializeUserDetailsManagerConfigurer : Global AuthenticationManager configured with UserDetailsService bean with name inMemoryUserDetailsManager
2026-09-01 18:46:12.324  INFO [main] [traceId=NONE userId=NONE] o.s.b.a.w.s.WelcomePageHandlerMapping    : Adding welcome page: class path resource [static/index.html]
2026-09-01 18:46:13.545  INFO [main] [traceId=NONE userId=NONE] o.s.b.a.e.web.EndpointLinksResolver      : Exposing 6 endpoints beneath base path '/actuator'
2026-09-01 18:46:16.192  INFO [main] [traceId=NONE userId=NONE] o.s.m.s.b.SimpleBrokerMessageHandler     : Starting...
2026-09-01 18:46:16.197  INFO [main] [traceId=NONE userId=NONE] o.s.m.s.b.SimpleBrokerMessageHandler     : BrokerAvailabilityEvent[available=true, SimpleBrokerMessageHandler [org.springframework.messaging.simp.broker.DefaultSubscriptionRegistry@7f65c882]]
2026-09-01 18:46:16.198  INFO [main] [traceId=NONE userId=NONE] o.s.m.s.b.SimpleBrokerMessageHandler     : Started.
2026-09-01 18:46:16.223  INFO [main] [traceId=NONE userId=NONE] c.b.service.BookingConcurrencyTest       : Started BookingConcurrencyTest in 11.996 seconds (process running for 53.461)
2026-09-01 18:46:17.507  INFO [main] [traceId=NONE userId=NONE] t.c.s.AnnotationConfigContextLoaderUtils : Could not detect default configuration classes for test class [com.bookmyshow.service.CacheServiceTest]: CacheServiceTest does not declare any static, non-private, non-final, nested classes annotated with @Configuration.
2026-09-01 18:46:17.517  INFO [main] [traceId=NONE userId=NONE] .b.t.c.SpringBootTestContextBootstrapper : Found @SpringBootConfiguration com.bookmyshow.BookmyshowApplication for test class com.bookmyshow.service.CacheServiceTest
2026-09-01 18:46:17.553  INFO [main] [traceId=NONE userId=NONE] com.bookmyshow.service.MovieService      : Cache Miss: Fetching all movies from MySQL database
2026-09-01 18:46:17.568  INFO [main] [traceId=NONE userId=NONE] com.bookmyshow.service.MovieService      : Adding new movie: Test Cached Movie
2026-09-01 18:46:17.635  INFO [main] [traceId=NONE userId=NONE] com.bookmyshow.service.MovieService      : Cache Miss: Fetching all movies from MySQL database
2026-09-01 18:46:17.738  INFO [main] [traceId=NONE userId=NONE] t.c.s.AnnotationConfigContextLoaderUtils : Could not detect default configuration classes for test class [com.bookmyshow.service.GlobalSearchServiceTest]: GlobalSearchServiceTest does not declare any static, non-private, non-final, nested classes annotated with @Configuration.
2026-09-01 18:46:17.747  INFO [main] [traceId=NONE userId=NONE] .b.t.c.SpringBootTestContextBootstrapper : Found @SpringBootConfiguration com.bookmyshow.BookmyshowApplication for test class com.bookmyshow.service.GlobalSearchServiceTest
2026-09-01 18:46:18.247  INFO [main] [traceId=NONE userId=NONE] com.bookmyshow.service.TheatreService    : Adding new theatre: PVR Cyberhub IMAX in Gurugram
2026-09-01 18:46:19.301  INFO [main] [traceId=NONE userId=NONE] com.bookmyshow.service.MovieService      : Adding new movie: Avengers Sci-Fi Epic
2026-09-01 18:46:19.320  INFO [main] [traceId=NONE userId=NONE] com.bookmyshow.service.MovieService      : Adding new movie: Bahubali Drama
2026-09-01 18:46:19.722  INFO [main] [traceId=NONE userId=NONE] t.c.s.AnnotationConfigContextLoaderUtils : Could not detect default configuration classes for test class [com.bookmyshow.service.PaginationServiceTest]: PaginationServiceTest does not declare any static, non-private, non-final, nested classes annotated with @Configuration.
2026-09-01 18:46:19.754  INFO [main] [traceId=NONE userId=NONE] .b.t.c.SpringBootTestContextBootstrapper : Found @SpringBootConfiguration com.bookmyshow.BookmyshowApplication for test class com.bookmyshow.service.PaginationServiceTest
2026-09-01 18:46:19.870  INFO [main] [traceId=NONE userId=NONE] com.bookmyshow.service.TheatreService    : Adding new theatre: Paginated Theatre 1 in Mumbai
2026-09-01 18:46:19.874  INFO [main] [traceId=NONE userId=NONE] com.bookmyshow.service.TheatreService    : Adding new theatre: Paginated Theatre 2 in Mumbai
2026-09-01 18:46:19.881  INFO [main] [traceId=NONE userId=NONE] com.bookmyshow.service.TheatreService    : Adding new theatre: Paginated Theatre 3 in Mumbai
2026-09-01 18:46:19.954  INFO [main] [traceId=NONE userId=NONE] com.bookmyshow.service.MovieService      : Adding new movie: Paginated Movie 1
2026-09-01 18:46:19.966  INFO [main] [traceId=NONE userId=NONE] com.bookmyshow.service.MovieService      : Adding new movie: Paginated Movie 2
2026-09-01 18:46:19.995  INFO [main] [traceId=NONE userId=NONE] com.bookmyshow.service.MovieService      : Adding new movie: Paginated Movie 3
2026-09-01 18:46:20.700  INFO [main] [traceId=NONE userId=NONE] t.c.s.AnnotationConfigContextLoaderUtils : Could not detect default configuration classes for test class [com.bookmyshow.service.RazorpayPaymentServiceTest]: RazorpayPaymentServiceTest does not declare any static, non-private, non-final, nested classes annotated with @Configuration.
2026-09-01 18:46:20.717  INFO [main] [traceId=NONE userId=NONE] .b.t.c.SpringBootTestContextBootstrapper : Found @SpringBootConfiguration com.bookmyshow.BookmyshowApplication for test class com.bookmyshow.service.RazorpayPaymentServiceTest
2026-09-01 18:46:20.978  WARN [main] [traceId=NONE userId=NONE] ory$DuplicateJsonObjectContextCustomizer : 

Found multiple occurrences of org.json.JSONObject on the class path:

	jar:file:/C:/Users/Hamdaan/.m2/repository/com/vaadin/external/google/android-json/0.0.20131108.vaadin1/android-json-0.0.20131108.vaadin1.jar!/org/json/JSONObject.class
	jar:file:/C:/Users/Hamdaan/.m2/repository/org/json/json/20231013/json-20231013.jar!/org/json/JSONObject.class

You may wish to exclude one of them to ensure predictable runtime behavior

2026-09-01 18:46:20.983  INFO [main] [traceId=NONE userId=NONE] c.b.service.RazorpayPaymentServiceTest   : Starting RazorpayPaymentServiceTest using Java 22.0.1 with PID 1732 (started by Hamdaan in C:\Users\Hamdaan\Downloads\bookmyshow\bookmyshow)
2026-09-01 18:46:20.984  INFO [main] [traceId=NONE userId=NONE] c.b.service.RazorpayPaymentServiceTest   : No active profile set, falling back to 1 default profile: "default"
2026-09-01 18:46:23.980  INFO [main] [traceId=NONE userId=NONE] .s.d.r.c.RepositoryConfigurationDelegate : Multiple Spring Data modules found, entering strict repository configuration mode
2026-09-01 18:46:23.981  INFO [main] [traceId=NONE userId=NONE] .s.d.r.c.RepositoryConfigurationDelegate : Bootstrapping Spring Data JPA repositories in DEFAULT mode.
2026-09-01 18:46:24.093  INFO [main] [traceId=NONE userId=NONE] .s.d.r.c.RepositoryConfigurationDelegate : Finished Spring Data repository scanning in 109 ms. Found 9 JPA repository interfaces.
2026-09-01 18:46:24.108  INFO [main] [traceId=NONE userId=NONE] .s.d.r.c.RepositoryConfigurationDelegate : Multiple Spring Data modules found, entering strict repository configuration mode
2026-09-01 18:46:24.109  INFO [main] [traceId=NONE userId=NONE] .s.d.r.c.RepositoryConfigurationDelegate : Bootstrapping Spring Data Redis repositories in DEFAULT mode.
2026-09-01 18:46:24.135  INFO [main] [traceId=NONE userId=NONE] .RepositoryConfigurationExtensionSupport : Spring Data Redis - Could not safely identify store assignment for repository candidate interface com.bookmyshow.repository.BookingRepository; If you want this repository to be a Redis repository, consider annotating your entities with one of these annotations: org.springframework.data.redis.core.RedisHash (preferred), or consider extending one of the following types with your repository: org.springframework.data.keyvalue.repository.KeyValueRepository
2026-09-01 18:46:24.135  INFO [main] [traceId=NONE userId=NONE] .RepositoryConfigurationExtensionSupport : Spring Data Redis - Could not safely identify store assignment for repository candidate interface com.bookmyshow.repository.BookingSeatRepository; If you want this repository to be a Redis repository, consider annotating your entities with one of these annotations: org.springframework.data.redis.core.RedisHash (preferred), or consider extending one of the following types with your repository: org.springframework.data.keyvalue.repository.KeyValueRepository
2026-09-01 18:46:24.135  INFO [main] [traceId=NONE userId=NONE] .RepositoryConfigurationExtensionSupport : Spring Data Redis - Could not safely identify store assignment for repository candidate interface com.bookmyshow.repository.MovieRepository; If you want this repository to be a Redis repository, consider annotating your entities with one of these annotations: org.springframework.data.redis.core.RedisHash (preferred), or consider extending one of the following types with your repository: org.springframework.data.keyvalue.repository.KeyValueRepository
2026-09-01 18:46:24.135  INFO [main] [traceId=NONE userId=NONE] .RepositoryConfigurationExtensionSupport : Spring Data Redis - Could not safely identify store assignment for repository candidate interface com.bookmyshow.repository.PaymentRepository; If you want this repository to be a Redis repository, consider annotating your entities with one of these annotations: org.springframework.data.redis.core.RedisHash (preferred), or consider extending one of the following types with your repository: org.springframework.data.keyvalue.repository.KeyValueRepository
2026-09-01 18:46:24.136  INFO [main] [traceId=NONE userId=NONE] .RepositoryConfigurationExtensionSupport : Spring Data Redis - Could not safely identify store assignment for repository candidate interface com.bookmyshow.repository.ScreenRepository; If you want this repository to be a Redis repository, consider annotating your entities with one of these annotations: org.springframework.data.redis.core.RedisHash (preferred), or consider extending one of the following types with your repository: org.springframework.data.keyvalue.repository.KeyValueRepository
2026-09-01 18:46:24.136  INFO [main] [traceId=NONE userId=NONE] .RepositoryConfigurationExtensionSupport : Spring Data Redis - Could not safely identify store assignment for repository candidate interface com.bookmyshow.repository.SeatRepository; If you want this repository to be a Redis repository, consider annotating your entities with one of these annotations: org.springframework.data.redis.core.RedisHash (preferred), or consider extending one of the following types with your repository: org.springframework.data.keyvalue.repository.KeyValueRepository
2026-09-01 18:46:24.136  INFO [main] [traceId=NONE userId=NONE] .RepositoryConfigurationExtensionSupport : Spring Data Redis - Could not safely identify store assignment for repository candidate interface com.bookmyshow.repository.ShowRepository; If you want this repository to be a Redis repository, consider annotating your entities with one of these annotations: org.springframework.data.redis.core.RedisHash (preferred), or consider extending one of the following types with your repository: org.springframework.data.keyvalue.repository.KeyValueRepository
2026-09-01 18:46:24.137  INFO [main] [traceId=NONE userId=NONE] .RepositoryConfigurationExtensionSupport : Spring Data Redis - Could not safely identify store assignment for repository candidate interface com.bookmyshow.repository.TheatreRepository; If you want this repository to be a Redis repository, consider annotating your entities with one of these annotations: org.springframework.data.redis.core.RedisHash (preferred), or consider extending one of the following types with your repository: org.springframework.data.keyvalue.repository.KeyValueRepository
2026-09-01 18:46:24.141  INFO [main] [traceId=NONE userId=NONE] .RepositoryConfigurationExtensionSupport : Spring Data Redis - Could not safely identify store assignment for repository candidate interface com.bookmyshow.repository.UserRepository; If you want this repository to be a Redis repository, consider annotating your entities with one of these annotations: org.springframework.data.redis.core.RedisHash (preferred), or consider extending one of the following types with your repository: org.springframework.data.keyvalue.repository.KeyValueRepository
2026-09-01 18:46:24.141  INFO [main] [traceId=NONE userId=NONE] .s.d.r.c.RepositoryConfigurationDelegate : Finished Spring Data repository scanning in 28 ms. Found 0 Redis repository interfaces.
2026-09-01 18:46:25.522  INFO [main] [traceId=NONE userId=NONE] o.hibernate.jpa.internal.util.LogHelper  : HHH000204: Processing PersistenceUnitInfo [name: default]
2026-09-01 18:46:25.535  INFO [main] [traceId=NONE userId=NONE] o.h.c.internal.RegionFactoryInitiator    : HHH000026: Second-level cache disabled
2026-09-01 18:46:25.576  INFO [main] [traceId=NONE userId=NONE] o.s.o.j.p.SpringPersistenceUnitInfo      : No LoadTimeWeaver setup: ignoring JPA class transformer
2026-09-01 18:46:25.579  INFO [main] [traceId=NONE userId=NONE] com.zaxxer.hikari.HikariDataSource       : HikariPool-4 - Starting...
2026-09-01 18:46:25.581  INFO [main] [traceId=NONE userId=NONE] com.zaxxer.hikari.pool.HikariPool        : HikariPool-4 - Added connection conn30: url=jdbc:h2:mem:bookmyshow-test user=SA
2026-09-01 18:46:25.583  INFO [main] [traceId=NONE userId=NONE] com.zaxxer.hikari.HikariDataSource       : HikariPool-4 - Start completed.
2026-09-01 18:46:25.586  INFO [main] [traceId=NONE userId=NONE] org.hibernate.orm.connections.pooling    : HHH10001005: Database info:
	Database JDBC URL [Connecting through datasource 'HikariDataSource (HikariPool-4)']
	Database driver: undefined/unknown
	Database version: 2.3.232
	Autocommit mode: undefined/unknown
	Isolation level: undefined/unknown
	Minimum pool size: undefined/unknown
	Maximum pool size: undefined/unknown
2026-09-01 18:46:25.845  INFO [main] [traceId=NONE userId=NONE] o.h.e.t.j.p.i.JtaPlatformInitiator       : HHH000489: No JTA platform available (set 'hibernate.transaction.jta.platform' to enable JTA platform integration)
2026-09-01 18:46:25.908  INFO [main] [traceId=NONE userId=NONE] j.LocalContainerEntityManagerFactoryBean : Initialized JPA EntityManagerFactory for persistence unit 'default'
2026-09-01 18:46:26.930  WARN [main] [traceId=NONE userId=NONE] com.bookmyshow.config.CacheConfig        : Redis server unreachable (Unable to connect to Redis). Falling back to embedded ConcurrentMapCacheManager.
2026-09-01 18:46:27.205  INFO [main] [traceId=NONE userId=NONE] c.b.initializer.DataInitializer          : Default Admin User created: admin@cinex.com / admin123
2026-09-01 18:46:27.336  INFO [main] [traceId=NONE userId=NONE] c.b.initializer.DataInitializer          : Default Test User created: user@cinex.com / user123
2026-09-01 18:46:27.343  INFO [main] [traceId=NONE userId=NONE] c.b.initializer.DataInitializer          : Initializing sample data for BookMyShow...
2026-09-01 18:46:27.484  INFO [main] [traceId=NONE userId=NONE] c.b.initializer.DataInitializer          : Initialization completed successfully!
2026-09-01 18:46:27.766  WARN [main] [traceId=NONE userId=NONE] .s.s.UserDetailsServiceAutoConfiguration : 

Using generated security password: 0980ff5f-4958-4d11-8e79-56ff819005ed

This generated password is for development use only. Your security configuration must be updated before running your application in production.

2026-09-01 18:46:27.773  INFO [main] [traceId=NONE userId=NONE] r$InitializeUserDetailsManagerConfigurer : Global AuthenticationManager configured with UserDetailsService bean with name inMemoryUserDetailsManager
2026-09-01 18:46:27.943  INFO [main] [traceId=NONE userId=NONE] o.s.b.a.w.s.WelcomePageHandlerMapping    : Adding welcome page: class path resource [static/index.html]
2026-09-01 18:46:28.634  INFO [main] [traceId=NONE userId=NONE] o.s.b.a.e.web.EndpointLinksResolver      : Exposing 6 endpoints beneath base path '/actuator'
2026-09-01 18:46:29.667  INFO [main] [traceId=NONE userId=NONE] o.s.m.s.b.SimpleBrokerMessageHandler     : Starting...
2026-09-01 18:46:29.667  INFO [main] [traceId=NONE userId=NONE] o.s.m.s.b.SimpleBrokerMessageHandler     : BrokerAvailabilityEvent[available=true, SimpleBrokerMessageHandler [org.springframework.messaging.simp.broker.DefaultSubscriptionRegistry@28e4576e]]
2026-09-01 18:46:29.668  INFO [main] [traceId=NONE userId=NONE] o.s.m.s.b.SimpleBrokerMessageHandler     : Started.
2026-09-01 18:46:29.680  INFO [main] [traceId=NONE userId=NONE] c.b.service.RazorpayPaymentServiceTest   : Started RazorpayPaymentServiceTest in 8.897 seconds (process running for 66.919)
2026-09-01 18:46:29.733  INFO [main] [traceId=NONE userId=NONE] com.bookmyshow.service.PaymentService    : Payment successfully verified for Booking 1 with Payment ID pay_test_987654
2026-09-01 18:46:29.750  INFO [main] [traceId=NONE userId=NONE] com.bookmyshow.service.PaymentService    : Payment successfully verified for Booking 1 with Payment ID pay_test_987654
2026-09-01 18:46:29.779  INFO [main] [traceId=NONE userId=NONE] com.bookmyshow.service.PaymentService    : Payment successfully verified for Booking 2 with Payment ID pay_test_987654
2026-09-01 18:46:29.828 ERROR [main] [traceId=NONE userId=NONE] com.bookmyshow.service.PaymentService    : HMAC SHA256 signature verification failed for Order order_test_123456 and Payment pay_test_987654
2026-09-01 18:46:29.852  INFO [main] [traceId=NONE userId=NONE] com.bookmyshow.service.PaymentService    : Cancelling payment/booking for ID 4
2026-09-01 18:46:30.296  INFO [main] [traceId=NONE userId=NONE] com.bookmyshow.service.SeatLockService   : User [user-A] (session: [session-1]) held seats [5] for show 101
2026-09-01 18:46:30.352  INFO [main] [traceId=NONE userId=NONE] com.bookmyshow.service.SeatLockService   : Broadcasting BOOKED status for seats [5] on show 101
2026-09-01 18:46:30.377  INFO [main] [traceId=NONE userId=NONE] com.bookmyshow.service.SeatLockService   : User [user-A] (session: [session-1]) held seats [1, 2] for show 101
2026-09-01 18:46:30.378  INFO [main] [traceId=NONE userId=NONE] com.bookmyshow.service.SeatLockService   : Released seats [1, 2] for show 101
2026-09-01 18:46:30.419  INFO [main] [traceId=NONE userId=NONE] com.bookmyshow.service.SeatLockService   : User [user-A] (session: [session-disconnect]) held seats [10, 11] for show 101
2026-09-01 18:46:30.420  INFO [main] [traceId=NONE userId=NONE] com.bookmyshow.service.SeatLockService   : Session [session-disconnect] disconnected. Cleaning up 2 held seats.
2026-09-01 18:46:30.427  INFO [main] [traceId=NONE userId=NONE] com.bookmyshow.service.SeatLockService   : User [user-A] (session: [session-1]) held seats [1, 2] for show 101
2026-09-01 18:46:30.429  WARN [main] [traceId=NONE userId=NONE] com.bookmyshow.service.SeatLockService   : Seat selection rejected: Seat 2 on show 101 is already held by user user-A
2026-09-01 18:46:30.437  INFO [main] [traceId=NONE userId=NONE] com.bookmyshow.service.SeatLockService   : User [user-A] (session: [session-1]) held seats [1, 2] for show 101
2026-09-01 18:46:30.448  INFO [main] [traceId=NONE userId=NONE] t.c.s.AnnotationConfigContextLoaderUtils : Could not detect default configuration classes for test class [com.bookmyshow.service.TicketServiceTest]: TicketServiceTest does not declare any static, non-private, non-final, nested classes annotated with @Configuration.
2026-09-01 18:46:30.453  INFO [main] [traceId=NONE userId=NONE] .b.t.c.SpringBootTestContextBootstrapper : Found @SpringBootConfiguration com.bookmyshow.BookmyshowApplication for test class com.bookmyshow.service.TicketServiceTest
2026-09-01 18:46:30.526  WARN [main] [traceId=NONE userId=NONE] com.bookmyshow.service.TicketService     : Verification failed: No booking found for token NON-EXISTENT-TOKEN-999
2026-09-01 18:46:30.553  WARN [main] [traceId=NONE userId=NONE] com.bookmyshow.service.TicketService     : Verification failed: Booking ID 13 is not in BOOKED state (current: FAILED)
2026-09-01 18:46:32.007  INFO [SpringApplicationShutdownHook] [traceId=NONE userId=NONE] o.s.m.s.b.SimpleBrokerMessageHandler     : Stopping...
2026-09-01 18:46:32.008  INFO [SpringApplicationShutdownHook] [traceId=NONE userId=NONE] o.s.m.s.b.SimpleBrokerMessageHandler     : BrokerAvailabilityEvent[available=false, SimpleBrokerMessageHandler [org.springframework.messaging.simp.broker.DefaultSubscriptionRegistry@853050d]]
2026-09-01 18:46:32.008  INFO [SpringApplicationShutdownHook] [traceId=NONE userId=NONE] o.s.m.s.b.SimpleBrokerMessageHandler     : Stopped.
2026-09-01 18:46:32.217  INFO [SpringApplicationShutdownHook] [traceId=NONE userId=NONE] j.LocalContainerEntityManagerFactoryBean : Closing JPA EntityManagerFactory for persistence unit 'default'
2026-09-01 18:46:32.235  INFO [SpringApplicationShutdownHook] [traceId=NONE userId=NONE] com.zaxxer.hikari.HikariDataSource       : HikariPool-1 - Shutdown initiated...
2026-09-01 18:46:32.240  INFO [SpringApplicationShutdownHook] [traceId=NONE userId=NONE] com.zaxxer.hikari.HikariDataSource       : HikariPool-1 - Shutdown completed.
2026-09-01 18:46:32.248  INFO [SpringApplicationShutdownHook] [traceId=NONE userId=NONE] o.s.m.s.b.SimpleBrokerMessageHandler     : Stopping...
2026-09-01 18:46:32.249  INFO [SpringApplicationShutdownHook] [traceId=NONE userId=NONE] o.s.m.s.b.SimpleBrokerMessageHandler     : BrokerAvailabilityEvent[available=false, SimpleBrokerMessageHandler [org.springframework.messaging.simp.broker.DefaultSubscriptionRegistry@947e589]]
2026-09-01 18:46:32.249  INFO [SpringApplicationShutdownHook] [traceId=NONE userId=NONE] o.s.m.s.b.SimpleBrokerMessageHandler     : Stopped.
2026-09-01 18:46:32.268  INFO [SpringApplicationShutdownHook] [traceId=NONE userId=NONE] j.LocalContainerEntityManagerFactoryBean : Closing JPA EntityManagerFactory for persistence unit 'default'
2026-09-01 18:46:32.269  INFO [SpringApplicationShutdownHook] [traceId=NONE userId=NONE] com.zaxxer.hikari.HikariDataSource       : HikariPool-2 - Shutdown initiated...
2026-09-01 18:46:32.271  INFO [SpringApplicationShutdownHook] [traceId=NONE userId=NONE] com.zaxxer.hikari.HikariDataSource       : HikariPool-2 - Shutdown completed.
2026-09-01 18:46:32.276  INFO [SpringApplicationShutdownHook] [traceId=NONE userId=NONE] o.s.m.s.b.SimpleBrokerMessageHandler     : Stopping...
2026-09-01 18:46:32.276  INFO [SpringApplicationShutdownHook] [traceId=NONE userId=NONE] o.s.m.s.b.SimpleBrokerMessageHandler     : BrokerAvailabilityEvent[available=false, SimpleBrokerMessageHandler [org.springframework.messaging.simp.broker.DefaultSubscriptionRegistry@7f65c882]]
2026-09-01 18:46:32.276  INFO [SpringApplicationShutdownHook] [traceId=NONE userId=NONE] o.s.m.s.b.SimpleBrokerMessageHandler     : Stopped.
2026-09-01 18:46:32.293  INFO [SpringApplicationShutdownHook] [traceId=NONE userId=NONE] j.LocalContainerEntityManagerFactoryBean : Closing JPA EntityManagerFactory for persistence unit 'default'
2026-09-01 18:46:32.298  INFO [SpringApplicationShutdownHook] [traceId=NONE userId=NONE] com.zaxxer.hikari.HikariDataSource       : HikariPool-3 - Shutdown initiated...
2026-09-01 18:46:32.302  INFO [SpringApplicationShutdownHook] [traceId=NONE userId=NONE] com.zaxxer.hikari.HikariDataSource       : HikariPool-3 - Shutdown completed.
2026-09-01 18:46:32.304  INFO [SpringApplicationShutdownHook] [traceId=NONE userId=NONE] o.s.m.s.b.SimpleBrokerMessageHandler     : Stopping...
2026-09-01 18:46:32.305  INFO [SpringApplicationShutdownHook] [traceId=NONE userId=NONE] o.s.m.s.b.SimpleBrokerMessageHandler     : BrokerAvailabilityEvent[available=false, SimpleBrokerMessageHandler [org.springframework.messaging.simp.broker.DefaultSubscriptionRegistry@28e4576e]]
2026-09-01 18:46:32.305  INFO [SpringApplicationShutdownHook] [traceId=NONE userId=NONE] o.s.m.s.b.SimpleBrokerMessageHandler     : Stopped.
2026-09-01 18:46:32.358  INFO [SpringApplicationShutdownHook] [traceId=NONE userId=NONE] j.LocalContainerEntityManagerFactoryBean : Closing JPA EntityManagerFactory for persistence unit 'default'
2026-09-01 18:46:32.373  INFO [SpringApplicationShutdownHook] [traceId=NONE userId=NONE] com.zaxxer.hikari.HikariDataSource       : HikariPool-4 - Shutdown initiated...
2026-09-01 18:46:32.386  INFO [SpringApplicationShutdownHook] [traceId=NONE userId=NONE] com.zaxxer.hikari.HikariDataSource       : HikariPool-4 - Shutdown completed.
2026-09-01 18:47:35.713  WARN [main] [traceId=NONE userId=NONE] ory$DuplicateJsonObjectContextCustomizer : 

Found multiple occurrences of org.json.JSONObject on the class path:

	jar:file:/C:/Users/Hamdaan/.m2/repository/com/vaadin/external/google/android-json/0.0.20131108.vaadin1/android-json-0.0.20131108.vaadin1.jar!/org/json/JSONObject.class
	jar:file:/C:/Users/Hamdaan/.m2/repository/org/json/json/20231013/json-20231013.jar!/org/json/JSONObject.class

You may wish to exclude one of them to ensure predictable runtime behavior

2026-09-01 18:47:35.774  INFO [main] [traceId=NONE userId=NONE] c.bookmyshow.BookmyshowApplicationTests  : Starting BookmyshowApplicationTests using Java 22.0.1 with PID 17116 (started by Hamdaan in C:\Users\Hamdaan\Downloads\bookmyshow\bookmyshow)
2026-09-01 18:47:35.778  INFO [main] [traceId=NONE userId=NONE] c.bookmyshow.BookmyshowApplicationTests  : No active profile set, falling back to 1 default profile: "default"
2026-09-01 18:47:39.783  INFO [main] [traceId=NONE userId=NONE] .s.d.r.c.RepositoryConfigurationDelegate : Multiple Spring Data modules found, entering strict repository configuration mode
2026-09-01 18:47:39.788  INFO [main] [traceId=NONE userId=NONE] .s.d.r.c.RepositoryConfigurationDelegate : Bootstrapping Spring Data JPA repositories in DEFAULT mode.
2026-09-01 18:47:40.332  INFO [main] [traceId=NONE userId=NONE] .s.d.r.c.RepositoryConfigurationDelegate : Finished Spring Data repository scanning in 503 ms. Found 9 JPA repository interfaces.
2026-09-01 18:47:40.393  INFO [main] [traceId=NONE userId=NONE] .s.d.r.c.RepositoryConfigurationDelegate : Multiple Spring Data modules found, entering strict repository configuration mode
2026-09-01 18:47:40.402  INFO [main] [traceId=NONE userId=NONE] .s.d.r.c.RepositoryConfigurationDelegate : Bootstrapping Spring Data Redis repositories in DEFAULT mode.
2026-09-01 18:47:40.483  INFO [main] [traceId=NONE userId=NONE] .RepositoryConfigurationExtensionSupport : Spring Data Redis - Could not safely identify store assignment for repository candidate interface com.bookmyshow.repository.BookingRepository; If you want this repository to be a Redis repository, consider annotating your entities with one of these annotations: org.springframework.data.redis.core.RedisHash (preferred), or consider extending one of the following types with your repository: org.springframework.data.keyvalue.repository.KeyValueRepository
2026-09-01 18:47:40.484  INFO [main] [traceId=NONE userId=NONE] .RepositoryConfigurationExtensionSupport : Spring Data Redis - Could not safely identify store assignment for repository candidate interface com.bookmyshow.repository.BookingSeatRepository; If you want this repository to be a Redis repository, consider annotating your entities with one of these annotations: org.springframework.data.redis.core.RedisHash (preferred), or consider extending one of the following types with your repository: org.springframework.data.keyvalue.repository.KeyValueRepository
2026-09-01 18:47:40.490  INFO [main] [traceId=NONE userId=NONE] .RepositoryConfigurationExtensionSupport : Spring Data Redis - Could not safely identify store assignment for repository candidate interface com.bookmyshow.repository.MovieRepository; If you want this repository to be a Redis repository, consider annotating your entities with one of these annotations: org.springframework.data.redis.core.RedisHash (preferred), or consider extending one of the following types with your repository: org.springframework.data.keyvalue.repository.KeyValueRepository
2026-09-01 18:47:40.497  INFO [main] [traceId=NONE userId=NONE] .RepositoryConfigurationExtensionSupport : Spring Data Redis - Could not safely identify store assignment for repository candidate interface com.bookmyshow.repository.PaymentRepository; If you want this repository to be a Redis repository, consider annotating your entities with one of these annotations: org.springframework.data.redis.core.RedisHash (preferred), or consider extending one of the following types with your repository: org.springframework.data.keyvalue.repository.KeyValueRepository
2026-09-01 18:47:40.504  INFO [main] [traceId=NONE userId=NONE] .RepositoryConfigurationExtensionSupport : Spring Data Redis - Could not safely identify store assignment for repository candidate interface com.bookmyshow.repository.ScreenRepository; If you want this repository to be a Redis repository, consider annotating your entities with one of these annotations: org.springframework.data.redis.core.RedisHash (preferred), or consider extending one of the following types with your repository: org.springframework.data.keyvalue.repository.KeyValueRepository
2026-09-01 18:47:40.506  INFO [main] [traceId=NONE userId=NONE] .RepositoryConfigurationExtensionSupport : Spring Data Redis - Could not safely identify store assignment for repository candidate interface com.bookmyshow.repository.SeatRepository; If you want this repository to be a Redis repository, consider annotating your entities with one of these annotations: org.springframework.data.redis.core.RedisHash (preferred), or consider extending one of the following types with your repository: org.springframework.data.keyvalue.repository.KeyValueRepository
2026-09-01 18:47:40.507  INFO [main] [traceId=NONE userId=NONE] .RepositoryConfigurationExtensionSupport : Spring Data Redis - Could not safely identify store assignment for repository candidate interface com.bookmyshow.repository.ShowRepository; If you want this repository to be a Redis repository, consider annotating your entities with one of these annotations: org.springframework.data.redis.core.RedisHash (preferred), or consider extending one of the following types with your repository: org.springframework.data.keyvalue.repository.KeyValueRepository
2026-09-01 18:47:40.510  INFO [main] [traceId=NONE userId=NONE] .RepositoryConfigurationExtensionSupport : Spring Data Redis - Could not safely identify store assignment for repository candidate interface com.bookmyshow.repository.TheatreRepository; If you want this repository to be a Redis repository, consider annotating your entities with one of these annotations: org.springframework.data.redis.core.RedisHash (preferred), or consider extending one of the following types with your repository: org.springframework.data.keyvalue.repository.KeyValueRepository
2026-09-01 18:47:40.511  INFO [main] [traceId=NONE userId=NONE] .RepositoryConfigurationExtensionSupport : Spring Data Redis - Could not safely identify store assignment for repository candidate interface com.bookmyshow.repository.UserRepository; If you want this repository to be a Redis repository, consider annotating your entities with one of these annotations: org.springframework.data.redis.core.RedisHash (preferred), or consider extending one of the following types with your repository: org.springframework.data.keyvalue.repository.KeyValueRepository
2026-09-01 18:47:40.512  INFO [main] [traceId=NONE userId=NONE] .s.d.r.c.RepositoryConfigurationDelegate : Finished Spring Data repository scanning in 69 ms. Found 0 Redis repository interfaces.
2026-09-01 18:47:42.562  INFO [main] [traceId=NONE userId=NONE] o.hibernate.jpa.internal.util.LogHelper  : HHH000204: Processing PersistenceUnitInfo [name: default]
2026-09-01 18:47:42.721  INFO [main] [traceId=NONE userId=NONE] org.hibernate.Version                    : HHH000412: Hibernate ORM core version 6.6.13.Final
2026-09-01 18:47:42.800  INFO [main] [traceId=NONE userId=NONE] o.h.c.internal.RegionFactoryInitiator    : HHH000026: Second-level cache disabled
2026-09-01 18:47:43.524  INFO [main] [traceId=NONE userId=NONE] o.s.o.j.p.SpringPersistenceUnitInfo      : No LoadTimeWeaver setup: ignoring JPA class transformer
2026-09-01 18:47:43.583  INFO [main] [traceId=NONE userId=NONE] com.zaxxer.hikari.HikariDataSource       : HikariPool-1 - Starting...
2026-09-01 18:47:43.875  INFO [main] [traceId=NONE userId=NONE] com.zaxxer.hikari.pool.HikariPool        : HikariPool-1 - Added connection conn0: url=jdbc:h2:mem:bookmyshow-test user=SA
2026-09-01 18:47:43.878  INFO [main] [traceId=NONE userId=NONE] com.zaxxer.hikari.HikariDataSource       : HikariPool-1 - Start completed.
2026-09-01 18:47:43.952  INFO [main] [traceId=NONE userId=NONE] org.hibernate.orm.connections.pooling    : HHH10001005: Database info:
	Database JDBC URL [Connecting through datasource 'HikariDataSource (HikariPool-1)']
	Database driver: undefined/unknown
	Database version: 2.3.232
	Autocommit mode: undefined/unknown
	Isolation level: undefined/unknown
	Minimum pool size: undefined/unknown
	Maximum pool size: undefined/unknown
2026-09-01 18:47:45.793  INFO [main] [traceId=NONE userId=NONE] o.h.e.t.j.p.i.JtaPlatformInitiator       : HHH000489: No JTA platform available (set 'hibernate.transaction.jta.platform' to enable JTA platform integration)
2026-09-01 18:47:45.915  INFO [main] [traceId=NONE userId=NONE] j.LocalContainerEntityManagerFactoryBean : Initialized JPA EntityManagerFactory for persistence unit 'default'
2026-09-01 18:47:47.478  INFO [main] [traceId=NONE userId=NONE] o.s.d.j.r.query.QueryEnhancerFactory     : Hibernate is in classpath; If applicable, HQL parser will be used.
2026-09-01 18:47:51.183  WARN [main] [traceId=NONE userId=NONE] com.bookmyshow.config.CacheConfig        : Redis server unreachable (Unable to connect to Redis). Falling back to embedded ConcurrentMapCacheManager.
2026-09-01 18:47:53.078  INFO [main] [traceId=NONE userId=NONE] c.b.initializer.DataInitializer          : Default Admin User created: admin@cinex.com / admin123
2026-09-01 18:47:53.225  INFO [main] [traceId=NONE userId=NONE] c.b.initializer.DataInitializer          : Default Test User created: user@cinex.com / user123
2026-09-01 18:47:53.253  INFO [main] [traceId=NONE userId=NONE] c.b.initializer.DataInitializer          : Initializing sample data for BookMyShow...
2026-09-01 18:47:53.388  INFO [main] [traceId=NONE userId=NONE] c.b.initializer.DataInitializer          : Initialization completed successfully!
2026-09-01 18:47:53.827  WARN [main] [traceId=NONE userId=NONE] .s.s.UserDetailsServiceAutoConfiguration : 

Using generated security password: 667f5e8a-16c3-41f4-9790-5b31e3a5f05a

This generated password is for development use only. Your security configuration must be updated before running your application in production.

2026-09-01 18:47:53.847  INFO [main] [traceId=NONE userId=NONE] r$InitializeUserDetailsManagerConfigurer : Global AuthenticationManager configured with UserDetailsService bean with name inMemoryUserDetailsManager
2026-09-01 18:47:54.289  INFO [main] [traceId=NONE userId=NONE] o.s.b.a.w.s.WelcomePageHandlerMapping    : Adding welcome page: class path resource [static/index.html]
2026-09-01 18:47:55.227  INFO [main] [traceId=NONE userId=NONE] o.s.b.a.e.web.EndpointLinksResolver      : Exposing 6 endpoints beneath base path '/actuator'
2026-09-01 18:47:57.309  INFO [main] [traceId=NONE userId=NONE] o.s.m.s.b.SimpleBrokerMessageHandler     : Starting...
2026-09-01 18:47:57.311  INFO [main] [traceId=NONE userId=NONE] o.s.m.s.b.SimpleBrokerMessageHandler     : BrokerAvailabilityEvent[available=true, SimpleBrokerMessageHandler [org.springframework.messaging.simp.broker.DefaultSubscriptionRegistry@70e76d93]]
2026-09-01 18:47:57.313  INFO [main] [traceId=NONE userId=NONE] o.s.m.s.b.SimpleBrokerMessageHandler     : Started.
2026-09-01 18:47:57.348  INFO [main] [traceId=NONE userId=NONE] c.bookmyshow.BookmyshowApplicationTests  : Started BookmyshowApplicationTests in 22.766 seconds (process running for 25.199)
2026-09-01 18:47:58.342  INFO [main] [traceId=NONE userId=NONE] t.c.s.AnnotationConfigContextLoaderUtils : Could not detect default configuration classes for test class [com.bookmyshow.config.OpenApiDocumentationTest]: OpenApiDocumentationTest does not declare any static, non-private, non-final, nested classes annotated with @Configuration.
2026-09-01 18:47:58.453  INFO [main] [traceId=NONE userId=NONE] .b.t.c.SpringBootTestContextBootstrapper : Found @SpringBootConfiguration com.bookmyshow.BookmyshowApplication for test class com.bookmyshow.config.OpenApiDocumentationTest
2026-09-01 18:47:58.575  WARN [main] [traceId=NONE userId=NONE] ory$DuplicateJsonObjectContextCustomizer : 

Found multiple occurrences of org.json.JSONObject on the class path:

	jar:file:/C:/Users/Hamdaan/.m2/repository/com/vaadin/external/google/android-json/0.0.20131108.vaadin1/android-json-0.0.20131108.vaadin1.jar!/org/json/JSONObject.class
	jar:file:/C:/Users/Hamdaan/.m2/repository/org/json/json/20231013/json-20231013.jar!/org/json/JSONObject.class

You may wish to exclude one of them to ensure predictable runtime behavior

2026-09-01 18:47:58.581  INFO [main] [traceId=NONE userId=NONE] c.b.config.OpenApiDocumentationTest      : Starting OpenApiDocumentationTest using Java 22.0.1 with PID 17116 (started by Hamdaan in C:\Users\Hamdaan\Downloads\bookmyshow\bookmyshow)
2026-09-01 18:47:58.581  INFO [main] [traceId=NONE userId=NONE] c.b.config.OpenApiDocumentationTest      : No active profile set, falling back to 1 default profile: "default"
2026-09-01 18:47:59.632  INFO [main] [traceId=NONE userId=NONE] .s.d.r.c.RepositoryConfigurationDelegate : Multiple Spring Data modules found, entering strict repository configuration mode
2026-09-01 18:47:59.633  INFO [main] [traceId=NONE userId=NONE] .s.d.r.c.RepositoryConfigurationDelegate : Bootstrapping Spring Data JPA repositories in DEFAULT mode.
2026-09-01 18:47:59.706  INFO [main] [traceId=NONE userId=NONE] .s.d.r.c.RepositoryConfigurationDelegate : Finished Spring Data repository scanning in 70 ms. Found 9 JPA repository interfaces.
2026-09-01 18:47:59.715  INFO [main] [traceId=NONE userId=NONE] .s.d.r.c.RepositoryConfigurationDelegate : Multiple Spring Data modules found, entering strict repository configuration mode
2026-09-01 18:47:59.716  INFO [main] [traceId=NONE userId=NONE] .s.d.r.c.RepositoryConfigurationDelegate : Bootstrapping Spring Data Redis repositories in DEFAULT mode.
2026-09-01 18:47:59.737  INFO [main] [traceId=NONE userId=NONE] .RepositoryConfigurationExtensionSupport : Spring Data Redis - Could not safely identify store assignment for repository candidate interface com.bookmyshow.repository.BookingRepository; If you want this repository to be a Redis repository, consider annotating your entities with one of these annotations: org.springframework.data.redis.core.RedisHash (preferred), or consider extending one of the following types with your repository: org.springframework.data.keyvalue.repository.KeyValueRepository
2026-09-01 18:47:59.739  INFO [main] [traceId=NONE userId=NONE] .RepositoryConfigurationExtensionSupport : Spring Data Redis - Could not safely identify store assignment for repository candidate interface com.bookmyshow.repository.BookingSeatRepository; If you want this repository to be a Redis repository, consider annotating your entities with one of these annotations: org.springframework.data.redis.core.RedisHash (preferred), or consider extending one of the following types with your repository: org.springframework.data.keyvalue.repository.KeyValueRepository
2026-09-01 18:47:59.739  INFO [main] [traceId=NONE userId=NONE] .RepositoryConfigurationExtensionSupport : Spring Data Redis - Could not safely identify store assignment for repository candidate interface com.bookmyshow.repository.MovieRepository; If you want this repository to be a Redis repository, consider annotating your entities with one of these annotations: org.springframework.data.redis.core.RedisHash (preferred), or consider extending one of the following types with your repository: org.springframework.data.keyvalue.repository.KeyValueRepository
2026-09-01 18:47:59.739  INFO [main] [traceId=NONE userId=NONE] .RepositoryConfigurationExtensionSupport : Spring Data Redis - Could not safely identify store assignment for repository candidate interface com.bookmyshow.repository.PaymentRepository; If you want this repository to be a Redis repository, consider annotating your entities with one of these annotations: org.springframework.data.redis.core.RedisHash (preferred), or consider extending one of the following types with your repository: org.springframework.data.keyvalue.repository.KeyValueRepository
2026-09-01 18:47:59.740  INFO [main] [traceId=NONE userId=NONE] .RepositoryConfigurationExtensionSupport : Spring Data Redis - Could not safely identify store assignment for repository candidate interface com.bookmyshow.repository.ScreenRepository; If you want this repository to be a Redis repository, consider annotating your entities with one of these annotations: org.springframework.data.redis.core.RedisHash (preferred), or consider extending one of the following types with your repository: org.springframework.data.keyvalue.repository.KeyValueRepository
2026-09-01 18:47:59.740  INFO [main] [traceId=NONE userId=NONE] .RepositoryConfigurationExtensionSupport : Spring Data Redis - Could not safely identify store assignment for repository candidate interface com.bookmyshow.repository.SeatRepository; If you want this repository to be a Redis repository, consider annotating your entities with one of these annotations: org.springframework.data.redis.core.RedisHash (preferred), or consider extending one of the following types with your repository: org.springframework.data.keyvalue.repository.KeyValueRepository
2026-09-01 18:47:59.740  INFO [main] [traceId=NONE userId=NONE] .RepositoryConfigurationExtensionSupport : Spring Data Redis - Could not safely identify store assignment for repository candidate interface com.bookmyshow.repository.ShowRepository; If you want this repository to be a Redis repository, consider annotating your entities with one of these annotations: org.springframework.data.redis.core.RedisHash (preferred), or consider extending one of the following types with your repository: org.springframework.data.keyvalue.repository.KeyValueRepository
2026-09-01 18:47:59.740  INFO [main] [traceId=NONE userId=NONE] .RepositoryConfigurationExtensionSupport : Spring Data Redis - Could not safely identify store assignment for repository candidate interface com.bookmyshow.repository.TheatreRepository; If you want this repository to be a Redis repository, consider annotating your entities with one of these annotations: org.springframework.data.redis.core.RedisHash (preferred), or consider extending one of the following types with your repository: org.springframework.data.keyvalue.repository.KeyValueRepository
2026-09-01 18:47:59.741  INFO [main] [traceId=NONE userId=NONE] .RepositoryConfigurationExtensionSupport : Spring Data Redis - Could not safely identify store assignment for repository candidate interface com.bookmyshow.repository.UserRepository; If you want this repository to be a Redis repository, consider annotating your entities with one of these annotations: org.springframework.data.redis.core.RedisHash (preferred), or consider extending one of the following types with your repository: org.springframework.data.keyvalue.repository.KeyValueRepository
2026-09-01 18:47:59.741  INFO [main] [traceId=NONE userId=NONE] .s.d.r.c.RepositoryConfigurationDelegate : Finished Spring Data repository scanning in 22 ms. Found 0 Redis repository interfaces.
2026-09-01 18:48:00.305  INFO [main] [traceId=NONE userId=NONE] o.hibernate.jpa.internal.util.LogHelper  : HHH000204: Processing PersistenceUnitInfo [name: default]
2026-09-01 18:48:00.314  INFO [main] [traceId=NONE userId=NONE] o.h.c.internal.RegionFactoryInitiator    : HHH000026: Second-level cache disabled
2026-09-01 18:48:00.348  INFO [main] [traceId=NONE userId=NONE] o.s.o.j.p.SpringPersistenceUnitInfo      : No LoadTimeWeaver setup: ignoring JPA class transformer
2026-09-01 18:48:00.350  INFO [main] [traceId=NONE userId=NONE] com.zaxxer.hikari.HikariDataSource       : HikariPool-2 - Starting...
2026-09-01 18:48:00.353  INFO [main] [traceId=NONE userId=NONE] com.zaxxer.hikari.pool.HikariPool        : HikariPool-2 - Added connection conn10: url=jdbc:h2:mem:bookmyshow-test user=SA
2026-09-01 18:48:00.353  INFO [main] [traceId=NONE userId=NONE] com.zaxxer.hikari.HikariDataSource       : HikariPool-2 - Start completed.
2026-09-01 18:48:00.354  INFO [main] [traceId=NONE userId=NONE] org.hibernate.orm.connections.pooling    : HHH10001005: Database info:
	Database JDBC URL [Connecting through datasource 'HikariDataSource (HikariPool-2)']
	Database driver: undefined/unknown
	Database version: 2.3.232
	Autocommit mode: undefined/unknown
	Isolation level: undefined/unknown
	Minimum pool size: undefined/unknown
	Maximum pool size: undefined/unknown
2026-09-01 18:48:00.589  INFO [main] [traceId=NONE userId=NONE] o.h.e.t.j.p.i.JtaPlatformInitiator       : HHH000489: No JTA platform available (set 'hibernate.transaction.jta.platform' to enable JTA platform integration)
2026-09-01 18:48:00.631  INFO [main] [traceId=NONE userId=NONE] j.LocalContainerEntityManagerFactoryBean : Initialized JPA EntityManagerFactory for persistence unit 'default'
2026-09-01 18:48:01.340  WARN [main] [traceId=NONE userId=NONE] com.bookmyshow.config.CacheConfig        : Redis server unreachable (Unable to connect to Redis). Falling back to embedded ConcurrentMapCacheManager.
2026-09-01 18:48:01.497  INFO [main] [traceId=NONE userId=NONE] c.b.initializer.DataInitializer          : Default Admin User created: admin@cinex.com / admin123
2026-09-01 18:48:01.584  INFO [main] [traceId=NONE userId=NONE] c.b.initializer.DataInitializer          : Default Test User created: user@cinex.com / user123
2026-09-01 18:48:01.587  INFO [main] [traceId=NONE userId=NONE] c.b.initializer.DataInitializer          : Initializing sample data for BookMyShow...
2026-09-01 18:48:01.675  INFO [main] [traceId=NONE userId=NONE] c.b.initializer.DataInitializer          : Initialization completed successfully!
2026-09-01 18:48:01.791  WARN [main] [traceId=NONE userId=NONE] .s.s.UserDetailsServiceAutoConfiguration : 

Using generated security password: b55b27e0-42a9-46fa-88cd-ae18747089f9

This generated password is for development use only. Your security configuration must be updated before running your application in production.

2026-09-01 18:48:01.794  INFO [main] [traceId=NONE userId=NONE] r$InitializeUserDetailsManagerConfigurer : Global AuthenticationManager configured with UserDetailsService bean with name inMemoryUserDetailsManager
2026-09-01 18:48:01.848  INFO [main] [traceId=NONE userId=NONE] o.s.b.a.w.s.WelcomePageHandlerMapping    : Adding welcome page: class path resource [static/index.html]
2026-09-01 18:48:02.166  INFO [main] [traceId=NONE userId=NONE] o.s.b.a.e.web.EndpointLinksResolver      : Exposing 6 endpoints beneath base path '/actuator'
2026-09-01 18:48:02.965  INFO [main] [traceId=NONE userId=NONE] o.s.b.t.m.w.SpringBootMockServletContext : Initializing Spring TestDispatcherServlet ''
2026-09-01 18:48:02.966  INFO [main] [traceId=NONE userId=NONE] o.s.t.web.servlet.TestDispatcherServlet  : Initializing Servlet ''
2026-09-01 18:48:02.967  INFO [main] [traceId=NONE userId=NONE] o.s.t.web.servlet.TestDispatcherServlet  : Completed initialization in 1 ms
2026-09-01 18:48:03.003  INFO [main] [traceId=NONE userId=NONE] o.s.m.s.b.SimpleBrokerMessageHandler     : Starting...
2026-09-01 18:48:03.004  INFO [main] [traceId=NONE userId=NONE] o.s.m.s.b.SimpleBrokerMessageHandler     : BrokerAvailabilityEvent[available=true, SimpleBrokerMessageHandler [org.springframework.messaging.simp.broker.DefaultSubscriptionRegistry@ea29f27]]
2026-09-01 18:48:03.004  INFO [main] [traceId=NONE userId=NONE] o.s.m.s.b.SimpleBrokerMessageHandler     : Started.
2026-09-01 18:48:03.027  INFO [main] [traceId=NONE userId=NONE] c.b.config.OpenApiDocumentationTest      : Started OpenApiDocumentationTest in 4.563 seconds (process running for 30.877)
2026-09-01 18:48:05.493  INFO [main] [traceId=bb62563ffd664018 userId=ANONYMOUS] o.springdoc.api.AbstractOpenApiResource  : Init duration for springdoc-openapi is: 2305 ms
2026-09-01 18:48:05.731  INFO [main] [traceId=NONE userId=NONE] t.c.s.AnnotationConfigContextLoaderUtils : Could not detect default configuration classes for test class [com.bookmyshow.controller.SeatWebSocketControllerTest]: SeatWebSocketControllerTest does not declare any static, non-private, non-final, nested classes annotated with @Configuration.
2026-09-01 18:48:05.788  INFO [main] [traceId=NONE userId=NONE] .b.t.c.SpringBootTestContextBootstrapper : Found @SpringBootConfiguration com.bookmyshow.BookmyshowApplication for test class com.bookmyshow.controller.SeatWebSocketControllerTest
2026-09-01 18:48:05.846  WARN [main] [traceId=4d89137a1d094b89 userId=ANONYMOUS] c.b.filter.ClerkJwtAuthenticationFilter  : Missing or invalid Authorization header on protected endpoint: /api/shows/501/seats/lock
2026-09-01 18:48:05.873  INFO [main] [traceId=4d89137a1d094b89 userId=ANONYMOUS] com.bookmyshow.service.SeatLockService   : User [clerk-test-user] (session: [REST_CLIENT]) held seats [99, 100] for show 501
2026-09-01 18:48:05.901  WARN [main] [traceId=1cfdfed2e41a499f userId=ANONYMOUS] c.b.filter.ClerkJwtAuthenticationFilter  : Missing or invalid Authorization header on protected endpoint: /api/shows/501/seats/lock
2026-09-01 18:48:05.906  WARN [main] [traceId=1cfdfed2e41a499f userId=ANONYMOUS] com.bookmyshow.service.SeatLockService   : Seat selection rejected: Seat 100 on show 501 is already held by user clerk-test-user
2026-09-01 18:48:05.938  WARN [main] [traceId=7dc6a247dadf4aa2 userId=ANONYMOUS] c.b.filter.ClerkJwtAuthenticationFilter  : Missing or invalid Authorization header on protected endpoint: /api/shows/501/seats/lock
2026-09-01 18:48:05.942  INFO [main] [traceId=7dc6a247dadf4aa2 userId=ANONYMOUS] com.bookmyshow.service.SeatLockService   : Released seats [99, 100] for show 501
2026-09-01 18:48:05.967  INFO [main] [traceId=NONE userId=NONE] t.c.s.AnnotationConfigContextLoaderUtils : Could not detect default configuration classes for test class [com.bookmyshow.filter.LoggingAndMdcTest]: LoggingAndMdcTest does not declare any static, non-private, non-final, nested classes annotated with @Configuration.
2026-09-01 18:48:06.029  INFO [main] [traceId=NONE userId=NONE] .b.t.c.SpringBootTestContextBootstrapper : Found @SpringBootConfiguration com.bookmyshow.BookmyshowApplication for test class com.bookmyshow.filter.LoggingAndMdcTest
2026-09-01 18:48:06.074  INFO [main] [traceId=2c83c722be5e4c3b userId=ANONYMOUS] com.bookmyshow.service.MovieService      : Cache Miss: Fetching all movies from MySQL database
2026-09-01 18:48:06.227  INFO [main] [traceId=NONE userId=NONE] t.c.s.AnnotationConfigContextLoaderUtils : Could not detect default configuration classes for test class [com.bookmyshow.filter.RateLimitingTest]: RateLimitingTest does not declare any static, non-private, non-final, nested classes annotated with @Configuration.
2026-09-01 18:48:06.234  INFO [main] [traceId=NONE userId=NONE] .b.t.c.SpringBootTestContextBootstrapper : Found @SpringBootConfiguration com.bookmyshow.BookmyshowApplication for test class com.bookmyshow.filter.RateLimitingTest
2026-09-01 18:48:06.276  WARN [main] [traceId=bfa4b76e5ff948ef userId=ANONYMOUS] c.b.filter.ClerkJwtAuthenticationFilter  : Missing or invalid Authorization header on protected endpoint: /api/bookings
2026-09-01 18:48:06.291  WARN [main] [traceId=d3ce6a7821ca455e userId=ANONYMOUS] c.b.filter.ClerkJwtAuthenticationFilter  : Missing or invalid Authorization header on protected endpoint: /api/bookings
2026-09-01 18:48:06.295  WARN [main] [traceId=499f189ab7e54828 userId=ANONYMOUS] c.b.filter.ClerkJwtAuthenticationFilter  : Missing or invalid Authorization header on protected endpoint: /api/bookings
2026-09-01 18:48:06.299  WARN [main] [traceId=f2887f611b8d4b09 userId=ANONYMOUS] c.b.filter.ClerkJwtAuthenticationFilter  : Missing or invalid Authorization header on protected endpoint: /api/bookings
2026-09-01 18:48:06.306  WARN [main] [traceId=734a992acbc24dad userId=ANONYMOUS] c.b.filter.ClerkJwtAuthenticationFilter  : Missing or invalid Authorization header on protected endpoint: /api/bookings
2026-09-01 18:48:06.311  WARN [main] [traceId=8a748c231da84702 userId=ANONYMOUS] c.b.filter.ClerkJwtAuthenticationFilter  : Missing or invalid Authorization header on protected endpoint: /api/bookings
2026-09-01 18:48:06.316  WARN [main] [traceId=1e22de9ab6834211 userId=ANONYMOUS] c.b.filter.ClerkJwtAuthenticationFilter  : Missing or invalid Authorization header on protected endpoint: /api/bookings
2026-09-01 18:48:06.322  WARN [main] [traceId=310e401307e8418d userId=ANONYMOUS] c.b.filter.ClerkJwtAuthenticationFilter  : Missing or invalid Authorization header on protected endpoint: /api/bookings
2026-09-01 18:48:06.327  WARN [main] [traceId=6a3ad2d1b8a841a5 userId=ANONYMOUS] c.b.filter.ClerkJwtAuthenticationFilter  : Missing or invalid Authorization header on protected endpoint: /api/bookings
2026-09-01 18:48:06.330  WARN [main] [traceId=1fe4670c378a4b02 userId=ANONYMOUS] c.b.filter.ClerkJwtAuthenticationFilter  : Missing or invalid Authorization header on protected endpoint: /api/bookings
2026-09-01 18:48:06.333  WARN [main] [traceId=390892ad624440b3 userId=ANONYMOUS] c.b.filter.ClerkJwtAuthenticationFilter  : Missing or invalid Authorization header on protected endpoint: /api/bookings
2026-09-01 18:48:06.347  WARN [main] [traceId=ce6e68d8df3d4dfd userId=ANONYMOUS] c.b.filter.ClerkJwtAuthenticationFilter  : Missing or invalid Authorization header on protected endpoint: /api/bookings
2026-09-01 18:48:06.354  WARN [main] [traceId=3a8813cc42574c27 userId=ANONYMOUS] c.b.filter.ClerkJwtAuthenticationFilter  : Missing or invalid Authorization header on protected endpoint: /api/bookings
2026-09-01 18:48:06.359  WARN [main] [traceId=ea6a75d7caca4fa1 userId=ANONYMOUS] c.b.filter.ClerkJwtAuthenticationFilter  : Missing or invalid Authorization header on protected endpoint: /api/bookings
2026-09-01 18:48:06.363  WARN [main] [traceId=ea27975e5d904cd6 userId=ANONYMOUS] c.b.filter.ClerkJwtAuthenticationFilter  : Missing or invalid Authorization header on protected endpoint: /api/bookings
2026-09-01 18:48:06.367  WARN [main] [traceId=16ff742960bd4ac0 userId=ANONYMOUS] c.b.filter.ClerkJwtAuthenticationFilter  : Missing or invalid Authorization header on protected endpoint: /api/bookings
2026-09-01 18:48:06.372  WARN [main] [traceId=14981965cf5c4428 userId=ANONYMOUS] c.b.filter.ClerkJwtAuthenticationFilter  : Missing or invalid Authorization header on protected endpoint: /api/bookings
2026-09-01 18:48:06.376  WARN [main] [traceId=e2ced31d9ccf4677 userId=ANONYMOUS] c.b.filter.ClerkJwtAuthenticationFilter  : Missing or invalid Authorization header on protected endpoint: /api/bookings
2026-09-01 18:48:06.380  WARN [main] [traceId=371aa5308a7c423c userId=ANONYMOUS] c.b.filter.ClerkJwtAuthenticationFilter  : Missing or invalid Authorization header on protected endpoint: /api/bookings
2026-09-01 18:48:06.383  WARN [main] [traceId=39889c69cc6f4857 userId=ANONYMOUS] c.b.filter.ClerkJwtAuthenticationFilter  : Missing or invalid Authorization header on protected endpoint: /api/bookings
2026-09-01 18:48:06.388  WARN [main] [traceId=d27995e9e6844a7b userId=ANONYMOUS] com.bookmyshow.filter.RateLimitFilter    : Rate limit exceeded for client [ip:10.0.0.55:tx]. Limit: 20/min. Endpoint: /api/bookings
2026-09-01 18:48:06.432  WARN [main] [traceId=39c77c2c80fd4a68 userId=ANONYMOUS] c.b.monitoring.CineXHealthIndicator      : HealthCheck indicates Redis Cache is offline: Unable to connect to Redis
2026-09-01 18:48:06.467  INFO [main] [traceId=NONE userId=NONE] t.c.s.AnnotationConfigContextLoaderUtils : Could not detect default configuration classes for test class [com.bookmyshow.filter.SecurityHardeningTest]: SecurityHardeningTest does not declare any static, non-private, non-final, nested classes annotated with @Configuration.
2026-09-01 18:48:06.474  INFO [main] [traceId=NONE userId=NONE] .b.t.c.SpringBootTestContextBootstrapper : Found @SpringBootConfiguration com.bookmyshow.BookmyshowApplication for test class com.bookmyshow.filter.SecurityHardeningTest
2026-09-01 18:48:06.499  INFO [main] [traceId=NONE userId=NONE] t.c.s.AnnotationConfigContextLoaderUtils : Could not detect default configuration classes for test class [com.bookmyshow.monitoring.ActuatorMonitoringTest]: ActuatorMonitoringTest does not declare any static, non-private, non-final, nested classes annotated with @Configuration.
2026-09-01 18:48:06.522  INFO [main] [traceId=NONE userId=NONE] .b.t.c.SpringBootTestContextBootstrapper : Found @SpringBootConfiguration com.bookmyshow.BookmyshowApplication for test class com.bookmyshow.monitoring.ActuatorMonitoringTest
2026-09-01 18:48:07.420  WARN [main] [traceId=b6de443db6a34cbb userId=ANONYMOUS] c.b.monitoring.CineXHealthIndicator      : HealthCheck indicates Redis Cache is offline: Unable to connect to Redis
2026-09-01 18:48:07.438  INFO [main] [traceId=NONE userId=NONE] t.c.s.AnnotationConfigContextLoaderUtils : Could not detect default configuration classes for test class [com.bookmyshow.monitoring.ConnectionPoolMonitoringTest]: ConnectionPoolMonitoringTest does not declare any static, non-private, non-final, nested classes annotated with @Configuration.
2026-09-01 18:48:07.440  INFO [main] [traceId=NONE userId=NONE] .b.t.c.SpringBootTestContextBootstrapper : Found @SpringBootConfiguration com.bookmyshow.BookmyshowApplication for test class com.bookmyshow.monitoring.ConnectionPoolMonitoringTest
2026-09-01 18:48:07.457  INFO [main] [traceId=NONE userId=NONE] c.b.m.ConnectionPoolMonitoringService    : HikariCP Metrics -> Active: 0, Idle: 10, Total: 10, Waiting Threads: 0
2026-09-01 18:48:07.481  INFO [main] [traceId=NONE userId=NONE] t.c.s.AnnotationConfigContextLoaderUtils : Could not detect default configuration classes for test class [com.bookmyshow.service.AdminPlatformTest]: AdminPlatformTest does not declare any static, non-private, non-final, nested classes annotated with @Configuration.
2026-09-01 18:48:07.506  INFO [main] [traceId=NONE userId=NONE] .b.t.c.SpringBootTestContextBootstrapper : Found @SpringBootConfiguration com.bookmyshow.BookmyshowApplication for test class com.bookmyshow.service.AdminPlatformTest
2026-09-01 18:48:07.620  INFO [main] [traceId=NONE userId=NONE] com.bookmyshow.service.TheatreService    : Adding new theatre: PVR Admin Test in Mumbai
2026-09-01 18:48:07.705  INFO [main] [traceId=NONE userId=NONE] com.bookmyshow.service.MovieService      : Adding new movie: Inception Admin Test
2026-09-01 18:48:07.708  INFO [main] [traceId=NONE userId=NONE] com.bookmyshow.service.MovieService      : Updating movie id: 4
2026-09-01 18:48:07.736  INFO [main] [traceId=NONE userId=NONE] com.bookmyshow.service.MovieService      : Deleting movie id: 4
2026-09-01 18:48:07.754  INFO [main] [traceId=NONE userId=NONE] com.bookmyshow.service.MovieService      : Cache Miss: Fetching movie details for id 4 from MySQL database
2026-09-01 18:48:07.772  INFO [main] [traceId=NONE userId=NONE] t.c.s.AnnotationConfigContextLoaderUtils : Could not detect default configuration classes for test class [com.bookmyshow.service.BookingConcurrencyTest]: BookingConcurrencyTest does not declare any static, non-private, non-final, nested classes annotated with @Configuration.
2026-09-01 18:48:07.777  INFO [main] [traceId=NONE userId=NONE] .b.t.c.SpringBootTestContextBootstrapper : Found @SpringBootConfiguration com.bookmyshow.BookmyshowApplication for test class com.bookmyshow.service.BookingConcurrencyTest
2026-09-01 18:48:07.841  WARN [main] [traceId=NONE userId=NONE] ory$DuplicateJsonObjectContextCustomizer : 

Found multiple occurrences of org.json.JSONObject on the class path:

	jar:file:/C:/Users/Hamdaan/.m2/repository/com/vaadin/external/google/android-json/0.0.20131108.vaadin1/android-json-0.0.20131108.vaadin1.jar!/org/json/JSONObject.class
	jar:file:/C:/Users/Hamdaan/.m2/repository/org/json/json/20231013/json-20231013.jar!/org/json/JSONObject.class

You may wish to exclude one of them to ensure predictable runtime behavior

2026-09-01 18:48:07.844  INFO [main] [traceId=NONE userId=NONE] c.b.service.BookingConcurrencyTest       : Starting BookingConcurrencyTest using Java 22.0.1 with PID 17116 (started by Hamdaan in C:\Users\Hamdaan\Downloads\bookmyshow\bookmyshow)
2026-09-01 18:48:07.845  INFO [main] [traceId=NONE userId=NONE] c.b.service.BookingConcurrencyTest       : No active profile set, falling back to 1 default profile: "default"
2026-09-01 18:48:08.602  INFO [main] [traceId=NONE userId=NONE] .s.d.r.c.RepositoryConfigurationDelegate : Multiple Spring Data modules found, entering strict repository configuration mode
2026-09-01 18:48:08.602  INFO [main] [traceId=NONE userId=NONE] .s.d.r.c.RepositoryConfigurationDelegate : Bootstrapping Spring Data JPA repositories in DEFAULT mode.
2026-09-01 18:48:08.660  INFO [main] [traceId=NONE userId=NONE] .s.d.r.c.RepositoryConfigurationDelegate : Finished Spring Data repository scanning in 55 ms. Found 9 JPA repository interfaces.
2026-09-01 18:48:08.663  INFO [main] [traceId=NONE userId=NONE] .s.d.r.c.RepositoryConfigurationDelegate : Multiple Spring Data modules found, entering strict repository configuration mode
2026-09-01 18:48:08.663  INFO [main] [traceId=NONE userId=NONE] .s.d.r.c.RepositoryConfigurationDelegate : Bootstrapping Spring Data Redis repositories in DEFAULT mode.
2026-09-01 18:48:08.677  INFO [main] [traceId=NONE userId=NONE] .RepositoryConfigurationExtensionSupport : Spring Data Redis - Could not safely identify store assignment for repository candidate interface com.bookmyshow.repository.BookingRepository; If you want this repository to be a Redis repository, consider annotating your entities with one of these annotations: org.springframework.data.redis.core.RedisHash (preferred), or consider extending one of the following types with your repository: org.springframework.data.keyvalue.repository.KeyValueRepository
2026-09-01 18:48:08.677  INFO [main] [traceId=NONE userId=NONE] .RepositoryConfigurationExtensionSupport : Spring Data Redis - Could not safely identify store assignment for repository candidate interface com.bookmyshow.repository.BookingSeatRepository; If you want this repository to be a Redis repository, consider annotating your entities with one of these annotations: org.springframework.data.redis.core.RedisHash (preferred), or consider extending one of the following types with your repository: org.springframework.data.keyvalue.repository.KeyValueRepository
2026-09-01 18:48:08.677  INFO [main] [traceId=NONE userId=NONE] .RepositoryConfigurationExtensionSupport : Spring Data Redis - Could not safely identify store assignment for repository candidate interface com.bookmyshow.repository.MovieRepository; If you want this repository to be a Redis repository, consider annotating your entities with one of these annotations: org.springframework.data.redis.core.RedisHash (preferred), or consider extending one of the following types with your repository: org.springframework.data.keyvalue.repository.KeyValueRepository
2026-09-01 18:48:08.677  INFO [main] [traceId=NONE userId=NONE] .RepositoryConfigurationExtensionSupport : Spring Data Redis - Could not safely identify store assignment for repository candidate interface com.bookmyshow.repository.PaymentRepository; If you want this repository to be a Redis repository, consider annotating your entities with one of these annotations: org.springframework.data.redis.core.RedisHash (preferred), or consider extending one of the following types with your repository: org.springframework.data.keyvalue.repository.KeyValueRepository
2026-09-01 18:48:08.678  INFO [main] [traceId=NONE userId=NONE] .RepositoryConfigurationExtensionSupport : Spring Data Redis - Could not safely identify store assignment for repository candidate interface com.bookmyshow.repository.ScreenRepository; If you want this repository to be a Redis repository, consider annotating your entities with one of these annotations: org.springframework.data.redis.core.RedisHash (preferred), or consider extending one of the following types with your repository: org.springframework.data.keyvalue.repository.KeyValueRepository
2026-09-01 18:48:08.678  INFO [main] [traceId=NONE userId=NONE] .RepositoryConfigurationExtensionSupport : Spring Data Redis - Could not safely identify store assignment for repository candidate interface com.bookmyshow.repository.SeatRepository; If you want this repository to be a Redis repository, consider annotating your entities with one of these annotations: org.springframework.data.redis.core.RedisHash (preferred), or consider extending one of the following types with your repository: org.springframework.data.keyvalue.repository.KeyValueRepository
2026-09-01 18:48:08.678  INFO [main] [traceId=NONE userId=NONE] .RepositoryConfigurationExtensionSupport : Spring Data Redis - Could not safely identify store assignment for repository candidate interface com.bookmyshow.repository.ShowRepository; If you want this repository to be a Redis repository, consider annotating your entities with one of these annotations: org.springframework.data.redis.core.RedisHash (preferred), or consider extending one of the following types with your repository: org.springframework.data.keyvalue.repository.KeyValueRepository
2026-09-01 18:48:08.678  INFO [main] [traceId=NONE userId=NONE] .RepositoryConfigurationExtensionSupport : Spring Data Redis - Could not safely identify store assignment for repository candidate interface com.bookmyshow.repository.TheatreRepository; If you want this repository to be a Redis repository, consider annotating your entities with one of these annotations: org.springframework.data.redis.core.RedisHash (preferred), or consider extending one of the following types with your repository: org.springframework.data.keyvalue.repository.KeyValueRepository
2026-09-01 18:48:08.678  INFO [main] [traceId=NONE userId=NONE] .RepositoryConfigurationExtensionSupport : Spring Data Redis - Could not safely identify store assignment for repository candidate interface com.bookmyshow.repository.UserRepository; If you want this repository to be a Redis repository, consider annotating your entities with one of these annotations: org.springframework.data.redis.core.RedisHash (preferred), or consider extending one of the following types with your repository: org.springframework.data.keyvalue.repository.KeyValueRepository
2026-09-01 18:48:08.678  INFO [main] [traceId=NONE userId=NONE] .s.d.r.c.RepositoryConfigurationDelegate : Finished Spring Data repository scanning in 12 ms. Found 0 Redis repository interfaces.
2026-09-01 18:48:10.002  INFO [main] [traceId=NONE userId=NONE] o.hibernate.jpa.internal.util.LogHelper  : HHH000204: Processing PersistenceUnitInfo [name: default]
2026-09-01 18:48:10.022  INFO [main] [traceId=NONE userId=NONE] o.h.c.internal.RegionFactoryInitiator    : HHH000026: Second-level cache disabled
2026-09-01 18:48:10.469  INFO [main] [traceId=NONE userId=NONE] o.s.o.j.p.SpringPersistenceUnitInfo      : No LoadTimeWeaver setup: ignoring JPA class transformer
2026-09-01 18:48:10.488  INFO [main] [traceId=NONE userId=NONE] com.zaxxer.hikari.HikariDataSource       : HikariPool-3 - Starting...
2026-09-01 18:48:10.797  INFO [main] [traceId=NONE userId=NONE] com.zaxxer.hikari.pool.HikariPool        : HikariPool-3 - Added connection conn20: url=jdbc:h2:mem:bookmyshow-test user=SA
2026-09-01 18:48:10.798  INFO [main] [traceId=NONE userId=NONE] com.zaxxer.hikari.HikariDataSource       : HikariPool-3 - Start completed.
2026-09-01 18:48:10.864  INFO [main] [traceId=NONE userId=NONE] org.hibernate.orm.connections.pooling    : HHH10001005: Database info:
	Database JDBC URL [Connecting through datasource 'HikariDataSource (HikariPool-3)']
	Database driver: undefined/unknown
	Database version: 2.3.232
	Autocommit mode: undefined/unknown
	Isolation level: undefined/unknown
	Minimum pool size: undefined/unknown
	Maximum pool size: undefined/unknown
2026-09-01 18:48:11.893  INFO [main] [traceId=NONE userId=NONE] o.h.e.t.j.p.i.JtaPlatformInitiator       : HHH000489: No JTA platform available (set 'hibernate.transaction.jta.platform' to enable JTA platform integration)
2026-09-01 18:48:11.972  INFO [main] [traceId=NONE userId=NONE] j.LocalContainerEntityManagerFactoryBean : Initialized JPA EntityManagerFactory for persistence unit 'default'
2026-09-01 18:48:13.707  WARN [main] [traceId=NONE userId=NONE] com.bookmyshow.config.CacheConfig        : Redis server unreachable (Unable to connect to Redis). Falling back to embedded ConcurrentMapCacheManager.
2026-09-01 18:48:14.048  INFO [main] [traceId=NONE userId=NONE] c.b.initializer.DataInitializer          : Default Admin User created: admin@cinex.com / admin123
2026-09-01 18:48:14.204  INFO [main] [traceId=NONE userId=NONE] c.b.initializer.DataInitializer          : Default Test User created: user@cinex.com / user123
2026-09-01 18:48:14.221  INFO [main] [traceId=NONE userId=NONE] c.b.initializer.DataInitializer          : Initializing sample data for BookMyShow...
2026-09-01 18:48:14.460  INFO [main] [traceId=NONE userId=NONE] c.b.initializer.DataInitializer          : Initialization completed successfully!
2026-09-01 18:48:14.748  WARN [main] [traceId=NONE userId=NONE] .s.s.UserDetailsServiceAutoConfiguration : 

Using generated security password: c212e3d4-85c8-47a0-be26-b30494675f66

This generated password is for development use only. Your security configuration must be updated before running your application in production.

2026-09-01 18:48:14.761  INFO [main] [traceId=NONE userId=NONE] r$InitializeUserDetailsManagerConfigurer : Global AuthenticationManager configured with UserDetailsService bean with name inMemoryUserDetailsManager
2026-09-01 18:48:14.891  INFO [main] [traceId=NONE userId=NONE] o.s.b.a.w.s.WelcomePageHandlerMapping    : Adding welcome page: class path resource [static/index.html]
2026-09-01 18:48:15.531  INFO [main] [traceId=NONE userId=NONE] o.s.b.a.e.web.EndpointLinksResolver      : Exposing 6 endpoints beneath base path '/actuator'
2026-09-01 18:48:16.848  INFO [main] [traceId=NONE userId=NONE] o.s.m.s.b.SimpleBrokerMessageHandler     : Starting...
2026-09-01 18:48:16.848  INFO [main] [traceId=NONE userId=NONE] o.s.m.s.b.SimpleBrokerMessageHandler     : BrokerAvailabilityEvent[available=true, SimpleBrokerMessageHandler [org.springframework.messaging.simp.broker.DefaultSubscriptionRegistry@780b1d6d]]
2026-09-01 18:48:16.849  INFO [main] [traceId=NONE userId=NONE] o.s.m.s.b.SimpleBrokerMessageHandler     : Started.
2026-09-01 18:48:16.871  INFO [main] [traceId=NONE userId=NONE] c.b.service.BookingConcurrencyTest       : Started BookingConcurrencyTest in 9.089 seconds (process running for 44.72)
2026-09-01 18:48:17.820  INFO [main] [traceId=NONE userId=NONE] t.c.s.AnnotationConfigContextLoaderUtils : Could not detect default configuration classes for test class [com.bookmyshow.service.CacheServiceTest]: CacheServiceTest does not declare any static, non-private, non-final, nested classes annotated with @Configuration.
2026-09-01 18:48:17.824  INFO [main] [traceId=NONE userId=NONE] .b.t.c.SpringBootTestContextBootstrapper : Found @SpringBootConfiguration com.bookmyshow.BookmyshowApplication for test class com.bookmyshow.service.CacheServiceTest
2026-09-01 18:48:17.866  INFO [main] [traceId=NONE userId=NONE] com.bookmyshow.service.MovieService      : Cache Miss: Fetching all movies from MySQL database
2026-09-01 18:48:17.872  INFO [main] [traceId=NONE userId=NONE] com.bookmyshow.service.MovieService      : Adding new movie: Test Cached Movie
2026-09-01 18:48:17.895  INFO [main] [traceId=NONE userId=NONE] com.bookmyshow.service.MovieService      : Cache Miss: Fetching all movies from MySQL database
2026-09-01 18:48:18.437  INFO [main] [traceId=NONE userId=NONE] t.c.s.AnnotationConfigContextLoaderUtils : Could not detect default configuration classes for test class [com.bookmyshow.service.GlobalSearchServiceTest]: GlobalSearchServiceTest does not declare any static, non-private, non-final, nested classes annotated with @Configuration.
2026-09-01 18:48:18.441  INFO [main] [traceId=NONE userId=NONE] .b.t.c.SpringBootTestContextBootstrapper : Found @SpringBootConfiguration com.bookmyshow.BookmyshowApplication for test class com.bookmyshow.service.GlobalSearchServiceTest
2026-09-01 18:48:18.515  INFO [main] [traceId=NONE userId=NONE] com.bookmyshow.service.TheatreService    : Adding new theatre: PVR Cyberhub IMAX in Gurugram
2026-09-01 18:48:18.602  INFO [main] [traceId=NONE userId=NONE] com.bookmyshow.service.MovieService      : Adding new movie: Avengers Sci-Fi Epic
2026-09-01 18:48:18.604  INFO [main] [traceId=NONE userId=NONE] com.bookmyshow.service.MovieService      : Adding new movie: Bahubali Drama
2026-09-01 18:48:18.651  INFO [main] [traceId=NONE userId=NONE] t.c.s.AnnotationConfigContextLoaderUtils : Could not detect default configuration classes for test class [com.bookmyshow.service.PaginationServiceTest]: PaginationServiceTest does not declare any static, non-private, non-final, nested classes annotated with @Configuration.
2026-09-01 18:48:18.654  INFO [main] [traceId=NONE userId=NONE] .b.t.c.SpringBootTestContextBootstrapper : Found @SpringBootConfiguration com.bookmyshow.BookmyshowApplication for test class com.bookmyshow.service.PaginationServiceTest
2026-09-01 18:48:18.670  INFO [main] [traceId=NONE userId=NONE] com.bookmyshow.service.TheatreService    : Adding new theatre: Paginated Theatre 1 in Mumbai
2026-09-01 18:48:18.674  INFO [main] [traceId=NONE userId=NONE] com.bookmyshow.service.TheatreService    : Adding new theatre: Paginated Theatre 2 in Mumbai
2026-09-01 18:48:18.679  INFO [main] [traceId=NONE userId=NONE] com.bookmyshow.service.TheatreService    : Adding new theatre: Paginated Theatre 3 in Mumbai
2026-09-01 18:48:18.712  INFO [main] [traceId=NONE userId=NONE] com.bookmyshow.service.MovieService      : Adding new movie: Paginated Movie 1
2026-09-01 18:48:18.714  INFO [main] [traceId=NONE userId=NONE] com.bookmyshow.service.MovieService      : Adding new movie: Paginated Movie 2
2026-09-01 18:48:18.716  INFO [main] [traceId=NONE userId=NONE] com.bookmyshow.service.MovieService      : Adding new movie: Paginated Movie 3
2026-09-01 18:48:18.903  INFO [main] [traceId=NONE userId=NONE] t.c.s.AnnotationConfigContextLoaderUtils : Could not detect default configuration classes for test class [com.bookmyshow.service.RazorpayPaymentServiceTest]: RazorpayPaymentServiceTest does not declare any static, non-private, non-final, nested classes annotated with @Configuration.
2026-09-01 18:48:18.912  INFO [main] [traceId=NONE userId=NONE] .b.t.c.SpringBootTestContextBootstrapper : Found @SpringBootConfiguration com.bookmyshow.BookmyshowApplication for test class com.bookmyshow.service.RazorpayPaymentServiceTest
2026-09-01 18:48:19.014  WARN [main] [traceId=NONE userId=NONE] ory$DuplicateJsonObjectContextCustomizer : 

Found multiple occurrences of org.json.JSONObject on the class path:

	jar:file:/C:/Users/Hamdaan/.m2/repository/com/vaadin/external/google/android-json/0.0.20131108.vaadin1/android-json-0.0.20131108.vaadin1.jar!/org/json/JSONObject.class
	jar:file:/C:/Users/Hamdaan/.m2/repository/org/json/json/20231013/json-20231013.jar!/org/json/JSONObject.class

You may wish to exclude one of them to ensure predictable runtime behavior

2026-09-01 18:48:19.017  INFO [main] [traceId=NONE userId=NONE] c.b.service.RazorpayPaymentServiceTest   : Starting RazorpayPaymentServiceTest using Java 22.0.1 with PID 17116 (started by Hamdaan in C:\Users\Hamdaan\Downloads\bookmyshow\bookmyshow)
2026-09-01 18:48:19.017  INFO [main] [traceId=NONE userId=NONE] c.b.service.RazorpayPaymentServiceTest   : No active profile set, falling back to 1 default profile: "default"
2026-09-01 18:48:20.423  INFO [main] [traceId=NONE userId=NONE] .s.d.r.c.RepositoryConfigurationDelegate : Multiple Spring Data modules found, entering strict repository configuration mode
2026-09-01 18:48:20.424  INFO [main] [traceId=NONE userId=NONE] .s.d.r.c.RepositoryConfigurationDelegate : Bootstrapping Spring Data JPA repositories in DEFAULT mode.
2026-09-01 18:48:20.509  INFO [main] [traceId=NONE userId=NONE] .s.d.r.c.RepositoryConfigurationDelegate : Finished Spring Data repository scanning in 82 ms. Found 9 JPA repository interfaces.
2026-09-01 18:48:20.515  INFO [main] [traceId=NONE userId=NONE] .s.d.r.c.RepositoryConfigurationDelegate : Multiple Spring Data modules found, entering strict repository configuration mode
2026-09-01 18:48:20.515  INFO [main] [traceId=NONE userId=NONE] .s.d.r.c.RepositoryConfigurationDelegate : Bootstrapping Spring Data Redis repositories in DEFAULT mode.
2026-09-01 18:48:20.531  INFO [main] [traceId=NONE userId=NONE] .RepositoryConfigurationExtensionSupport : Spring Data Redis - Could not safely identify store assignment for repository candidate interface com.bookmyshow.repository.BookingRepository; If you want this repository to be a Redis repository, consider annotating your entities with one of these annotations: org.springframework.data.redis.core.RedisHash (preferred), or consider extending one of the following types with your repository: org.springframework.data.keyvalue.repository.KeyValueRepository
2026-09-01 18:48:20.532  INFO [main] [traceId=NONE userId=NONE] .RepositoryConfigurationExtensionSupport : Spring Data Redis - Could not safely identify store assignment for repository candidate interface com.bookmyshow.repository.BookingSeatRepository; If you want this repository to be a Redis repository, consider annotating your entities with one of these annotations: org.springframework.data.redis.core.RedisHash (preferred), or consider extending one of the following types with your repository: org.springframework.data.keyvalue.repository.KeyValueRepository
2026-09-01 18:48:20.532  INFO [main] [traceId=NONE userId=NONE] .RepositoryConfigurationExtensionSupport : Spring Data Redis - Could not safely identify store assignment for repository candidate interface com.bookmyshow.repository.MovieRepository; If you want this repository to be a Redis repository, consider annotating your entities with one of these annotations: org.springframework.data.redis.core.RedisHash (preferred), or consider extending one of the following types with your repository: org.springframework.data.keyvalue.repository.KeyValueRepository
2026-09-01 18:48:20.532  INFO [main] [traceId=NONE userId=NONE] .RepositoryConfigurationExtensionSupport : Spring Data Redis - Could not safely identify store assignment for repository candidate interface com.bookmyshow.repository.PaymentRepository; If you want this repository to be a Redis repository, consider annotating your entities with one of these annotations: org.springframework.data.redis.core.RedisHash (preferred), or consider extending one of the following types with your repository: org.springframework.data.keyvalue.repository.KeyValueRepository
2026-09-01 18:48:20.533  INFO [main] [traceId=NONE userId=NONE] .RepositoryConfigurationExtensionSupport : Spring Data Redis - Could not safely identify store assignment for repository candidate interface com.bookmyshow.repository.ScreenRepository; If you want this repository to be a Redis repository, consider annotating your entities with one of these annotations: org.springframework.data.redis.core.RedisHash (preferred), or consider extending one of the following types with your repository: org.springframework.data.keyvalue.repository.KeyValueRepository
2026-09-01 18:48:20.533  INFO [main] [traceId=NONE userId=NONE] .RepositoryConfigurationExtensionSupport : Spring Data Redis - Could not safely identify store assignment for repository candidate interface com.bookmyshow.repository.SeatRepository; If you want this repository to be a Redis repository, consider annotating your entities with one of these annotations: org.springframework.data.redis.core.RedisHash (preferred), or consider extending one of the following types with your repository: org.springframework.data.keyvalue.repository.KeyValueRepository
2026-09-01 18:48:20.533  INFO [main] [traceId=NONE userId=NONE] .RepositoryConfigurationExtensionSupport : Spring Data Redis - Could not safely identify store assignment for repository candidate interface com.bookmyshow.repository.ShowRepository; If you want this repository to be a Redis repository, consider annotating your entities with one of these annotations: org.springframework.data.redis.core.RedisHash (preferred), or consider extending one of the following types with your repository: org.springframework.data.keyvalue.repository.KeyValueRepository
2026-09-01 18:48:20.534  INFO [main] [traceId=NONE userId=NONE] .RepositoryConfigurationExtensionSupport : Spring Data Redis - Could not safely identify store assignment for repository candidate interface com.bookmyshow.repository.TheatreRepository; If you want this repository to be a Redis repository, consider annotating your entities with one of these annotations: org.springframework.data.redis.core.RedisHash (preferred), or consider extending one of the following types with your repository: org.springframework.data.keyvalue.repository.KeyValueRepository
2026-09-01 18:48:20.534  INFO [main] [traceId=NONE userId=NONE] .RepositoryConfigurationExtensionSupport : Spring Data Redis - Could not safely identify store assignment for repository candidate interface com.bookmyshow.repository.UserRepository; If you want this repository to be a Redis repository, consider annotating your entities with one of these annotations: org.springframework.data.redis.core.RedisHash (preferred), or consider extending one of the following types with your repository: org.springframework.data.keyvalue.repository.KeyValueRepository
2026-09-01 18:48:20.534  INFO [main] [traceId=NONE userId=NONE] .s.d.r.c.RepositoryConfigurationDelegate : Finished Spring Data repository scanning in 16 ms. Found 0 Redis repository interfaces.
2026-09-01 18:48:20.820  INFO [main] [traceId=NONE userId=NONE] o.hibernate.jpa.internal.util.LogHelper  : HHH000204: Processing PersistenceUnitInfo [name: default]
2026-09-01 18:48:20.830  INFO [main] [traceId=NONE userId=NONE] o.h.c.internal.RegionFactoryInitiator    : HHH000026: Second-level cache disabled
2026-09-01 18:48:20.887  INFO [main] [traceId=NONE userId=NONE] o.s.o.j.p.SpringPersistenceUnitInfo      : No LoadTimeWeaver setup: ignoring JPA class transformer
2026-09-01 18:48:20.890  INFO [main] [traceId=NONE userId=NONE] com.zaxxer.hikari.HikariDataSource       : HikariPool-4 - Starting...
2026-09-01 18:48:20.894  INFO [main] [traceId=NONE userId=NONE] com.zaxxer.hikari.pool.HikariPool        : HikariPool-4 - Added connection conn30: url=jdbc:h2:mem:bookmyshow-test user=SA
2026-09-01 18:48:20.897  INFO [main] [traceId=NONE userId=NONE] com.zaxxer.hikari.HikariDataSource       : HikariPool-4 - Start completed.
2026-09-01 18:48:20.898  INFO [main] [traceId=NONE userId=NONE] org.hibernate.orm.connections.pooling    : HHH10001005: Database info:
	Database JDBC URL [Connecting through datasource 'HikariDataSource (HikariPool-4)']
	Database driver: undefined/unknown
	Database version: 2.3.232
	Autocommit mode: undefined/unknown
	Isolation level: undefined/unknown
	Minimum pool size: undefined/unknown
	Maximum pool size: undefined/unknown
2026-09-01 18:48:21.202  INFO [main] [traceId=NONE userId=NONE] o.h.e.t.j.p.i.JtaPlatformInitiator       : HHH000489: No JTA platform available (set 'hibernate.transaction.jta.platform' to enable JTA platform integration)
2026-09-01 18:48:21.299  INFO [main] [traceId=NONE userId=NONE] j.LocalContainerEntityManagerFactoryBean : Initialized JPA EntityManagerFactory for persistence unit 'default'
2026-09-01 18:48:22.063  WARN [main] [traceId=NONE userId=NONE] com.bookmyshow.config.CacheConfig        : Redis server unreachable (Unable to connect to Redis). Falling back to embedded ConcurrentMapCacheManager.
2026-09-01 18:48:22.390  INFO [main] [traceId=NONE userId=NONE] c.b.initializer.DataInitializer          : Default Admin User created: admin@cinex.com / admin123
2026-09-01 18:48:22.493  INFO [main] [traceId=NONE userId=NONE] c.b.initializer.DataInitializer          : Default Test User created: user@cinex.com / user123
2026-09-01 18:48:22.496  INFO [main] [traceId=NONE userId=NONE] c.b.initializer.DataInitializer          : Initializing sample data for BookMyShow...
2026-09-01 18:48:22.599  INFO [main] [traceId=NONE userId=NONE] c.b.initializer.DataInitializer          : Initialization completed successfully!
2026-09-01 18:48:22.882  WARN [main] [traceId=NONE userId=NONE] .s.s.UserDetailsServiceAutoConfiguration : 

Using generated security password: 257fa975-7f7e-4542-9ec7-acac96aa12cb

This generated password is for development use only. Your security configuration must be updated before running your application in production.

2026-09-01 18:48:22.887  INFO [main] [traceId=NONE userId=NONE] r$InitializeUserDetailsManagerConfigurer : Global AuthenticationManager configured with UserDetailsService bean with name inMemoryUserDetailsManager
2026-09-01 18:48:23.175  INFO [main] [traceId=NONE userId=NONE] o.s.b.a.w.s.WelcomePageHandlerMapping    : Adding welcome page: class path resource [static/index.html]
2026-09-01 18:48:23.752  INFO [main] [traceId=NONE userId=NONE] o.s.b.a.e.web.EndpointLinksResolver      : Exposing 6 endpoints beneath base path '/actuator'
2026-09-01 18:48:26.766  INFO [main] [traceId=NONE userId=NONE] o.s.m.s.b.SimpleBrokerMessageHandler     : Starting...
2026-09-01 18:48:26.767  INFO [main] [traceId=NONE userId=NONE] o.s.m.s.b.SimpleBrokerMessageHandler     : BrokerAvailabilityEvent[available=true, SimpleBrokerMessageHandler [org.springframework.messaging.simp.broker.DefaultSubscriptionRegistry@4e64324b]]
2026-09-01 18:48:26.767  INFO [main] [traceId=NONE userId=NONE] o.s.m.s.b.SimpleBrokerMessageHandler     : Started.
2026-09-01 18:48:26.790  INFO [main] [traceId=NONE userId=NONE] c.b.service.RazorpayPaymentServiceTest   : Started RazorpayPaymentServiceTest in 7.857 seconds (process running for 54.64)
2026-09-01 18:48:26.879  INFO [main] [traceId=NONE userId=NONE] com.bookmyshow.service.PaymentService    : Payment successfully verified for Booking 1 with Payment ID pay_test_987654
2026-09-01 18:48:26.906  INFO [main] [traceId=NONE userId=NONE] com.bookmyshow.service.PaymentService    : Payment successfully verified for Booking 1 with Payment ID pay_test_987654
2026-09-01 18:48:26.948  INFO [main] [traceId=NONE userId=NONE] com.bookmyshow.service.PaymentService    : Payment successfully verified for Booking 2 with Payment ID pay_test_987654
2026-09-01 18:48:27.028 ERROR [main] [traceId=NONE userId=NONE] com.bookmyshow.service.PaymentService    : HMAC SHA256 signature verification failed for Order order_test_123456 and Payment pay_test_987654
2026-09-01 18:48:27.109  INFO [main] [traceId=NONE userId=NONE] com.bookmyshow.service.PaymentService    : Cancelling payment/booking for ID 4
2026-09-01 18:48:29.100  INFO [main] [traceId=NONE userId=NONE] com.bookmyshow.service.SeatLockService   : User [user-A] (session: [session-1]) held seats [5] for show 101
2026-09-01 18:48:29.464  INFO [main] [traceId=NONE userId=NONE] com.bookmyshow.service.SeatLockService   : Broadcasting BOOKED status for seats [5] on show 101
2026-09-01 18:48:29.530  INFO [main] [traceId=NONE userId=NONE] com.bookmyshow.service.SeatLockService   : User [user-A] (session: [session-1]) held seats [1, 2] for show 101
2026-09-01 18:48:29.531  INFO [main] [traceId=NONE userId=NONE] com.bookmyshow.service.SeatLockService   : Released seats [1, 2] for show 101
2026-09-01 18:48:29.557  INFO [main] [traceId=NONE userId=NONE] com.bookmyshow.service.SeatLockService   : User [user-A] (session: [session-disconnect]) held seats [10, 11] for show 101
2026-09-01 18:48:29.558  INFO [main] [traceId=NONE userId=NONE] com.bookmyshow.service.SeatLockService   : Session [session-disconnect] disconnected. Cleaning up 2 held seats.
2026-09-01 18:48:29.588  INFO [main] [traceId=NONE userId=NONE] com.bookmyshow.service.SeatLockService   : User [user-A] (session: [session-1]) held seats [1, 2] for show 101
2026-09-01 18:48:29.591  WARN [main] [traceId=NONE userId=NONE] com.bookmyshow.service.SeatLockService   : Seat selection rejected: Seat 2 on show 101 is already held by user user-A
2026-09-01 18:48:29.602  INFO [main] [traceId=NONE userId=NONE] com.bookmyshow.service.SeatLockService   : User [user-A] (session: [session-1]) held seats [1, 2] for show 101
2026-09-01 18:48:29.627  INFO [main] [traceId=NONE userId=NONE] t.c.s.AnnotationConfigContextLoaderUtils : Could not detect default configuration classes for test class [com.bookmyshow.service.TicketServiceTest]: TicketServiceTest does not declare any static, non-private, non-final, nested classes annotated with @Configuration.
2026-09-01 18:48:29.638  INFO [main] [traceId=NONE userId=NONE] .b.t.c.SpringBootTestContextBootstrapper : Found @SpringBootConfiguration com.bookmyshow.BookmyshowApplication for test class com.bookmyshow.service.TicketServiceTest
2026-09-01 18:48:29.974  WARN [main] [traceId=NONE userId=NONE] com.bookmyshow.service.TicketService     : Verification failed: No booking found for token NON-EXISTENT-TOKEN-999
2026-09-01 18:48:30.020  WARN [main] [traceId=NONE userId=NONE] com.bookmyshow.service.TicketService     : Verification failed: Booking ID 13 is not in BOOKED state (current: FAILED)
2026-09-01 18:48:32.385  INFO [SpringApplicationShutdownHook] [traceId=NONE userId=NONE] o.s.m.s.b.SimpleBrokerMessageHandler     : Stopping...
2026-09-01 18:48:32.386  INFO [SpringApplicationShutdownHook] [traceId=NONE userId=NONE] o.s.m.s.b.SimpleBrokerMessageHandler     : BrokerAvailabilityEvent[available=false, SimpleBrokerMessageHandler [org.springframework.messaging.simp.broker.DefaultSubscriptionRegistry@70e76d93]]
2026-09-01 18:48:32.386  INFO [SpringApplicationShutdownHook] [traceId=NONE userId=NONE] o.s.m.s.b.SimpleBrokerMessageHandler     : Stopped.
2026-09-01 18:48:32.452  INFO [SpringApplicationShutdownHook] [traceId=NONE userId=NONE] j.LocalContainerEntityManagerFactoryBean : Closing JPA EntityManagerFactory for persistence unit 'default'
2026-09-01 18:48:32.463  INFO [SpringApplicationShutdownHook] [traceId=NONE userId=NONE] com.zaxxer.hikari.HikariDataSource       : HikariPool-1 - Shutdown initiated...
2026-09-01 18:48:32.469  INFO [SpringApplicationShutdownHook] [traceId=NONE userId=NONE] com.zaxxer.hikari.HikariDataSource       : HikariPool-1 - Shutdown completed.
2026-09-01 18:48:32.474  INFO [SpringApplicationShutdownHook] [traceId=NONE userId=NONE] o.s.m.s.b.SimpleBrokerMessageHandler     : Stopping...
2026-09-01 18:48:32.474  INFO [SpringApplicationShutdownHook] [traceId=NONE userId=NONE] o.s.m.s.b.SimpleBrokerMessageHandler     : BrokerAvailabilityEvent[available=false, SimpleBrokerMessageHandler [org.springframework.messaging.simp.broker.DefaultSubscriptionRegistry@ea29f27]]
2026-09-01 18:48:32.474  INFO [SpringApplicationShutdownHook] [traceId=NONE userId=NONE] o.s.m.s.b.SimpleBrokerMessageHandler     : Stopped.
2026-09-01 18:48:32.495  INFO [SpringApplicationShutdownHook] [traceId=NONE userId=NONE] j.LocalContainerEntityManagerFactoryBean : Closing JPA EntityManagerFactory for persistence unit 'default'
2026-09-01 18:48:32.497  INFO [SpringApplicationShutdownHook] [traceId=NONE userId=NONE] com.zaxxer.hikari.HikariDataSource       : HikariPool-2 - Shutdown initiated...
2026-09-01 18:48:32.503  INFO [SpringApplicationShutdownHook] [traceId=NONE userId=NONE] com.zaxxer.hikari.HikariDataSource       : HikariPool-2 - Shutdown completed.
2026-09-01 18:48:32.506  INFO [SpringApplicationShutdownHook] [traceId=NONE userId=NONE] o.s.m.s.b.SimpleBrokerMessageHandler     : Stopping...
2026-09-01 18:48:32.507  INFO [SpringApplicationShutdownHook] [traceId=NONE userId=NONE] o.s.m.s.b.SimpleBrokerMessageHandler     : BrokerAvailabilityEvent[available=false, SimpleBrokerMessageHandler [org.springframework.messaging.simp.broker.DefaultSubscriptionRegistry@780b1d6d]]
2026-09-01 18:48:32.507  INFO [SpringApplicationShutdownHook] [traceId=NONE userId=NONE] o.s.m.s.b.SimpleBrokerMessageHandler     : Stopped.
2026-09-01 18:48:32.527  INFO [SpringApplicationShutdownHook] [traceId=NONE userId=NONE] j.LocalContainerEntityManagerFactoryBean : Closing JPA EntityManagerFactory for persistence unit 'default'
2026-09-01 18:48:32.529  INFO [SpringApplicationShutdownHook] [traceId=NONE userId=NONE] com.zaxxer.hikari.HikariDataSource       : HikariPool-3 - Shutdown initiated...
2026-09-01 18:48:32.533  INFO [SpringApplicationShutdownHook] [traceId=NONE userId=NONE] com.zaxxer.hikari.HikariDataSource       : HikariPool-3 - Shutdown completed.
2026-09-01 18:48:32.536  INFO [SpringApplicationShutdownHook] [traceId=NONE userId=NONE] o.s.m.s.b.SimpleBrokerMessageHandler     : Stopping...
2026-09-01 18:48:32.536  INFO [SpringApplicationShutdownHook] [traceId=NONE userId=NONE] o.s.m.s.b.SimpleBrokerMessageHandler     : BrokerAvailabilityEvent[available=false, SimpleBrokerMessageHandler [org.springframework.messaging.simp.broker.DefaultSubscriptionRegistry@4e64324b]]
2026-09-01 18:48:32.537  INFO [SpringApplicationShutdownHook] [traceId=NONE userId=NONE] o.s.m.s.b.SimpleBrokerMessageHandler     : Stopped.
2026-09-01 18:48:32.549  INFO [SpringApplicationShutdownHook] [traceId=NONE userId=NONE] j.LocalContainerEntityManagerFactoryBean : Closing JPA EntityManagerFactory for persistence unit 'default'
2026-09-01 18:48:32.552  INFO [SpringApplicationShutdownHook] [traceId=NONE userId=NONE] com.zaxxer.hikari.HikariDataSource       : HikariPool-4 - Shutdown initiated...
2026-09-01 18:48:32.554  INFO [SpringApplicationShutdownHook] [traceId=NONE userId=NONE] com.zaxxer.hikari.HikariDataSource       : HikariPool-4 - Shutdown completed.
2026-09-01 19:27:28.375  WARN [main] [traceId=NONE userId=NONE] ory$DuplicateJsonObjectContextCustomizer : 

Found multiple occurrences of org.json.JSONObject on the class path:

	jar:file:/C:/Users/Hamdaan/.m2/repository/com/vaadin/external/google/android-json/0.0.20131108.vaadin1/android-json-0.0.20131108.vaadin1.jar!/org/json/JSONObject.class
	jar:file:/C:/Users/Hamdaan/.m2/repository/org/json/json/20231013/json-20231013.jar!/org/json/JSONObject.class

You may wish to exclude one of them to ensure predictable runtime behavior

2026-09-01 19:27:28.451  INFO [main] [traceId=NONE userId=NONE] c.bookmyshow.BookmyshowApplicationTests  : Starting BookmyshowApplicationTests using Java 22.0.1 with PID 3216 (started by Hamdaan in C:\Users\Hamdaan\Downloads\bookmyshow\bookmyshow)
2026-09-01 19:27:28.457  INFO [main] [traceId=NONE userId=NONE] c.bookmyshow.BookmyshowApplicationTests  : No active profile set, falling back to 1 default profile: "default"
2026-09-01 19:27:33.876  INFO [main] [traceId=NONE userId=NONE] .s.d.r.c.RepositoryConfigurationDelegate : Multiple Spring Data modules found, entering strict repository configuration mode
2026-09-01 19:27:33.886  INFO [main] [traceId=NONE userId=NONE] .s.d.r.c.RepositoryConfigurationDelegate : Bootstrapping Spring Data JPA repositories in DEFAULT mode.
2026-09-01 19:27:34.404  INFO [main] [traceId=NONE userId=NONE] .s.d.r.c.RepositoryConfigurationDelegate : Finished Spring Data repository scanning in 468 ms. Found 9 JPA repository interfaces.
2026-09-01 19:27:34.500  INFO [main] [traceId=NONE userId=NONE] .s.d.r.c.RepositoryConfigurationDelegate : Multiple Spring Data modules found, entering strict repository configuration mode
2026-09-01 19:27:34.505  INFO [main] [traceId=NONE userId=NONE] .s.d.r.c.RepositoryConfigurationDelegate : Bootstrapping Spring Data Redis repositories in DEFAULT mode.
2026-09-01 19:27:34.586  INFO [main] [traceId=NONE userId=NONE] .RepositoryConfigurationExtensionSupport : Spring Data Redis - Could not safely identify store assignment for repository candidate interface com.bookmyshow.repository.BookingRepository; If you want this repository to be a Redis repository, consider annotating your entities with one of these annotations: org.springframework.data.redis.core.RedisHash (preferred), or consider extending one of the following types with your repository: org.springframework.data.keyvalue.repository.KeyValueRepository
2026-09-01 19:27:34.587  INFO [main] [traceId=NONE userId=NONE] .RepositoryConfigurationExtensionSupport : Spring Data Redis - Could not safely identify store assignment for repository candidate interface com.bookmyshow.repository.BookingSeatRepository; If you want this repository to be a Redis repository, consider annotating your entities with one of these annotations: org.springframework.data.redis.core.RedisHash (preferred), or consider extending one of the following types with your repository: org.springframework.data.keyvalue.repository.KeyValueRepository
2026-09-01 19:27:34.588  INFO [main] [traceId=NONE userId=NONE] .RepositoryConfigurationExtensionSupport : Spring Data Redis - Could not safely identify store assignment for repository candidate interface com.bookmyshow.repository.MovieRepository; If you want this repository to be a Redis repository, consider annotating your entities with one of these annotations: org.springframework.data.redis.core.RedisHash (preferred), or consider extending one of the following types with your repository: org.springframework.data.keyvalue.repository.KeyValueRepository
2026-09-01 19:27:34.589  INFO [main] [traceId=NONE userId=NONE] .RepositoryConfigurationExtensionSupport : Spring Data Redis - Could not safely identify store assignment for repository candidate interface com.bookmyshow.repository.PaymentRepository; If you want this repository to be a Redis repository, consider annotating your entities with one of these annotations: org.springframework.data.redis.core.RedisHash (preferred), or consider extending one of the following types with your repository: org.springframework.data.keyvalue.repository.KeyValueRepository
2026-09-01 19:27:34.591  INFO [main] [traceId=NONE userId=NONE] .RepositoryConfigurationExtensionSupport : Spring Data Redis - Could not safely identify store assignment for repository candidate interface com.bookmyshow.repository.ScreenRepository; If you want this repository to be a Redis repository, consider annotating your entities with one of these annotations: org.springframework.data.redis.core.RedisHash (preferred), or consider extending one of the following types with your repository: org.springframework.data.keyvalue.repository.KeyValueRepository
2026-09-01 19:27:34.592  INFO [main] [traceId=NONE userId=NONE] .RepositoryConfigurationExtensionSupport : Spring Data Redis - Could not safely identify store assignment for repository candidate interface com.bookmyshow.repository.SeatRepository; If you want this repository to be a Redis repository, consider annotating your entities with one of these annotations: org.springframework.data.redis.core.RedisHash (preferred), or consider extending one of the following types with your repository: org.springframework.data.keyvalue.repository.KeyValueRepository
2026-09-01 19:27:34.593  INFO [main] [traceId=NONE userId=NONE] .RepositoryConfigurationExtensionSupport : Spring Data Redis - Could not safely identify store assignment for repository candidate interface com.bookmyshow.repository.ShowRepository; If you want this repository to be a Redis repository, consider annotating your entities with one of these annotations: org.springframework.data.redis.core.RedisHash (preferred), or consider extending one of the following types with your repository: org.springframework.data.keyvalue.repository.KeyValueRepository
2026-09-01 19:27:34.594  INFO [main] [traceId=NONE userId=NONE] .RepositoryConfigurationExtensionSupport : Spring Data Redis - Could not safely identify store assignment for repository candidate interface com.bookmyshow.repository.TheatreRepository; If you want this repository to be a Redis repository, consider annotating your entities with one of these annotations: org.springframework.data.redis.core.RedisHash (preferred), or consider extending one of the following types with your repository: org.springframework.data.keyvalue.repository.KeyValueRepository
2026-09-01 19:27:34.596  INFO [main] [traceId=NONE userId=NONE] .RepositoryConfigurationExtensionSupport : Spring Data Redis - Could not safely identify store assignment for repository candidate interface com.bookmyshow.repository.UserRepository; If you want this repository to be a Redis repository, consider annotating your entities with one of these annotations: org.springframework.data.redis.core.RedisHash (preferred), or consider extending one of the following types with your repository: org.springframework.data.keyvalue.repository.KeyValueRepository
2026-09-01 19:27:34.599  INFO [main] [traceId=NONE userId=NONE] .s.d.r.c.RepositoryConfigurationDelegate : Finished Spring Data repository scanning in 36 ms. Found 0 Redis repository interfaces.
2026-09-01 19:27:36.590  INFO [main] [traceId=NONE userId=NONE] o.hibernate.jpa.internal.util.LogHelper  : HHH000204: Processing PersistenceUnitInfo [name: default]
2026-09-01 19:27:36.808  INFO [main] [traceId=NONE userId=NONE] org.hibernate.Version                    : HHH000412: Hibernate ORM core version 6.6.13.Final
2026-09-01 19:27:36.897  INFO [main] [traceId=NONE userId=NONE] o.h.c.internal.RegionFactoryInitiator    : HHH000026: Second-level cache disabled
2026-09-01 19:27:37.658  INFO [main] [traceId=NONE userId=NONE] o.s.o.j.p.SpringPersistenceUnitInfo      : No LoadTimeWeaver setup: ignoring JPA class transformer
2026-09-01 19:27:37.742  INFO [main] [traceId=NONE userId=NONE] com.zaxxer.hikari.HikariDataSource       : HikariPool-1 - Starting...
2026-09-01 19:27:38.209  INFO [main] [traceId=NONE userId=NONE] com.zaxxer.hikari.pool.HikariPool        : HikariPool-1 - Added connection conn0: url=jdbc:h2:mem:bookmyshow-test user=SA
2026-09-01 19:27:38.213  INFO [main] [traceId=NONE userId=NONE] com.zaxxer.hikari.HikariDataSource       : HikariPool-1 - Start completed.
2026-09-01 19:27:38.414  INFO [main] [traceId=NONE userId=NONE] org.hibernate.orm.connections.pooling    : HHH10001005: Database info:
	Database JDBC URL [Connecting through datasource 'HikariDataSource (HikariPool-1)']
	Database driver: undefined/unknown
	Database version: 2.3.232
	Autocommit mode: undefined/unknown
	Isolation level: undefined/unknown
	Minimum pool size: undefined/unknown
	Maximum pool size: undefined/unknown
2026-09-01 19:27:40.694  INFO [main] [traceId=NONE userId=NONE] o.h.e.t.j.p.i.JtaPlatformInitiator       : HHH000489: No JTA platform available (set 'hibernate.transaction.jta.platform' to enable JTA platform integration)
2026-09-01 19:27:40.832  INFO [main] [traceId=NONE userId=NONE] j.LocalContainerEntityManagerFactoryBean : Initialized JPA EntityManagerFactory for persistence unit 'default'
2026-09-01 19:27:42.609  INFO [main] [traceId=NONE userId=NONE] o.s.d.j.r.query.QueryEnhancerFactory     : Hibernate is in classpath; If applicable, HQL parser will be used.
2026-09-01 19:27:46.428  WARN [main] [traceId=NONE userId=NONE] com.bookmyshow.config.CacheConfig        : Redis server unreachable (Unable to connect to Redis). Falling back to embedded ConcurrentMapCacheManager.
2026-09-01 19:27:47.691  INFO [main] [traceId=NONE userId=NONE] c.b.initializer.DataInitializer          : Default Admin User created: admin@cinex.com / admin123
2026-09-01 19:27:47.850  INFO [main] [traceId=NONE userId=NONE] c.b.initializer.DataInitializer          : Default Test User created: user@cinex.com / user123
2026-09-01 19:27:47.878  INFO [main] [traceId=NONE userId=NONE] c.b.initializer.DataInitializer          : Initializing sample data for BookMyShow...
2026-09-01 19:27:48.022  INFO [main] [traceId=NONE userId=NONE] c.b.initializer.DataInitializer          : Initialization completed successfully!
2026-09-01 19:27:48.697  WARN [main] [traceId=NONE userId=NONE] .s.s.UserDetailsServiceAutoConfiguration : 

Using generated security password: 3610b483-c5cb-4e28-9e45-cbfdb0f44149

This generated password is for development use only. Your security configuration must be updated before running your application in production.

2026-09-01 19:27:48.722  INFO [main] [traceId=NONE userId=NONE] r$InitializeUserDetailsManagerConfigurer : Global AuthenticationManager configured with UserDetailsService bean with name inMemoryUserDetailsManager
2026-09-01 19:27:49.170  INFO [main] [traceId=NONE userId=NONE] o.s.b.a.w.s.WelcomePageHandlerMapping    : Adding welcome page: class path resource [static/index.html]
2026-09-01 19:27:50.227  INFO [main] [traceId=NONE userId=NONE] o.s.b.a.e.web.EndpointLinksResolver      : Exposing 6 endpoints beneath base path '/actuator'
2026-09-01 19:27:53.794  INFO [main] [traceId=NONE userId=NONE] o.s.m.s.b.SimpleBrokerMessageHandler     : Starting...
2026-09-01 19:27:53.796  INFO [main] [traceId=NONE userId=NONE] o.s.m.s.b.SimpleBrokerMessageHandler     : BrokerAvailabilityEvent[available=true, SimpleBrokerMessageHandler [org.springframework.messaging.simp.broker.DefaultSubscriptionRegistry@1d932614]]
2026-09-01 19:27:53.797  INFO [main] [traceId=NONE userId=NONE] o.s.m.s.b.SimpleBrokerMessageHandler     : Started.
2026-09-01 19:27:53.826  INFO [main] [traceId=NONE userId=NONE] c.bookmyshow.BookmyshowApplicationTests  : Started BookmyshowApplicationTests in 26.918 seconds (process running for 29.461)
2026-09-01 19:27:57.243  INFO [main] [traceId=NONE userId=NONE] t.c.s.AnnotationConfigContextLoaderUtils : Could not detect default configuration classes for test class [com.bookmyshow.config.OpenApiDocumentationTest]: OpenApiDocumentationTest does not declare any static, non-private, non-final, nested classes annotated with @Configuration.
2026-09-01 19:27:57.837  INFO [main] [traceId=NONE userId=NONE] .b.t.c.SpringBootTestContextBootstrapper : Found @SpringBootConfiguration com.bookmyshow.BookmyshowApplication for test class com.bookmyshow.config.OpenApiDocumentationTest
2026-09-01 19:27:58.268  WARN [main] [traceId=NONE userId=NONE] ory$DuplicateJsonObjectContextCustomizer : 

Found multiple occurrences of org.json.JSONObject on the class path:

	jar:file:/C:/Users/Hamdaan/.m2/repository/com/vaadin/external/google/android-json/0.0.20131108.vaadin1/android-json-0.0.20131108.vaadin1.jar!/org/json/JSONObject.class
	jar:file:/C:/Users/Hamdaan/.m2/repository/org/json/json/20231013/json-20231013.jar!/org/json/JSONObject.class

You may wish to exclude one of them to ensure predictable runtime behavior

2026-09-01 19:27:58.283  INFO [main] [traceId=NONE userId=NONE] c.b.config.OpenApiDocumentationTest      : Starting OpenApiDocumentationTest using Java 22.0.1 with PID 3216 (started by Hamdaan in C:\Users\Hamdaan\Downloads\bookmyshow\bookmyshow)
2026-09-01 19:27:58.289  INFO [main] [traceId=NONE userId=NONE] c.b.config.OpenApiDocumentationTest      : No active profile set, falling back to 1 default profile: "default"
2026-09-01 19:28:04.794  INFO [main] [traceId=NONE userId=NONE] .s.d.r.c.RepositoryConfigurationDelegate : Multiple Spring Data modules found, entering strict repository configuration mode
2026-09-01 19:28:04.794  INFO [main] [traceId=NONE userId=NONE] .s.d.r.c.RepositoryConfigurationDelegate : Bootstrapping Spring Data JPA repositories in DEFAULT mode.
2026-09-01 19:28:05.080  INFO [main] [traceId=NONE userId=NONE] .s.d.r.c.RepositoryConfigurationDelegate : Finished Spring Data repository scanning in 279 ms. Found 9 JPA repository interfaces.
2026-09-01 19:28:05.103  INFO [main] [traceId=NONE userId=NONE] .s.d.r.c.RepositoryConfigurationDelegate : Multiple Spring Data modules found, entering strict repository configuration mode
2026-09-01 19:28:05.103  INFO [main] [traceId=NONE userId=NONE] .s.d.r.c.RepositoryConfigurationDelegate : Bootstrapping Spring Data Redis repositories in DEFAULT mode.
2026-09-01 19:28:05.192  INFO [main] [traceId=NONE userId=NONE] .RepositoryConfigurationExtensionSupport : Spring Data Redis - Could not safely identify store assignment for repository candidate interface com.bookmyshow.repository.BookingRepository; If you want this repository to be a Redis repository, consider annotating your entities with one of these annotations: org.springframework.data.redis.core.RedisHash (preferred), or consider extending one of the following types with your repository: org.springframework.data.keyvalue.repository.KeyValueRepository
2026-09-01 19:28:05.200  INFO [main] [traceId=NONE userId=NONE] .RepositoryConfigurationExtensionSupport : Spring Data Redis - Could not safely identify store assignment for repository candidate interface com.bookmyshow.repository.BookingSeatRepository; If you want this repository to be a Redis repository, consider annotating your entities with one of these annotations: org.springframework.data.redis.core.RedisHash (preferred), or consider extending one of the following types with your repository: org.springframework.data.keyvalue.repository.KeyValueRepository
2026-09-01 19:28:05.201  INFO [main] [traceId=NONE userId=NONE] .RepositoryConfigurationExtensionSupport : Spring Data Redis - Could not safely identify store assignment for repository candidate interface com.bookmyshow.repository.MovieRepository; If you want this repository to be a Redis repository, consider annotating your entities with one of these annotations: org.springframework.data.redis.core.RedisHash (preferred), or consider extending one of the following types with your repository: org.springframework.data.keyvalue.repository.KeyValueRepository
2026-09-01 19:28:05.201  INFO [main] [traceId=NONE userId=NONE] .RepositoryConfigurationExtensionSupport : Spring Data Redis - Could not safely identify store assignment for repository candidate interface com.bookmyshow.repository.PaymentRepository; If you want this repository to be a Redis repository, consider annotating your entities with one of these annotations: org.springframework.data.redis.core.RedisHash (preferred), or consider extending one of the following types with your repository: org.springframework.data.keyvalue.repository.KeyValueRepository
2026-09-01 19:28:05.201  INFO [main] [traceId=NONE userId=NONE] .RepositoryConfigurationExtensionSupport : Spring Data Redis - Could not safely identify store assignment for repository candidate interface com.bookmyshow.repository.ScreenRepository; If you want this repository to be a Redis repository, consider annotating your entities with one of these annotations: org.springframework.data.redis.core.RedisHash (preferred), or consider extending one of the following types with your repository: org.springframework.data.keyvalue.repository.KeyValueRepository
2026-09-01 19:28:05.202  INFO [main] [traceId=NONE userId=NONE] .RepositoryConfigurationExtensionSupport : Spring Data Redis - Could not safely identify store assignment for repository candidate interface com.bookmyshow.repository.SeatRepository; If you want this repository to be a Redis repository, consider annotating your entities with one of these annotations: org.springframework.data.redis.core.RedisHash (preferred), or consider extending one of the following types with your repository: org.springframework.data.keyvalue.repository.KeyValueRepository
2026-09-01 19:28:05.202  INFO [main] [traceId=NONE userId=NONE] .RepositoryConfigurationExtensionSupport : Spring Data Redis - Could not safely identify store assignment for repository candidate interface com.bookmyshow.repository.ShowRepository; If you want this repository to be a Redis repository, consider annotating your entities with one of these annotations: org.springframework.data.redis.core.RedisHash (preferred), or consider extending one of the following types with your repository: org.springframework.data.keyvalue.repository.KeyValueRepository
2026-09-01 19:28:05.202  INFO [main] [traceId=NONE userId=NONE] .RepositoryConfigurationExtensionSupport : Spring Data Redis - Could not safely identify store assignment for repository candidate interface com.bookmyshow.repository.TheatreRepository; If you want this repository to be a Redis repository, consider annotating your entities with one of these annotations: org.springframework.data.redis.core.RedisHash (preferred), or consider extending one of the following types with your repository: org.springframework.data.keyvalue.repository.KeyValueRepository
2026-09-01 19:28:05.207  INFO [main] [traceId=NONE userId=NONE] .RepositoryConfigurationExtensionSupport : Spring Data Redis - Could not safely identify store assignment for repository candidate interface com.bookmyshow.repository.UserRepository; If you want this repository to be a Redis repository, consider annotating your entities with one of these annotations: org.springframework.data.redis.core.RedisHash (preferred), or consider extending one of the following types with your repository: org.springframework.data.keyvalue.repository.KeyValueRepository
2026-09-01 19:28:05.207  INFO [main] [traceId=NONE userId=NONE] .s.d.r.c.RepositoryConfigurationDelegate : Finished Spring Data repository scanning in 86 ms. Found 0 Redis repository interfaces.
2026-09-01 19:28:05.863  INFO [main] [traceId=NONE userId=NONE] o.hibernate.jpa.internal.util.LogHelper  : HHH000204: Processing PersistenceUnitInfo [name: default]
2026-09-01 19:28:05.879  INFO [main] [traceId=NONE userId=NONE] o.h.c.internal.RegionFactoryInitiator    : HHH000026: Second-level cache disabled
2026-09-01 19:28:06.048  INFO [main] [traceId=NONE userId=NONE] o.s.o.j.p.SpringPersistenceUnitInfo      : No LoadTimeWeaver setup: ignoring JPA class transformer
2026-09-01 19:28:06.057  INFO [main] [traceId=NONE userId=NONE] com.zaxxer.hikari.HikariDataSource       : HikariPool-2 - Starting...
2026-09-01 19:28:06.062  INFO [main] [traceId=NONE userId=NONE] com.zaxxer.hikari.pool.HikariPool        : HikariPool-2 - Added connection conn10: url=jdbc:h2:mem:bookmyshow-test user=SA
2026-09-01 19:28:06.062  INFO [main] [traceId=NONE userId=NONE] com.zaxxer.hikari.HikariDataSource       : HikariPool-2 - Start completed.
2026-09-01 19:28:06.065  INFO [main] [traceId=NONE userId=NONE] org.hibernate.orm.connections.pooling    : HHH10001005: Database info:
	Database JDBC URL [Connecting through datasource 'HikariDataSource (HikariPool-2)']
	Database driver: undefined/unknown
	Database version: 2.3.232
	Autocommit mode: undefined/unknown
	Isolation level: undefined/unknown
	Minimum pool size: undefined/unknown
	Maximum pool size: undefined/unknown
2026-09-01 19:28:06.568  INFO [main] [traceId=NONE userId=NONE] o.h.e.t.j.p.i.JtaPlatformInitiator       : HHH000489: No JTA platform available (set 'hibernate.transaction.jta.platform' to enable JTA platform integration)
2026-09-01 19:28:06.711  INFO [main] [traceId=NONE userId=NONE] j.LocalContainerEntityManagerFactoryBean : Initialized JPA EntityManagerFactory for persistence unit 'default'
2026-09-01 19:28:07.765  WARN [main] [traceId=NONE userId=NONE] com.bookmyshow.config.CacheConfig        : Redis server unreachable (Unable to connect to Redis). Falling back to embedded ConcurrentMapCacheManager.
2026-09-01 19:28:08.051  INFO [main] [traceId=NONE userId=NONE] c.b.initializer.DataInitializer          : Default Admin User created: admin@cinex.com / admin123
2026-09-01 19:28:08.262  INFO [main] [traceId=NONE userId=NONE] c.b.initializer.DataInitializer          : Default Test User created: user@cinex.com / user123
2026-09-01 19:28:08.266  INFO [main] [traceId=NONE userId=NONE] c.b.initializer.DataInitializer          : Initializing sample data for BookMyShow...
2026-09-01 19:28:08.383  INFO [main] [traceId=NONE userId=NONE] c.b.initializer.DataInitializer          : Initialization completed successfully!
2026-09-01 19:28:08.545  WARN [main] [traceId=NONE userId=NONE] .s.s.UserDetailsServiceAutoConfiguration : 

Using generated security password: 2c8a9c22-272a-4bf3-99eb-fd65873e943d

This generated password is for development use only. Your security configuration must be updated before running your application in production.

2026-09-01 19:28:08.547  INFO [main] [traceId=NONE userId=NONE] r$InitializeUserDetailsManagerConfigurer : Global AuthenticationManager configured with UserDetailsService bean with name inMemoryUserDetailsManager
2026-09-01 19:28:08.631  INFO [main] [traceId=NONE userId=NONE] o.s.b.a.w.s.WelcomePageHandlerMapping    : Adding welcome page: class path resource [static/index.html]
2026-09-01 19:28:08.979  INFO [main] [traceId=NONE userId=NONE] o.s.b.a.e.web.EndpointLinksResolver      : Exposing 6 endpoints beneath base path '/actuator'
2026-09-01 19:28:09.940  INFO [main] [traceId=NONE userId=NONE] o.s.b.t.m.w.SpringBootMockServletContext : Initializing Spring TestDispatcherServlet ''
2026-09-01 19:28:09.941  INFO [main] [traceId=NONE userId=NONE] o.s.t.web.servlet.TestDispatcherServlet  : Initializing Servlet ''
2026-09-01 19:28:09.944  INFO [main] [traceId=NONE userId=NONE] o.s.t.web.servlet.TestDispatcherServlet  : Completed initialization in 2 ms
2026-09-01 19:28:10.015  INFO [main] [traceId=NONE userId=NONE] o.s.m.s.b.SimpleBrokerMessageHandler     : Starting...
2026-09-01 19:28:10.015  INFO [main] [traceId=NONE userId=NONE] o.s.m.s.b.SimpleBrokerMessageHandler     : BrokerAvailabilityEvent[available=true, SimpleBrokerMessageHandler [org.springframework.messaging.simp.broker.DefaultSubscriptionRegistry@2d36a2a6]]
2026-09-01 19:28:10.017  INFO [main] [traceId=NONE userId=NONE] o.s.m.s.b.SimpleBrokerMessageHandler     : Started.
2026-09-01 19:28:10.050  INFO [main] [traceId=NONE userId=NONE] c.b.config.OpenApiDocumentationTest      : Started OpenApiDocumentationTest in 12.184 seconds (process running for 45.686)
2026-09-01 19:28:12.711  INFO [main] [traceId=dc20feb96129401c userId=ANONYMOUS] o.springdoc.api.AbstractOpenApiResource  : Init duration for springdoc-openapi is: 2045 ms
2026-09-01 19:28:12.982  INFO [main] [traceId=NONE userId=NONE] t.c.s.AnnotationConfigContextLoaderUtils : Could not detect default configuration classes for test class [com.bookmyshow.controller.SeatWebSocketControllerTest]: SeatWebSocketControllerTest does not declare any static, non-private, non-final, nested classes annotated with @Configuration.
2026-09-01 19:28:13.064  INFO [main] [traceId=NONE userId=NONE] .b.t.c.SpringBootTestContextBootstrapper : Found @SpringBootConfiguration com.bookmyshow.BookmyshowApplication for test class com.bookmyshow.controller.SeatWebSocketControllerTest
2026-09-01 19:28:13.097  WARN [main] [traceId=3a3c4c63091549e6 userId=ANONYMOUS] c.b.filter.ClerkJwtAuthenticationFilter  : Missing or invalid Authorization header on protected endpoint: /api/shows/501/seats/lock
2026-09-01 19:28:13.126  INFO [main] [traceId=3a3c4c63091549e6 userId=ANONYMOUS] com.bookmyshow.service.SeatLockService   : User [clerk-test-user] (session: [REST_CLIENT]) held seats [99, 100] for show 501
2026-09-01 19:28:13.174  WARN [main] [traceId=badc2244b3014083 userId=ANONYMOUS] c.b.filter.ClerkJwtAuthenticationFilter  : Missing or invalid Authorization header on protected endpoint: /api/shows/501/seats/lock
2026-09-01 19:28:13.187  WARN [main] [traceId=badc2244b3014083 userId=ANONYMOUS] com.bookmyshow.service.SeatLockService   : Seat selection rejected: Seat 100 on show 501 is already held by user clerk-test-user
2026-09-01 19:28:13.229  WARN [main] [traceId=75e53fe0eb534505 userId=ANONYMOUS] c.b.filter.ClerkJwtAuthenticationFilter  : Missing or invalid Authorization header on protected endpoint: /api/shows/501/seats/lock
2026-09-01 19:28:13.237  INFO [main] [traceId=75e53fe0eb534505 userId=ANONYMOUS] com.bookmyshow.service.SeatLockService   : Released seats [99, 100] for show 501
2026-09-01 19:28:13.263  INFO [main] [traceId=NONE userId=NONE] t.c.s.AnnotationConfigContextLoaderUtils : Could not detect default configuration classes for test class [com.bookmyshow.filter.LoggingAndMdcTest]: LoggingAndMdcTest does not declare any static, non-private, non-final, nested classes annotated with @Configuration.
2026-09-01 19:28:13.447  INFO [main] [traceId=NONE userId=NONE] .b.t.c.SpringBootTestContextBootstrapper : Found @SpringBootConfiguration com.bookmyshow.BookmyshowApplication for test class com.bookmyshow.filter.LoggingAndMdcTest
2026-09-01 19:28:13.529  INFO [main] [traceId=6aa85dd84c5b429e userId=ANONYMOUS] com.bookmyshow.service.MovieService      : Cache Miss: Fetching all movies from MySQL database
2026-09-01 19:28:13.767  INFO [main] [traceId=NONE userId=NONE] t.c.s.AnnotationConfigContextLoaderUtils : Could not detect default configuration classes for test class [com.bookmyshow.filter.RateLimitingTest]: RateLimitingTest does not declare any static, non-private, non-final, nested classes annotated with @Configuration.
2026-09-01 19:28:13.774  INFO [main] [traceId=NONE userId=NONE] .b.t.c.SpringBootTestContextBootstrapper : Found @SpringBootConfiguration com.bookmyshow.BookmyshowApplication for test class com.bookmyshow.filter.RateLimitingTest
2026-09-01 19:28:13.864  WARN [main] [traceId=0e21adef7cce4c9d userId=ANONYMOUS] c.b.filter.ClerkJwtAuthenticationFilter  : Missing or invalid Authorization header on protected endpoint: /api/bookings
2026-09-01 19:28:13.889  WARN [main] [traceId=9968b5dabc394597 userId=ANONYMOUS] c.b.filter.ClerkJwtAuthenticationFilter  : Missing or invalid Authorization header on protected endpoint: /api/bookings
2026-09-01 19:28:13.900  WARN [main] [traceId=a1d8a11fbcfd46f0 userId=ANONYMOUS] c.b.filter.ClerkJwtAuthenticationFilter  : Missing or invalid Authorization header on protected endpoint: /api/bookings
2026-09-01 19:28:13.911  WARN [main] [traceId=2fb28344e0c04634 userId=ANONYMOUS] c.b.filter.ClerkJwtAuthenticationFilter  : Missing or invalid Authorization header on protected endpoint: /api/bookings
2026-09-01 19:28:13.916  WARN [main] [traceId=fccf5e6f693b4096 userId=ANONYMOUS] c.b.filter.ClerkJwtAuthenticationFilter  : Missing or invalid Authorization header on protected endpoint: /api/bookings
2026-09-01 19:28:13.921  WARN [main] [traceId=f0ac2fb2c51f4a2f userId=ANONYMOUS] c.b.filter.ClerkJwtAuthenticationFilter  : Missing or invalid Authorization header on protected endpoint: /api/bookings
2026-09-01 19:28:13.925  WARN [main] [traceId=1a43741a20b640a8 userId=ANONYMOUS] c.b.filter.ClerkJwtAuthenticationFilter  : Missing or invalid Authorization header on protected endpoint: /api/bookings
2026-09-01 19:28:13.930  WARN [main] [traceId=980244f678164964 userId=ANONYMOUS] c.b.filter.ClerkJwtAuthenticationFilter  : Missing or invalid Authorization header on protected endpoint: /api/bookings
2026-09-01 19:28:13.937  WARN [main] [traceId=8f831483a56f4f1a userId=ANONYMOUS] c.b.filter.ClerkJwtAuthenticationFilter  : Missing or invalid Authorization header on protected endpoint: /api/bookings
2026-09-01 19:28:13.942  WARN [main] [traceId=7d9381f3ab444a31 userId=ANONYMOUS] c.b.filter.ClerkJwtAuthenticationFilter  : Missing or invalid Authorization header on protected endpoint: /api/bookings
2026-09-01 19:28:13.946  WARN [main] [traceId=bce9d6fa2f764875 userId=ANONYMOUS] c.b.filter.ClerkJwtAuthenticationFilter  : Missing or invalid Authorization header on protected endpoint: /api/bookings
2026-09-01 19:28:13.964  WARN [main] [traceId=d0a8d2a1bf58469d userId=ANONYMOUS] c.b.filter.ClerkJwtAuthenticationFilter  : Missing or invalid Authorization header on protected endpoint: /api/bookings
2026-09-01 19:28:13.970  WARN [main] [traceId=ebcc09999c4343a7 userId=ANONYMOUS] c.b.filter.ClerkJwtAuthenticationFilter  : Missing or invalid Authorization header on protected endpoint: /api/bookings
2026-09-01 19:28:13.974  WARN [main] [traceId=42f4b52645124336 userId=ANONYMOUS] c.b.filter.ClerkJwtAuthenticationFilter  : Missing or invalid Authorization header on protected endpoint: /api/bookings
2026-09-01 19:28:13.980  WARN [main] [traceId=3f31c15b55584766 userId=ANONYMOUS] c.b.filter.ClerkJwtAuthenticationFilter  : Missing or invalid Authorization header on protected endpoint: /api/bookings
2026-09-01 19:28:13.984  WARN [main] [traceId=4c2ddbab3c794eeb userId=ANONYMOUS] c.b.filter.ClerkJwtAuthenticationFilter  : Missing or invalid Authorization header on protected endpoint: /api/bookings
2026-09-01 19:28:13.988  WARN [main] [traceId=717639b6a8ca4855 userId=ANONYMOUS] c.b.filter.ClerkJwtAuthenticationFilter  : Missing or invalid Authorization header on protected endpoint: /api/bookings
2026-09-01 19:28:13.993  WARN [main] [traceId=230c03ccf5a64a2d userId=ANONYMOUS] c.b.filter.ClerkJwtAuthenticationFilter  : Missing or invalid Authorization header on protected endpoint: /api/bookings
2026-09-01 19:28:13.999  WARN [main] [traceId=097feda0255e493e userId=ANONYMOUS] c.b.filter.ClerkJwtAuthenticationFilter  : Missing or invalid Authorization header on protected endpoint: /api/bookings
2026-09-01 19:28:14.003  WARN [main] [traceId=c905866ac83947da userId=ANONYMOUS] c.b.filter.ClerkJwtAuthenticationFilter  : Missing or invalid Authorization header on protected endpoint: /api/bookings
2026-09-01 19:28:14.009  WARN [main] [traceId=04bea900bda64849 userId=ANONYMOUS] com.bookmyshow.filter.RateLimitFilter    : Rate limit exceeded for client [ip:10.0.0.55:tx]. Limit: 20/min. Endpoint: /api/bookings
2026-09-01 19:28:14.077  WARN [main] [traceId=3d80251e74884795 userId=ANONYMOUS] c.b.monitoring.CineXHealthIndicator      : HealthCheck indicates Redis Cache is offline: Unable to connect to Redis
2026-09-01 19:28:14.121  INFO [main] [traceId=NONE userId=NONE] t.c.s.AnnotationConfigContextLoaderUtils : Could not detect default configuration classes for test class [com.bookmyshow.filter.SecurityHardeningTest]: SecurityHardeningTest does not declare any static, non-private, non-final, nested classes annotated with @Configuration.
2026-09-01 19:28:14.129  INFO [main] [traceId=NONE userId=NONE] .b.t.c.SpringBootTestContextBootstrapper : Found @SpringBootConfiguration com.bookmyshow.BookmyshowApplication for test class com.bookmyshow.filter.SecurityHardeningTest
2026-09-01 19:28:14.190  INFO [main] [traceId=NONE userId=NONE] t.c.s.AnnotationConfigContextLoaderUtils : Could not detect default configuration classes for test class [com.bookmyshow.monitoring.ActuatorMonitoringTest]: ActuatorMonitoringTest does not declare any static, non-private, non-final, nested classes annotated with @Configuration.
2026-09-01 19:28:14.224  INFO [main] [traceId=NONE userId=NONE] .b.t.c.SpringBootTestContextBootstrapper : Found @SpringBootConfiguration com.bookmyshow.BookmyshowApplication for test class com.bookmyshow.monitoring.ActuatorMonitoringTest
2026-09-01 19:28:16.372  WARN [main] [traceId=6db4f13090be45fb userId=ANONYMOUS] c.b.monitoring.CineXHealthIndicator      : HealthCheck indicates Redis Cache is offline: Unable to connect to Redis
2026-09-01 19:28:16.427  INFO [main] [traceId=NONE userId=NONE] t.c.s.AnnotationConfigContextLoaderUtils : Could not detect default configuration classes for test class [com.bookmyshow.monitoring.ConnectionPoolMonitoringTest]: ConnectionPoolMonitoringTest does not declare any static, non-private, non-final, nested classes annotated with @Configuration.
2026-09-01 19:28:16.433  INFO [main] [traceId=NONE userId=NONE] .b.t.c.SpringBootTestContextBootstrapper : Found @SpringBootConfiguration com.bookmyshow.BookmyshowApplication for test class com.bookmyshow.monitoring.ConnectionPoolMonitoringTest
2026-09-01 19:28:16.484  INFO [main] [traceId=NONE userId=NONE] c.b.m.ConnectionPoolMonitoringService    : HikariCP Metrics -> Active: 0, Idle: 10, Total: 10, Waiting Threads: 0
2026-09-01 19:28:16.566  INFO [main] [traceId=NONE userId=NONE] t.c.s.AnnotationConfigContextLoaderUtils : Could not detect default configuration classes for test class [com.bookmyshow.service.AdminPlatformTest]: AdminPlatformTest does not declare any static, non-private, non-final, nested classes annotated with @Configuration.
2026-09-01 19:28:16.702  INFO [main] [traceId=NONE userId=NONE] .b.t.c.SpringBootTestContextBootstrapper : Found @SpringBootConfiguration com.bookmyshow.BookmyshowApplication for test class com.bookmyshow.service.AdminPlatformTest
2026-09-01 19:28:16.931  INFO [main] [traceId=NONE userId=NONE] com.bookmyshow.service.TheatreService    : Adding new theatre: PVR Admin Test in Mumbai
2026-09-01 19:28:17.106  INFO [main] [traceId=NONE userId=NONE] com.bookmyshow.service.MovieService      : Adding new movie: Inception Admin Test
2026-09-01 19:28:17.113  INFO [main] [traceId=NONE userId=NONE] com.bookmyshow.service.MovieService      : Updating movie id: 4
2026-09-01 19:28:17.185  INFO [main] [traceId=NONE userId=NONE] com.bookmyshow.service.MovieService      : Deleting movie id: 4
2026-09-01 19:28:17.218  INFO [main] [traceId=NONE userId=NONE] com.bookmyshow.service.MovieService      : Cache Miss: Fetching movie details for id 4 from MySQL database
2026-09-01 19:28:17.250  INFO [main] [traceId=NONE userId=NONE] t.c.s.AnnotationConfigContextLoaderUtils : Could not detect default configuration classes for test class [com.bookmyshow.service.BookingConcurrencyTest]: BookingConcurrencyTest does not declare any static, non-private, non-final, nested classes annotated with @Configuration.
2026-09-01 19:28:17.268  INFO [main] [traceId=NONE userId=NONE] .b.t.c.SpringBootTestContextBootstrapper : Found @SpringBootConfiguration com.bookmyshow.BookmyshowApplication for test class com.bookmyshow.service.BookingConcurrencyTest
2026-09-01 19:28:17.357  WARN [main] [traceId=NONE userId=NONE] ory$DuplicateJsonObjectContextCustomizer : 

Found multiple occurrences of org.json.JSONObject on the class path:

	jar:file:/C:/Users/Hamdaan/.m2/repository/com/vaadin/external/google/android-json/0.0.20131108.vaadin1/android-json-0.0.20131108.vaadin1.jar!/org/json/JSONObject.class
	jar:file:/C:/Users/Hamdaan/.m2/repository/org/json/json/20231013/json-20231013.jar!/org/json/JSONObject.class

You may wish to exclude one of them to ensure predictable runtime behavior

2026-09-01 19:28:17.364  INFO [main] [traceId=NONE userId=NONE] c.b.service.BookingConcurrencyTest       : Starting BookingConcurrencyTest using Java 22.0.1 with PID 3216 (started by Hamdaan in C:\Users\Hamdaan\Downloads\bookmyshow\bookmyshow)
2026-09-01 19:28:17.365  INFO [main] [traceId=NONE userId=NONE] c.b.service.BookingConcurrencyTest       : No active profile set, falling back to 1 default profile: "default"
2026-09-01 19:28:20.001  INFO [main] [traceId=NONE userId=NONE] .s.d.r.c.RepositoryConfigurationDelegate : Multiple Spring Data modules found, entering strict repository configuration mode
2026-09-01 19:28:20.002  INFO [main] [traceId=NONE userId=NONE] .s.d.r.c.RepositoryConfigurationDelegate : Bootstrapping Spring Data JPA repositories in DEFAULT mode.
2026-09-01 19:28:20.555  INFO [main] [traceId=NONE userId=NONE] .s.d.r.c.RepositoryConfigurationDelegate : Finished Spring Data repository scanning in 540 ms. Found 9 JPA repository interfaces.
2026-09-01 19:28:20.582  INFO [main] [traceId=NONE userId=NONE] .s.d.r.c.RepositoryConfigurationDelegate : Multiple Spring Data modules found, entering strict repository configuration mode
2026-09-01 19:28:20.583  INFO [main] [traceId=NONE userId=NONE] .s.d.r.c.RepositoryConfigurationDelegate : Bootstrapping Spring Data Redis repositories in DEFAULT mode.
2026-09-01 19:28:20.769  INFO [main] [traceId=NONE userId=NONE] .RepositoryConfigurationExtensionSupport : Spring Data Redis - Could not safely identify store assignment for repository candidate interface com.bookmyshow.repository.BookingRepository; If you want this repository to be a Redis repository, consider annotating your entities with one of these annotations: org.springframework.data.redis.core.RedisHash (preferred), or consider extending one of the following types with your repository: org.springframework.data.keyvalue.repository.KeyValueRepository
2026-09-01 19:28:20.816  INFO [main] [traceId=NONE userId=NONE] .RepositoryConfigurationExtensionSupport : Spring Data Redis - Could not safely identify store assignment for repository candidate interface com.bookmyshow.repository.BookingSeatRepository; If you want this repository to be a Redis repository, consider annotating your entities with one of these annotations: org.springframework.data.redis.core.RedisHash (preferred), or consider extending one of the following types with your repository: org.springframework.data.keyvalue.repository.KeyValueRepository
2026-09-01 19:28:20.816  INFO [main] [traceId=NONE userId=NONE] .RepositoryConfigurationExtensionSupport : Spring Data Redis - Could not safely identify store assignment for repository candidate interface com.bookmyshow.repository.MovieRepository; If you want this repository to be a Redis repository, consider annotating your entities with one of these annotations: org.springframework.data.redis.core.RedisHash (preferred), or consider extending one of the following types with your repository: org.springframework.data.keyvalue.repository.KeyValueRepository
2026-09-01 19:28:20.817  INFO [main] [traceId=NONE userId=NONE] .RepositoryConfigurationExtensionSupport : Spring Data Redis - Could not safely identify store assignment for repository candidate interface com.bookmyshow.repository.PaymentRepository; If you want this repository to be a Redis repository, consider annotating your entities with one of these annotations: org.springframework.data.redis.core.RedisHash (preferred), or consider extending one of the following types with your repository: org.springframework.data.keyvalue.repository.KeyValueRepository
2026-09-01 19:28:20.817  INFO [main] [traceId=NONE userId=NONE] .RepositoryConfigurationExtensionSupport : Spring Data Redis - Could not safely identify store assignment for repository candidate interface com.bookmyshow.repository.ScreenRepository; If you want this repository to be a Redis repository, consider annotating your entities with one of these annotations: org.springframework.data.redis.core.RedisHash (preferred), or consider extending one of the following types with your repository: org.springframework.data.keyvalue.repository.KeyValueRepository
2026-09-01 19:28:20.817  INFO [main] [traceId=NONE userId=NONE] .RepositoryConfigurationExtensionSupport : Spring Data Redis - Could not safely identify store assignment for repository candidate interface com.bookmyshow.repository.SeatRepository; If you want this repository to be a Redis repository, consider annotating your entities with one of these annotations: org.springframework.data.redis.core.RedisHash (preferred), or consider extending one of the following types with your repository: org.springframework.data.keyvalue.repository.KeyValueRepository
2026-09-01 19:28:20.817  INFO [main] [traceId=NONE userId=NONE] .RepositoryConfigurationExtensionSupport : Spring Data Redis - Could not safely identify store assignment for repository candidate interface com.bookmyshow.repository.ShowRepository; If you want this repository to be a Redis repository, consider annotating your entities with one of these annotations: org.springframework.data.redis.core.RedisHash (preferred), or consider extending one of the following types with your repository: org.springframework.data.keyvalue.repository.KeyValueRepository
2026-09-01 19:28:20.817  INFO [main] [traceId=NONE userId=NONE] .RepositoryConfigurationExtensionSupport : Spring Data Redis - Could not safely identify store assignment for repository candidate interface com.bookmyshow.repository.TheatreRepository; If you want this repository to be a Redis repository, consider annotating your entities with one of these annotations: org.springframework.data.redis.core.RedisHash (preferred), or consider extending one of the following types with your repository: org.springframework.data.keyvalue.repository.KeyValueRepository
2026-09-01 19:28:20.817  INFO [main] [traceId=NONE userId=NONE] .RepositoryConfigurationExtensionSupport : Spring Data Redis - Could not safely identify store assignment for repository candidate interface com.bookmyshow.repository.UserRepository; If you want this repository to be a Redis repository, consider annotating your entities with one of these annotations: org.springframework.data.redis.core.RedisHash (preferred), or consider extending one of the following types with your repository: org.springframework.data.keyvalue.repository.KeyValueRepository
2026-09-01 19:28:20.828  INFO [main] [traceId=NONE userId=NONE] .s.d.r.c.RepositoryConfigurationDelegate : Finished Spring Data repository scanning in 238 ms. Found 0 Redis repository interfaces.
2026-09-01 19:28:22.273  INFO [main] [traceId=NONE userId=NONE] o.hibernate.jpa.internal.util.LogHelper  : HHH000204: Processing PersistenceUnitInfo [name: default]
2026-09-01 19:28:22.301  INFO [main] [traceId=NONE userId=NONE] o.h.c.internal.RegionFactoryInitiator    : HHH000026: Second-level cache disabled
2026-09-01 19:28:22.421  INFO [main] [traceId=NONE userId=NONE] o.s.o.j.p.SpringPersistenceUnitInfo      : No LoadTimeWeaver setup: ignoring JPA class transformer
2026-09-01 19:28:22.435  INFO [main] [traceId=NONE userId=NONE] com.zaxxer.hikari.HikariDataSource       : HikariPool-3 - Starting...
2026-09-01 19:28:22.441  INFO [main] [traceId=NONE userId=NONE] com.zaxxer.hikari.pool.HikariPool        : HikariPool-3 - Added connection conn20: url=jdbc:h2:mem:bookmyshow-test user=SA
2026-09-01 19:28:22.448  INFO [main] [traceId=NONE userId=NONE] com.zaxxer.hikari.HikariDataSource       : HikariPool-3 - Start completed.
2026-09-01 19:28:22.452  INFO [main] [traceId=NONE userId=NONE] org.hibernate.orm.connections.pooling    : HHH10001005: Database info:
	Database JDBC URL [Connecting through datasource 'HikariDataSource (HikariPool-3)']
	Database driver: undefined/unknown
	Database version: 2.3.232
	Autocommit mode: undefined/unknown
	Isolation level: undefined/unknown
	Minimum pool size: undefined/unknown
	Maximum pool size: undefined/unknown
2026-09-01 19:28:22.938  INFO [main] [traceId=NONE userId=NONE] o.h.e.t.j.p.i.JtaPlatformInitiator       : HHH000489: No JTA platform available (set 'hibernate.transaction.jta.platform' to enable JTA platform integration)
2026-09-01 19:28:23.009  INFO [main] [traceId=NONE userId=NONE] j.LocalContainerEntityManagerFactoryBean : Initialized JPA EntityManagerFactory for persistence unit 'default'
2026-09-01 19:28:26.930  WARN [main] [traceId=NONE userId=NONE] com.bookmyshow.config.CacheConfig        : Redis server unreachable (Unable to connect to Redis). Falling back to embedded ConcurrentMapCacheManager.
2026-09-01 19:28:27.559  INFO [main] [traceId=NONE userId=NONE] c.b.initializer.DataInitializer          : Default Admin User created: admin@cinex.com / admin123
2026-09-01 19:28:27.715  INFO [main] [traceId=NONE userId=NONE] c.b.initializer.DataInitializer          : Default Test User created: user@cinex.com / user123
2026-09-01 19:28:27.724  INFO [main] [traceId=NONE userId=NONE] c.b.initializer.DataInitializer          : Initializing sample data for BookMyShow...
2026-09-01 19:28:27.892  INFO [main] [traceId=NONE userId=NONE] c.b.initializer.DataInitializer          : Initialization completed successfully!
2026-09-01 19:28:28.314  WARN [main] [traceId=NONE userId=NONE] .s.s.UserDetailsServiceAutoConfiguration : 

Using generated security password: 7f347b96-ccac-47ff-af6e-102a6bdebad2

This generated password is for development use only. Your security configuration must be updated before running your application in production.

2026-09-01 19:28:28.324  INFO [main] [traceId=NONE userId=NONE] r$InitializeUserDetailsManagerConfigurer : Global AuthenticationManager configured with UserDetailsService bean with name inMemoryUserDetailsManager
2026-09-01 19:28:28.519  INFO [main] [traceId=NONE userId=NONE] o.s.b.a.w.s.WelcomePageHandlerMapping    : Adding welcome page: class path resource [static/index.html]
2026-09-01 19:28:29.433  INFO [main] [traceId=NONE userId=NONE] o.s.b.a.e.web.EndpointLinksResolver      : Exposing 6 endpoints beneath base path '/actuator'
2026-09-01 19:28:31.295  INFO [main] [traceId=NONE userId=NONE] o.s.m.s.b.SimpleBrokerMessageHandler     : Starting...
2026-09-01 19:28:31.296  INFO [main] [traceId=NONE userId=NONE] o.s.m.s.b.SimpleBrokerMessageHandler     : BrokerAvailabilityEvent[available=true, SimpleBrokerMessageHandler [org.springframework.messaging.simp.broker.DefaultSubscriptionRegistry@6d28df15]]
2026-09-01 19:28:31.299  INFO [main] [traceId=NONE userId=NONE] o.s.m.s.b.SimpleBrokerMessageHandler     : Started.
2026-09-01 19:28:31.332  INFO [main] [traceId=NONE userId=NONE] c.b.service.BookingConcurrencyTest       : Started BookingConcurrencyTest in 14.055 seconds (process running for 66.967)
2026-09-01 19:28:31.655  INFO [main] [traceId=NONE userId=NONE] t.c.s.AnnotationConfigContextLoaderUtils : Could not detect default configuration classes for test class [com.bookmyshow.service.BookingContractTest]: BookingContractTest does not declare any static, non-private, non-final, nested classes annotated with @Configuration.
2026-09-01 19:28:31.661  INFO [main] [traceId=NONE userId=NONE] .b.t.c.SpringBootTestContextBootstrapper : Found @SpringBootConfiguration com.bookmyshow.BookmyshowApplication for test class com.bookmyshow.service.BookingContractTest
2026-09-01 19:28:32.114  INFO [main] [traceId=NONE userId=NONE] t.c.s.AnnotationConfigContextLoaderUtils : Could not detect default configuration classes for test class [com.bookmyshow.service.CacheServiceTest]: CacheServiceTest does not declare any static, non-private, non-final, nested classes annotated with @Configuration.
2026-09-01 19:28:32.121  INFO [main] [traceId=NONE userId=NONE] .b.t.c.SpringBootTestContextBootstrapper : Found @SpringBootConfiguration com.bookmyshow.BookmyshowApplication for test class com.bookmyshow.service.CacheServiceTest
2026-09-01 19:28:32.148  INFO [main] [traceId=NONE userId=NONE] com.bookmyshow.service.MovieService      : Cache Miss: Fetching all movies from MySQL database
2026-09-01 19:28:32.156  INFO [main] [traceId=NONE userId=NONE] com.bookmyshow.service.MovieService      : Adding new movie: Test Cached Movie
2026-09-01 19:28:32.187  INFO [main] [traceId=NONE userId=NONE] com.bookmyshow.service.MovieService      : Cache Miss: Fetching all movies from MySQL database
2026-09-01 19:28:32.324  INFO [main] [traceId=NONE userId=NONE] t.c.s.AnnotationConfigContextLoaderUtils : Could not detect default configuration classes for test class [com.bookmyshow.service.GlobalSearchServiceTest]: GlobalSearchServiceTest does not declare any static, non-private, non-final, nested classes annotated with @Configuration.
2026-09-01 19:28:32.330  INFO [main] [traceId=NONE userId=NONE] .b.t.c.SpringBootTestContextBootstrapper : Found @SpringBootConfiguration com.bookmyshow.BookmyshowApplication for test class com.bookmyshow.service.GlobalSearchServiceTest
2026-09-01 19:28:32.706  INFO [main] [traceId=NONE userId=NONE] com.bookmyshow.service.TheatreService    : Adding new theatre: PVR Cyberhub IMAX in Gurugram
2026-09-01 19:28:33.144  INFO [main] [traceId=NONE userId=NONE] com.bookmyshow.service.MovieService      : Adding new movie: Avengers Sci-Fi Epic
2026-09-01 19:28:33.146  INFO [main] [traceId=NONE userId=NONE] com.bookmyshow.service.MovieService      : Adding new movie: Bahubali Drama
2026-09-01 19:28:33.197  INFO [main] [traceId=NONE userId=NONE] t.c.s.AnnotationConfigContextLoaderUtils : Could not detect default configuration classes for test class [com.bookmyshow.service.PaginationServiceTest]: PaginationServiceTest does not declare any static, non-private, non-final, nested classes annotated with @Configuration.
2026-09-01 19:28:33.204  INFO [main] [traceId=NONE userId=NONE] .b.t.c.SpringBootTestContextBootstrapper : Found @SpringBootConfiguration com.bookmyshow.BookmyshowApplication for test class com.bookmyshow.service.PaginationServiceTest
2026-09-01 19:28:33.221  INFO [main] [traceId=NONE userId=NONE] com.bookmyshow.service.TheatreService    : Adding new theatre: Paginated Theatre 1 in Mumbai
2026-09-01 19:28:33.224  INFO [main] [traceId=NONE userId=NONE] com.bookmyshow.service.TheatreService    : Adding new theatre: Paginated Theatre 2 in Mumbai
2026-09-01 19:28:33.225  INFO [main] [traceId=NONE userId=NONE] com.bookmyshow.service.TheatreService    : Adding new theatre: Paginated Theatre 3 in Mumbai
2026-09-01 19:28:33.270  INFO [main] [traceId=NONE userId=NONE] com.bookmyshow.service.MovieService      : Adding new movie: Paginated Movie 1
2026-09-01 19:28:33.273  INFO [main] [traceId=NONE userId=NONE] com.bookmyshow.service.MovieService      : Adding new movie: Paginated Movie 2
2026-09-01 19:28:33.274  INFO [main] [traceId=NONE userId=NONE] com.bookmyshow.service.MovieService      : Adding new movie: Paginated Movie 3
2026-09-01 19:28:33.564  INFO [main] [traceId=NONE userId=NONE] t.c.s.AnnotationConfigContextLoaderUtils : Could not detect default configuration classes for test class [com.bookmyshow.service.RazorpayPaymentServiceTest]: RazorpayPaymentServiceTest does not declare any static, non-private, non-final, nested classes annotated with @Configuration.
2026-09-01 19:28:33.573  INFO [main] [traceId=NONE userId=NONE] .b.t.c.SpringBootTestContextBootstrapper : Found @SpringBootConfiguration com.bookmyshow.BookmyshowApplication for test class com.bookmyshow.service.RazorpayPaymentServiceTest
2026-09-01 19:28:33.690  WARN [main] [traceId=NONE userId=NONE] ory$DuplicateJsonObjectContextCustomizer : 

Found multiple occurrences of org.json.JSONObject on the class path:

	jar:file:/C:/Users/Hamdaan/.m2/repository/com/vaadin/external/google/android-json/0.0.20131108.vaadin1/android-json-0.0.20131108.vaadin1.jar!/org/json/JSONObject.class
	jar:file:/C:/Users/Hamdaan/.m2/repository/org/json/json/20231013/json-20231013.jar!/org/json/JSONObject.class

You may wish to exclude one of them to ensure predictable runtime behavior

2026-09-01 19:28:33.694  INFO [main] [traceId=NONE userId=NONE] c.b.service.RazorpayPaymentServiceTest   : Starting RazorpayPaymentServiceTest using Java 22.0.1 with PID 3216 (started by Hamdaan in C:\Users\Hamdaan\Downloads\bookmyshow\bookmyshow)
2026-09-01 19:28:33.694  INFO [main] [traceId=NONE userId=NONE] c.b.service.RazorpayPaymentServiceTest   : No active profile set, falling back to 1 default profile: "default"
2026-09-01 19:28:35.557  INFO [main] [traceId=NONE userId=NONE] .s.d.r.c.RepositoryConfigurationDelegate : Multiple Spring Data modules found, entering strict repository configuration mode
2026-09-01 19:28:35.558  INFO [main] [traceId=NONE userId=NONE] .s.d.r.c.RepositoryConfigurationDelegate : Bootstrapping Spring Data JPA repositories in DEFAULT mode.
2026-09-01 19:28:35.643  INFO [main] [traceId=NONE userId=NONE] .s.d.r.c.RepositoryConfigurationDelegate : Finished Spring Data repository scanning in 81 ms. Found 9 JPA repository interfaces.
2026-09-01 19:28:35.655  INFO [main] [traceId=NONE userId=NONE] .s.d.r.c.RepositoryConfigurationDelegate : Multiple Spring Data modules found, entering strict repository configuration mode
2026-09-01 19:28:35.656  INFO [main] [traceId=NONE userId=NONE] .s.d.r.c.RepositoryConfigurationDelegate : Bootstrapping Spring Data Redis repositories in DEFAULT mode.
2026-09-01 19:28:35.690  INFO [main] [traceId=NONE userId=NONE] .RepositoryConfigurationExtensionSupport : Spring Data Redis - Could not safely identify store assignment for repository candidate interface com.bookmyshow.repository.BookingRepository; If you want this repository to be a Redis repository, consider annotating your entities with one of these annotations: org.springframework.data.redis.core.RedisHash (preferred), or consider extending one of the following types with your repository: org.springframework.data.keyvalue.repository.KeyValueRepository
2026-09-01 19:28:35.692  INFO [main] [traceId=NONE userId=NONE] .RepositoryConfigurationExtensionSupport : Spring Data Redis - Could not safely identify store assignment for repository candidate interface com.bookmyshow.repository.BookingSeatRepository; If you want this repository to be a Redis repository, consider annotating your entities with one of these annotations: org.springframework.data.redis.core.RedisHash (preferred), or consider extending one of the following types with your repository: org.springframework.data.keyvalue.repository.KeyValueRepository
2026-09-01 19:28:35.693  INFO [main] [traceId=NONE userId=NONE] .RepositoryConfigurationExtensionSupport : Spring Data Redis - Could not safely identify store assignment for repository candidate interface com.bookmyshow.repository.MovieRepository; If you want this repository to be a Redis repository, consider annotating your entities with one of these annotations: org.springframework.data.redis.core.RedisHash (preferred), or consider extending one of the following types with your repository: org.springframework.data.keyvalue.repository.KeyValueRepository
2026-09-01 19:28:35.693  INFO [main] [traceId=NONE userId=NONE] .RepositoryConfigurationExtensionSupport : Spring Data Redis - Could not safely identify store assignment for repository candidate interface com.bookmyshow.repository.PaymentRepository; If you want this repository to be a Redis repository, consider annotating your entities with one of these annotations: org.springframework.data.redis.core.RedisHash (preferred), or consider extending one of the following types with your repository: org.springframework.data.keyvalue.repository.KeyValueRepository
2026-09-01 19:28:35.693  INFO [main] [traceId=NONE userId=NONE] .RepositoryConfigurationExtensionSupport : Spring Data Redis - Could not safely identify store assignment for repository candidate interface com.bookmyshow.repository.ScreenRepository; If you want this repository to be a Redis repository, consider annotating your entities with one of these annotations: org.springframework.data.redis.core.RedisHash (preferred), or consider extending one of the following types with your repository: org.springframework.data.keyvalue.repository.KeyValueRepository
2026-09-01 19:28:35.695  INFO [main] [traceId=NONE userId=NONE] .RepositoryConfigurationExtensionSupport : Spring Data Redis - Could not safely identify store assignment for repository candidate interface com.bookmyshow.repository.SeatRepository; If you want this repository to be a Redis repository, consider annotating your entities with one of these annotations: org.springframework.data.redis.core.RedisHash (preferred), or consider extending one of the following types with your repository: org.springframework.data.keyvalue.repository.KeyValueRepository
2026-09-01 19:28:35.697  INFO [main] [traceId=NONE userId=NONE] .RepositoryConfigurationExtensionSupport : Spring Data Redis - Could not safely identify store assignment for repository candidate interface com.bookmyshow.repository.ShowRepository; If you want this repository to be a Redis repository, consider annotating your entities with one of these annotations: org.springframework.data.redis.core.RedisHash (preferred), or consider extending one of the following types with your repository: org.springframework.data.keyvalue.repository.KeyValueRepository
2026-09-01 19:28:35.701  INFO [main] [traceId=NONE userId=NONE] .RepositoryConfigurationExtensionSupport : Spring Data Redis - Could not safely identify store assignment for repository candidate interface com.bookmyshow.repository.TheatreRepository; If you want this repository to be a Redis repository, consider annotating your entities with one of these annotations: org.springframework.data.redis.core.RedisHash (preferred), or consider extending one of the following types with your repository: org.springframework.data.keyvalue.repository.KeyValueRepository
2026-09-01 19:28:35.702  INFO [main] [traceId=NONE userId=NONE] .RepositoryConfigurationExtensionSupport : Spring Data Redis - Could not safely identify store assignment for repository candidate interface com.bookmyshow.repository.UserRepository; If you want this repository to be a Redis repository, consider annotating your entities with one of these annotations: org.springframework.data.redis.core.RedisHash (preferred), or consider extending one of the following types with your repository: org.springframework.data.keyvalue.repository.KeyValueRepository
2026-09-01 19:28:35.702  INFO [main] [traceId=NONE userId=NONE] .s.d.r.c.RepositoryConfigurationDelegate : Finished Spring Data repository scanning in 42 ms. Found 0 Redis repository interfaces.
2026-09-01 19:28:36.251  INFO [main] [traceId=NONE userId=NONE] o.hibernate.jpa.internal.util.LogHelper  : HHH000204: Processing PersistenceUnitInfo [name: default]
2026-09-01 19:28:36.272  INFO [main] [traceId=NONE userId=NONE] o.h.c.internal.RegionFactoryInitiator    : HHH000026: Second-level cache disabled
2026-09-01 19:28:36.331  INFO [main] [traceId=NONE userId=NONE] o.s.o.j.p.SpringPersistenceUnitInfo      : No LoadTimeWeaver setup: ignoring JPA class transformer
2026-09-01 19:28:36.339  INFO [main] [traceId=NONE userId=NONE] com.zaxxer.hikari.HikariDataSource       : HikariPool-4 - Starting...
2026-09-01 19:28:36.343  INFO [main] [traceId=NONE userId=NONE] com.zaxxer.hikari.pool.HikariPool        : HikariPool-4 - Added connection conn30: url=jdbc:h2:mem:bookmyshow-test user=SA
2026-09-01 19:28:36.344  INFO [main] [traceId=NONE userId=NONE] com.zaxxer.hikari.HikariDataSource       : HikariPool-4 - Start completed.
2026-09-01 19:28:36.345  INFO [main] [traceId=NONE userId=NONE] org.hibernate.orm.connections.pooling    : HHH10001005: Database info:
	Database JDBC URL [Connecting through datasource 'HikariDataSource (HikariPool-4)']
	Database driver: undefined/unknown
	Database version: 2.3.232
	Autocommit mode: undefined/unknown
	Isolation level: undefined/unknown
	Minimum pool size: undefined/unknown
	Maximum pool size: undefined/unknown
2026-09-01 19:28:36.725  INFO [main] [traceId=NONE userId=NONE] o.h.e.t.j.p.i.JtaPlatformInitiator       : HHH000489: No JTA platform available (set 'hibernate.transaction.jta.platform' to enable JTA platform integration)
2026-09-01 19:28:36.788  INFO [main] [traceId=NONE userId=NONE] j.LocalContainerEntityManagerFactoryBean : Initialized JPA EntityManagerFactory for persistence unit 'default'
2026-09-01 19:28:38.263  WARN [main] [traceId=NONE userId=NONE] com.bookmyshow.config.CacheConfig        : Redis server unreachable (Unable to connect to Redis). Falling back to embedded ConcurrentMapCacheManager.
2026-09-01 19:28:38.541  INFO [main] [traceId=NONE userId=NONE] c.b.initializer.DataInitializer          : Default Admin User created: admin@cinex.com / admin123
2026-09-01 19:28:38.656  INFO [main] [traceId=NONE userId=NONE] c.b.initializer.DataInitializer          : Default Test User created: user@cinex.com / user123
2026-09-01 19:28:38.660  INFO [main] [traceId=NONE userId=NONE] c.b.initializer.DataInitializer          : Initializing sample data for BookMyShow...
2026-09-01 19:28:38.789  INFO [main] [traceId=NONE userId=NONE] c.b.initializer.DataInitializer          : Initialization completed successfully!
2026-09-01 19:28:39.187  WARN [main] [traceId=NONE userId=NONE] .s.s.UserDetailsServiceAutoConfiguration : 

Using generated security password: c5c41b76-7f3e-4d7d-b986-fe8d2c9186ac

This generated password is for development use only. Your security configuration must be updated before running your application in production.

2026-09-01 19:28:39.197  INFO [main] [traceId=NONE userId=NONE] r$InitializeUserDetailsManagerConfigurer : Global AuthenticationManager configured with UserDetailsService bean with name inMemoryUserDetailsManager
2026-09-01 19:28:39.458  INFO [main] [traceId=NONE userId=NONE] o.s.b.a.w.s.WelcomePageHandlerMapping    : Adding welcome page: class path resource [static/index.html]
2026-09-01 19:28:40.104  INFO [main] [traceId=NONE userId=NONE] o.s.b.a.e.web.EndpointLinksResolver      : Exposing 6 endpoints beneath base path '/actuator'
2026-09-01 19:28:41.952  INFO [main] [traceId=NONE userId=NONE] o.s.m.s.b.SimpleBrokerMessageHandler     : Starting...
2026-09-01 19:28:41.952  INFO [main] [traceId=NONE userId=NONE] o.s.m.s.b.SimpleBrokerMessageHandler     : BrokerAvailabilityEvent[available=true, SimpleBrokerMessageHandler [org.springframework.messaging.simp.broker.DefaultSubscriptionRegistry@61164a97]]
2026-09-01 19:28:41.953  INFO [main] [traceId=NONE userId=NONE] o.s.m.s.b.SimpleBrokerMessageHandler     : Started.
2026-09-01 19:28:41.981  INFO [main] [traceId=NONE userId=NONE] c.b.service.RazorpayPaymentServiceTest   : Started RazorpayPaymentServiceTest in 8.387 seconds (process running for 77.617)
2026-09-01 19:28:42.065  INFO [main] [traceId=NONE userId=NONE] com.bookmyshow.service.PaymentService    : Payment successfully verified for Booking 1 with Payment ID pay_test_987654
2026-09-01 19:28:42.088  INFO [main] [traceId=NONE userId=NONE] com.bookmyshow.service.PaymentService    : Payment successfully verified for Booking 1 with Payment ID pay_test_987654
2026-09-01 19:28:42.130  INFO [main] [traceId=NONE userId=NONE] com.bookmyshow.service.PaymentService    : Payment successfully verified for Booking 2 with Payment ID pay_test_987654
2026-09-01 19:28:42.172 ERROR [main] [traceId=NONE userId=NONE] com.bookmyshow.service.PaymentService    : HMAC SHA256 signature verification failed for Order order_test_123456 and Payment pay_test_987654
2026-09-01 19:28:42.217  INFO [main] [traceId=NONE userId=NONE] com.bookmyshow.service.PaymentService    : Cancelling payment/booking for ID 4
2026-09-01 19:28:42.677  INFO [main] [traceId=NONE userId=NONE] com.bookmyshow.service.SeatLockService   : User [user-A] (session: [session-1]) held seats [5] for show 101
2026-09-01 19:28:42.739  INFO [main] [traceId=NONE userId=NONE] com.bookmyshow.service.SeatLockService   : Broadcasting BOOKED status for seats [5] on show 101
2026-09-01 19:28:42.779  INFO [main] [traceId=NONE userId=NONE] com.bookmyshow.service.SeatLockService   : User [user-A] (session: [session-1]) held seats [1, 2] for show 101
2026-09-01 19:28:42.780  INFO [main] [traceId=NONE userId=NONE] com.bookmyshow.service.SeatLockService   : Released seats [1, 2] for show 101
2026-09-01 19:28:42.787  INFO [main] [traceId=NONE userId=NONE] com.bookmyshow.service.SeatLockService   : User [user-A] (session: [session-disconnect]) held seats [10, 11] for show 101
2026-09-01 19:28:42.788  INFO [main] [traceId=NONE userId=NONE] com.bookmyshow.service.SeatLockService   : Session [session-disconnect] disconnected. Cleaning up 2 held seats.
2026-09-01 19:28:42.807  INFO [main] [traceId=NONE userId=NONE] com.bookmyshow.service.SeatLockService   : User [user-A] (session: [session-1]) held seats [1, 2] for show 101
2026-09-01 19:28:42.807  WARN [main] [traceId=NONE userId=NONE] com.bookmyshow.service.SeatLockService   : Seat selection rejected: Seat 2 on show 101 is already held by user user-A
2026-09-01 19:28:42.817  INFO [main] [traceId=NONE userId=NONE] com.bookmyshow.service.SeatLockService   : User [user-A] (session: [session-1]) held seats [1, 2] for show 101
2026-09-01 19:28:42.886  INFO [main] [traceId=NONE userId=NONE] t.c.s.AnnotationConfigContextLoaderUtils : Could not detect default configuration classes for test class [com.bookmyshow.service.TicketServiceTest]: TicketServiceTest does not declare any static, non-private, non-final, nested classes annotated with @Configuration.
2026-09-01 19:28:42.889  INFO [main] [traceId=NONE userId=NONE] .b.t.c.SpringBootTestContextBootstrapper : Found @SpringBootConfiguration com.bookmyshow.BookmyshowApplication for test class com.bookmyshow.service.TicketServiceTest
2026-09-01 19:28:43.061  WARN [main] [traceId=NONE userId=NONE] com.bookmyshow.service.TicketService     : Verification failed: No booking found for token NON-EXISTENT-TOKEN-999
2026-09-01 19:28:43.101  WARN [main] [traceId=NONE userId=NONE] com.bookmyshow.service.TicketService     : Verification failed: Booking ID 13 is not in BOOKED state (current: FAILED)
2026-09-01 19:28:44.628  INFO [SpringApplicationShutdownHook] [traceId=NONE userId=NONE] o.s.m.s.b.SimpleBrokerMessageHandler     : Stopping...
2026-09-01 19:28:44.628  INFO [SpringApplicationShutdownHook] [traceId=NONE userId=NONE] o.s.m.s.b.SimpleBrokerMessageHandler     : BrokerAvailabilityEvent[available=false, SimpleBrokerMessageHandler [org.springframework.messaging.simp.broker.DefaultSubscriptionRegistry@1d932614]]
2026-09-01 19:28:44.629  INFO [SpringApplicationShutdownHook] [traceId=NONE userId=NONE] o.s.m.s.b.SimpleBrokerMessageHandler     : Stopped.
2026-09-01 19:28:44.703  INFO [SpringApplicationShutdownHook] [traceId=NONE userId=NONE] j.LocalContainerEntityManagerFactoryBean : Closing JPA EntityManagerFactory for persistence unit 'default'
2026-09-01 19:28:44.718  INFO [SpringApplicationShutdownHook] [traceId=NONE userId=NONE] com.zaxxer.hikari.HikariDataSource       : HikariPool-1 - Shutdown initiated...
2026-09-01 19:28:44.726  INFO [SpringApplicationShutdownHook] [traceId=NONE userId=NONE] com.zaxxer.hikari.HikariDataSource       : HikariPool-1 - Shutdown completed.
2026-09-01 19:28:44.731  INFO [SpringApplicationShutdownHook] [traceId=NONE userId=NONE] o.s.m.s.b.SimpleBrokerMessageHandler     : Stopping...
2026-09-01 19:28:44.732  INFO [SpringApplicationShutdownHook] [traceId=NONE userId=NONE] o.s.m.s.b.SimpleBrokerMessageHandler     : BrokerAvailabilityEvent[available=false, SimpleBrokerMessageHandler [org.springframework.messaging.simp.broker.DefaultSubscriptionRegistry@2d36a2a6]]
2026-09-01 19:28:44.732  INFO [SpringApplicationShutdownHook] [traceId=NONE userId=NONE] o.s.m.s.b.SimpleBrokerMessageHandler     : Stopped.
2026-09-01 19:28:44.753  INFO [SpringApplicationShutdownHook] [traceId=NONE userId=NONE] j.LocalContainerEntityManagerFactoryBean : Closing JPA EntityManagerFactory for persistence unit 'default'
2026-09-01 19:28:44.755  INFO [SpringApplicationShutdownHook] [traceId=NONE userId=NONE] com.zaxxer.hikari.HikariDataSource       : HikariPool-2 - Shutdown initiated...
2026-09-01 19:28:44.760  INFO [SpringApplicationShutdownHook] [traceId=NONE userId=NONE] com.zaxxer.hikari.HikariDataSource       : HikariPool-2 - Shutdown completed.
2026-09-01 19:28:44.765  INFO [SpringApplicationShutdownHook] [traceId=NONE userId=NONE] o.s.m.s.b.SimpleBrokerMessageHandler     : Stopping...
2026-09-01 19:28:44.765  INFO [SpringApplicationShutdownHook] [traceId=NONE userId=NONE] o.s.m.s.b.SimpleBrokerMessageHandler     : BrokerAvailabilityEvent[available=false, SimpleBrokerMessageHandler [org.springframework.messaging.simp.broker.DefaultSubscriptionRegistry@6d28df15]]
2026-09-01 19:28:44.765  INFO [SpringApplicationShutdownHook] [traceId=NONE userId=NONE] o.s.m.s.b.SimpleBrokerMessageHandler     : Stopped.
2026-09-01 19:28:44.786  INFO [SpringApplicationShutdownHook] [traceId=NONE userId=NONE] j.LocalContainerEntityManagerFactoryBean : Closing JPA EntityManagerFactory for persistence unit 'default'
2026-09-01 19:28:44.788  INFO [SpringApplicationShutdownHook] [traceId=NONE userId=NONE] com.zaxxer.hikari.HikariDataSource       : HikariPool-3 - Shutdown initiated...
2026-09-01 19:28:44.792  INFO [SpringApplicationShutdownHook] [traceId=NONE userId=NONE] com.zaxxer.hikari.HikariDataSource       : HikariPool-3 - Shutdown completed.
2026-09-01 19:28:44.797  INFO [SpringApplicationShutdownHook] [traceId=NONE userId=NONE] o.s.m.s.b.SimpleBrokerMessageHandler     : Stopping...
2026-09-01 19:28:44.797  INFO [SpringApplicationShutdownHook] [traceId=NONE userId=NONE] o.s.m.s.b.SimpleBrokerMessageHandler     : BrokerAvailabilityEvent[available=false, SimpleBrokerMessageHandler [org.springframework.messaging.simp.broker.DefaultSubscriptionRegistry@61164a97]]
2026-09-01 19:28:44.797  INFO [SpringApplicationShutdownHook] [traceId=NONE userId=NONE] o.s.m.s.b.SimpleBrokerMessageHandler     : Stopped.
2026-09-01 19:28:44.831  INFO [SpringApplicationShutdownHook] [traceId=NONE userId=NONE] j.LocalContainerEntityManagerFactoryBean : Closing JPA EntityManagerFactory for persistence unit 'default'
2026-09-01 19:28:44.833  INFO [SpringApplicationShutdownHook] [traceId=NONE userId=NONE] com.zaxxer.hikari.HikariDataSource       : HikariPool-4 - Shutdown initiated...
2026-09-01 19:28:44.835  INFO [SpringApplicationShutdownHook] [traceId=NONE userId=NONE] com.zaxxer.hikari.HikariDataSource       : HikariPool-4 - Shutdown completed.
2026-09-01 19:30:51.641  WARN [main] [traceId=NONE userId=NONE] ory$DuplicateJsonObjectContextCustomizer : 

Found multiple occurrences of org.json.JSONObject on the class path:

	jar:file:/C:/Users/Hamdaan/.m2/repository/com/vaadin/external/google/android-json/0.0.20131108.vaadin1/android-json-0.0.20131108.vaadin1.jar!/org/json/JSONObject.class
	jar:file:/C:/Users/Hamdaan/.m2/repository/org/json/json/20231013/json-20231013.jar!/org/json/JSONObject.class

You may wish to exclude one of them to ensure predictable runtime behavior

2026-09-01 19:30:51.737  INFO [main] [traceId=NONE userId=NONE] c.bookmyshow.BookmyshowApplicationTests  : Starting BookmyshowApplicationTests using Java 22.0.1 with PID 11284 (started by Hamdaan in C:\Users\Hamdaan\Downloads\bookmyshow\bookmyshow)
2026-09-01 19:30:51.741  INFO [main] [traceId=NONE userId=NONE] c.bookmyshow.BookmyshowApplicationTests  : No active profile set, falling back to 1 default profile: "default"
2026-09-01 19:31:01.264  INFO [main] [traceId=NONE userId=NONE] .s.d.r.c.RepositoryConfigurationDelegate : Multiple Spring Data modules found, entering strict repository configuration mode
2026-09-01 19:31:01.270  INFO [main] [traceId=NONE userId=NONE] .s.d.r.c.RepositoryConfigurationDelegate : Bootstrapping Spring Data JPA repositories in DEFAULT mode.
2026-09-01 19:31:02.200  INFO [main] [traceId=NONE userId=NONE] .s.d.r.c.RepositoryConfigurationDelegate : Finished Spring Data repository scanning in 877 ms. Found 9 JPA repository interfaces.
2026-09-01 19:31:02.340  INFO [main] [traceId=NONE userId=NONE] .s.d.r.c.RepositoryConfigurationDelegate : Multiple Spring Data modules found, entering strict repository configuration mode
2026-09-01 19:31:02.355  INFO [main] [traceId=NONE userId=NONE] .s.d.r.c.RepositoryConfigurationDelegate : Bootstrapping Spring Data Redis repositories in DEFAULT mode.
2026-09-01 19:31:02.476  INFO [main] [traceId=NONE userId=NONE] .RepositoryConfigurationExtensionSupport : Spring Data Redis - Could not safely identify store assignment for repository candidate interface com.bookmyshow.repository.BookingRepository; If you want this repository to be a Redis repository, consider annotating your entities with one of these annotations: org.springframework.data.redis.core.RedisHash (preferred), or consider extending one of the following types with your repository: org.springframework.data.keyvalue.repository.KeyValueRepository
2026-09-01 19:31:02.488  INFO [main] [traceId=NONE userId=NONE] .RepositoryConfigurationExtensionSupport : Spring Data Redis - Could not safely identify store assignment for repository candidate interface com.bookmyshow.repository.BookingSeatRepository; If you want this repository to be a Redis repository, consider annotating your entities with one of these annotations: org.springframework.data.redis.core.RedisHash (preferred), or consider extending one of the following types with your repository: org.springframework.data.keyvalue.repository.KeyValueRepository
2026-09-01 19:31:02.490  INFO [main] [traceId=NONE userId=NONE] .RepositoryConfigurationExtensionSupport : Spring Data Redis - Could not safely identify store assignment for repository candidate interface com.bookmyshow.repository.MovieRepository; If you want this repository to be a Redis repository, consider annotating your entities with one of these annotations: org.springframework.data.redis.core.RedisHash (preferred), or consider extending one of the following types with your repository: org.springframework.data.keyvalue.repository.KeyValueRepository
2026-09-01 19:31:02.491  INFO [main] [traceId=NONE userId=NONE] .RepositoryConfigurationExtensionSupport : Spring Data Redis - Could not safely identify store assignment for repository candidate interface com.bookmyshow.repository.PaymentRepository; If you want this repository to be a Redis repository, consider annotating your entities with one of these annotations: org.springframework.data.redis.core.RedisHash (preferred), or consider extending one of the following types with your repository: org.springframework.data.keyvalue.repository.KeyValueRepository
2026-09-01 19:31:02.508  INFO [main] [traceId=NONE userId=NONE] .RepositoryConfigurationExtensionSupport : Spring Data Redis - Could not safely identify store assignment for repository candidate interface com.bookmyshow.repository.ScreenRepository; If you want this repository to be a Redis repository, consider annotating your entities with one of these annotations: org.springframework.data.redis.core.RedisHash (preferred), or consider extending one of the following types with your repository: org.springframework.data.keyvalue.repository.KeyValueRepository
2026-09-01 19:31:02.524  INFO [main] [traceId=NONE userId=NONE] .RepositoryConfigurationExtensionSupport : Spring Data Redis - Could not safely identify store assignment for repository candidate interface com.bookmyshow.repository.SeatRepository; If you want this repository to be a Redis repository, consider annotating your entities with one of these annotations: org.springframework.data.redis.core.RedisHash (preferred), or consider extending one of the following types with your repository: org.springframework.data.keyvalue.repository.KeyValueRepository
2026-09-01 19:31:02.530  INFO [main] [traceId=NONE userId=NONE] .RepositoryConfigurationExtensionSupport : Spring Data Redis - Could not safely identify store assignment for repository candidate interface com.bookmyshow.repository.ShowRepository; If you want this repository to be a Redis repository, consider annotating your entities with one of these annotations: org.springframework.data.redis.core.RedisHash (preferred), or consider extending one of the following types with your repository: org.springframework.data.keyvalue.repository.KeyValueRepository
2026-09-01 19:31:02.535  INFO [main] [traceId=NONE userId=NONE] .RepositoryConfigurationExtensionSupport : Spring Data Redis - Could not safely identify store assignment for repository candidate interface com.bookmyshow.repository.TheatreRepository; If you want this repository to be a Redis repository, consider annotating your entities with one of these annotations: org.springframework.data.redis.core.RedisHash (preferred), or consider extending one of the following types with your repository: org.springframework.data.keyvalue.repository.KeyValueRepository
2026-09-01 19:31:02.537  INFO [main] [traceId=NONE userId=NONE] .RepositoryConfigurationExtensionSupport : Spring Data Redis - Could not safely identify store assignment for repository candidate interface com.bookmyshow.repository.UserRepository; If you want this repository to be a Redis repository, consider annotating your entities with one of these annotations: org.springframework.data.redis.core.RedisHash (preferred), or consider extending one of the following types with your repository: org.springframework.data.keyvalue.repository.KeyValueRepository
2026-09-01 19:31:02.538  INFO [main] [traceId=NONE userId=NONE] .s.d.r.c.RepositoryConfigurationDelegate : Finished Spring Data repository scanning in 115 ms. Found 0 Redis repository interfaces.
2026-09-01 19:31:07.139  INFO [main] [traceId=NONE userId=NONE] o.hibernate.jpa.internal.util.LogHelper  : HHH000204: Processing PersistenceUnitInfo [name: default]
2026-09-01 19:31:07.321  INFO [main] [traceId=NONE userId=NONE] org.hibernate.Version                    : HHH000412: Hibernate ORM core version 6.6.13.Final
2026-09-01 19:31:07.403  INFO [main] [traceId=NONE userId=NONE] o.h.c.internal.RegionFactoryInitiator    : HHH000026: Second-level cache disabled
2026-09-01 19:31:07.984  INFO [main] [traceId=NONE userId=NONE] o.s.o.j.p.SpringPersistenceUnitInfo      : No LoadTimeWeaver setup: ignoring JPA class transformer
2026-09-01 19:31:08.041  INFO [main] [traceId=NONE userId=NONE] com.zaxxer.hikari.HikariDataSource       : HikariPool-1 - Starting...
2026-09-01 19:31:08.534  INFO [main] [traceId=NONE userId=NONE] com.zaxxer.hikari.pool.HikariPool        : HikariPool-1 - Added connection conn0: url=jdbc:h2:mem:bookmyshow-test user=SA
2026-09-01 19:31:08.537  INFO [main] [traceId=NONE userId=NONE] com.zaxxer.hikari.HikariDataSource       : HikariPool-1 - Start completed.
2026-09-01 19:31:08.704  INFO [main] [traceId=NONE userId=NONE] org.hibernate.orm.connections.pooling    : HHH10001005: Database info:
	Database JDBC URL [Connecting through datasource 'HikariDataSource (HikariPool-1)']
	Database driver: undefined/unknown
	Database version: 2.3.232
	Autocommit mode: undefined/unknown
	Isolation level: undefined/unknown
	Minimum pool size: undefined/unknown
	Maximum pool size: undefined/unknown
2026-09-01 19:31:11.478  INFO [main] [traceId=NONE userId=NONE] o.h.e.t.j.p.i.JtaPlatformInitiator       : HHH000489: No JTA platform available (set 'hibernate.transaction.jta.platform' to enable JTA platform integration)
2026-09-01 19:31:11.610  INFO [main] [traceId=NONE userId=NONE] j.LocalContainerEntityManagerFactoryBean : Initialized JPA EntityManagerFactory for persistence unit 'default'
2026-09-01 19:31:14.506  INFO [main] [traceId=NONE userId=NONE] o.s.d.j.r.query.QueryEnhancerFactory     : Hibernate is in classpath; If applicable, HQL parser will be used.
2026-09-01 19:31:19.556  WARN [main] [traceId=NONE userId=NONE] com.bookmyshow.config.CacheConfig        : Redis server unreachable (Unable to connect to Redis). Falling back to embedded ConcurrentMapCacheManager.
2026-09-01 19:31:22.001  INFO [main] [traceId=NONE userId=NONE] c.b.initializer.DataInitializer          : Default Admin User created: admin@cinex.com / admin123
2026-09-01 19:31:22.106  INFO [main] [traceId=NONE userId=NONE] c.b.initializer.DataInitializer          : Default Test User created: user@cinex.com / user123
2026-09-01 19:31:22.142  INFO [main] [traceId=NONE userId=NONE] c.b.initializer.DataInitializer          : Initializing sample data for BookMyShow...
2026-09-01 19:31:22.395  INFO [main] [traceId=NONE userId=NONE] c.b.initializer.DataInitializer          : Initialization completed successfully!
2026-09-01 19:31:23.374  WARN [main] [traceId=NONE userId=NONE] .s.s.UserDetailsServiceAutoConfiguration : 

Using generated security password: 7f43eb23-6cec-4916-8c23-813ac8fee54e

This generated password is for development use only. Your security configuration must be updated before running your application in production.

2026-09-01 19:31:23.424  INFO [main] [traceId=NONE userId=NONE] r$InitializeUserDetailsManagerConfigurer : Global AuthenticationManager configured with UserDetailsService bean with name inMemoryUserDetailsManager
2026-09-01 19:31:24.257  INFO [main] [traceId=NONE userId=NONE] o.s.b.a.w.s.WelcomePageHandlerMapping    : Adding welcome page: class path resource [static/index.html]
2026-09-01 19:31:25.739  INFO [main] [traceId=NONE userId=NONE] o.s.b.a.e.web.EndpointLinksResolver      : Exposing 6 endpoints beneath base path '/actuator'
2026-09-01 19:31:28.536  INFO [main] [traceId=NONE userId=NONE] o.s.m.s.b.SimpleBrokerMessageHandler     : Starting...
2026-09-01 19:31:28.537  INFO [main] [traceId=NONE userId=NONE] o.s.m.s.b.SimpleBrokerMessageHandler     : BrokerAvailabilityEvent[available=true, SimpleBrokerMessageHandler [org.springframework.messaging.simp.broker.DefaultSubscriptionRegistry@163d83db]]
2026-09-01 19:31:28.548  INFO [main] [traceId=NONE userId=NONE] o.s.m.s.b.SimpleBrokerMessageHandler     : Started.
2026-09-01 19:31:28.597  INFO [main] [traceId=NONE userId=NONE] c.bookmyshow.BookmyshowApplicationTests  : Started BookmyshowApplicationTests in 40.11 seconds (process running for 44.227)
2026-09-01 19:31:29.768  INFO [main] [traceId=NONE userId=NONE] t.c.s.AnnotationConfigContextLoaderUtils : Could not detect default configuration classes for test class [com.bookmyshow.config.OpenApiDocumentationTest]: OpenApiDocumentationTest does not declare any static, non-private, non-final, nested classes annotated with @Configuration.
2026-09-01 19:31:29.951  INFO [main] [traceId=NONE userId=NONE] .b.t.c.SpringBootTestContextBootstrapper : Found @SpringBootConfiguration com.bookmyshow.BookmyshowApplication for test class com.bookmyshow.config.OpenApiDocumentationTest
2026-09-01 19:31:30.118  WARN [main] [traceId=NONE userId=NONE] ory$DuplicateJsonObjectContextCustomizer : 

Found multiple occurrences of org.json.JSONObject on the class path:

	jar:file:/C:/Users/Hamdaan/.m2/repository/com/vaadin/external/google/android-json/0.0.20131108.vaadin1/android-json-0.0.20131108.vaadin1.jar!/org/json/JSONObject.class
	jar:file:/C:/Users/Hamdaan/.m2/repository/org/json/json/20231013/json-20231013.jar!/org/json/JSONObject.class

You may wish to exclude one of them to ensure predictable runtime behavior

2026-09-01 19:31:30.129  INFO [main] [traceId=NONE userId=NONE] c.b.config.OpenApiDocumentationTest      : Starting OpenApiDocumentationTest using Java 22.0.1 with PID 11284 (started by Hamdaan in C:\Users\Hamdaan\Downloads\bookmyshow\bookmyshow)
2026-09-01 19:31:30.130  INFO [main] [traceId=NONE userId=NONE] c.b.config.OpenApiDocumentationTest      : No active profile set, falling back to 1 default profile: "default"
2026-09-01 19:31:32.843  INFO [main] [traceId=NONE userId=NONE] .s.d.r.c.RepositoryConfigurationDelegate : Multiple Spring Data modules found, entering strict repository configuration mode
2026-09-01 19:31:32.843  INFO [main] [traceId=NONE userId=NONE] .s.d.r.c.RepositoryConfigurationDelegate : Bootstrapping Spring Data JPA repositories in DEFAULT mode.
2026-09-01 19:31:32.911  INFO [main] [traceId=NONE userId=NONE] .s.d.r.c.RepositoryConfigurationDelegate : Finished Spring Data repository scanning in 65 ms. Found 9 JPA repository interfaces.
2026-09-01 19:31:32.914  INFO [main] [traceId=NONE userId=NONE] .s.d.r.c.RepositoryConfigurationDelegate : Multiple Spring Data modules found, entering strict repository configuration mode
2026-09-01 19:31:32.914  INFO [main] [traceId=NONE userId=NONE] .s.d.r.c.RepositoryConfigurationDelegate : Bootstrapping Spring Data Redis repositories in DEFAULT mode.
2026-09-01 19:31:32.931  INFO [main] [traceId=NONE userId=NONE] .RepositoryConfigurationExtensionSupport : Spring Data Redis - Could not safely identify store assignment for repository candidate interface com.bookmyshow.repository.BookingRepository; If you want this repository to be a Redis repository, consider annotating your entities with one of these annotations: org.springframework.data.redis.core.RedisHash (preferred), or consider extending one of the following types with your repository: org.springframework.data.keyvalue.repository.KeyValueRepository
2026-09-01 19:31:32.931  INFO [main] [traceId=NONE userId=NONE] .RepositoryConfigurationExtensionSupport : Spring Data Redis - Could not safely identify store assignment for repository candidate interface com.bookmyshow.repository.BookingSeatRepository; If you want this repository to be a Redis repository, consider annotating your entities with one of these annotations: org.springframework.data.redis.core.RedisHash (preferred), or consider extending one of the following types with your repository: org.springframework.data.keyvalue.repository.KeyValueRepository
2026-09-01 19:31:32.931  INFO [main] [traceId=NONE userId=NONE] .RepositoryConfigurationExtensionSupport : Spring Data Redis - Could not safely identify store assignment for repository candidate interface com.bookmyshow.repository.MovieRepository; If you want this repository to be a Redis repository, consider annotating your entities with one of these annotations: org.springframework.data.redis.core.RedisHash (preferred), or consider extending one of the following types with your repository: org.springframework.data.keyvalue.repository.KeyValueRepository
2026-09-01 19:31:32.931  INFO [main] [traceId=NONE userId=NONE] .RepositoryConfigurationExtensionSupport : Spring Data Redis - Could not safely identify store assignment for repository candidate interface com.bookmyshow.repository.PaymentRepository; If you want this repository to be a Redis repository, consider annotating your entities with one of these annotations: org.springframework.data.redis.core.RedisHash (preferred), or consider extending one of the following types with your repository: org.springframework.data.keyvalue.repository.KeyValueRepository
2026-09-01 19:31:32.932  INFO [main] [traceId=NONE userId=NONE] .RepositoryConfigurationExtensionSupport : Spring Data Redis - Could not safely identify store assignment for repository candidate interface com.bookmyshow.repository.ScreenRepository; If you want this repository to be a Redis repository, consider annotating your entities with one of these annotations: org.springframework.data.redis.core.RedisHash (preferred), or consider extending one of the following types with your repository: org.springframework.data.keyvalue.repository.KeyValueRepository
2026-09-01 19:31:32.932  INFO [main] [traceId=NONE userId=NONE] .RepositoryConfigurationExtensionSupport : Spring Data Redis - Could not safely identify store assignment for repository candidate interface com.bookmyshow.repository.SeatRepository; If you want this repository to be a Redis repository, consider annotating your entities with one of these annotations: org.springframework.data.redis.core.RedisHash (preferred), or consider extending one of the following types with your repository: org.springframework.data.keyvalue.repository.KeyValueRepository
2026-09-01 19:31:32.932  INFO [main] [traceId=NONE userId=NONE] .RepositoryConfigurationExtensionSupport : Spring Data Redis - Could not safely identify store assignment for repository candidate interface com.bookmyshow.repository.ShowRepository; If you want this repository to be a Redis repository, consider annotating your entities with one of these annotations: org.springframework.data.redis.core.RedisHash (preferred), or consider extending one of the following types with your repository: org.springframework.data.keyvalue.repository.KeyValueRepository
2026-09-01 19:31:32.932  INFO [main] [traceId=NONE userId=NONE] .RepositoryConfigurationExtensionSupport : Spring Data Redis - Could not safely identify store assignment for repository candidate interface com.bookmyshow.repository.TheatreRepository; If you want this repository to be a Redis repository, consider annotating your entities with one of these annotations: org.springframework.data.redis.core.RedisHash (preferred), or consider extending one of the following types with your repository: org.springframework.data.keyvalue.repository.KeyValueRepository
2026-09-01 19:31:32.932  INFO [main] [traceId=NONE userId=NONE] .RepositoryConfigurationExtensionSupport : Spring Data Redis - Could not safely identify store assignment for repository candidate interface com.bookmyshow.repository.UserRepository; If you want this repository to be a Redis repository, consider annotating your entities with one of these annotations: org.springframework.data.redis.core.RedisHash (preferred), or consider extending one of the following types with your repository: org.springframework.data.keyvalue.repository.KeyValueRepository
2026-09-01 19:31:32.932  INFO [main] [traceId=NONE userId=NONE] .s.d.r.c.RepositoryConfigurationDelegate : Finished Spring Data repository scanning in 15 ms. Found 0 Redis repository interfaces.
2026-09-01 19:31:33.382  INFO [main] [traceId=NONE userId=NONE] o.hibernate.jpa.internal.util.LogHelper  : HHH000204: Processing PersistenceUnitInfo [name: default]
2026-09-01 19:31:33.413  INFO [main] [traceId=NONE userId=NONE] o.h.c.internal.RegionFactoryInitiator    : HHH000026: Second-level cache disabled
2026-09-01 19:31:33.484  INFO [main] [traceId=NONE userId=NONE] o.s.o.j.p.SpringPersistenceUnitInfo      : No LoadTimeWeaver setup: ignoring JPA class transformer
2026-09-01 19:31:33.499  INFO [main] [traceId=NONE userId=NONE] com.zaxxer.hikari.HikariDataSource       : HikariPool-2 - Starting...
2026-09-01 19:31:33.509  INFO [main] [traceId=NONE userId=NONE] com.zaxxer.hikari.pool.HikariPool        : HikariPool-2 - Added connection conn10: url=jdbc:h2:mem:bookmyshow-test user=SA
2026-09-01 19:31:33.510  INFO [main] [traceId=NONE userId=NONE] com.zaxxer.hikari.HikariDataSource       : HikariPool-2 - Start completed.
2026-09-01 19:31:33.514  INFO [main] [traceId=NONE userId=NONE] org.hibernate.orm.connections.pooling    : HHH10001005: Database info:
	Database JDBC URL [Connecting through datasource 'HikariDataSource (HikariPool-2)']
	Database driver: undefined/unknown
	Database version: 2.3.232
	Autocommit mode: undefined/unknown
	Isolation level: undefined/unknown
	Minimum pool size: undefined/unknown
	Maximum pool size: undefined/unknown
2026-09-01 19:31:34.108  INFO [main] [traceId=NONE userId=NONE] o.h.e.t.j.p.i.JtaPlatformInitiator       : HHH000489: No JTA platform available (set 'hibernate.transaction.jta.platform' to enable JTA platform integration)
2026-09-01 19:31:34.179  INFO [main] [traceId=NONE userId=NONE] j.LocalContainerEntityManagerFactoryBean : Initialized JPA EntityManagerFactory for persistence unit 'default'
2026-09-01 19:31:35.348  WARN [main] [traceId=NONE userId=NONE] com.bookmyshow.config.CacheConfig        : Redis server unreachable (Unable to connect to Redis). Falling back to embedded ConcurrentMapCacheManager.
2026-09-01 19:31:35.594  INFO [main] [traceId=NONE userId=NONE] c.b.initializer.DataInitializer          : Default Admin User created: admin@cinex.com / admin123
2026-09-01 19:31:35.707  INFO [main] [traceId=NONE userId=NONE] c.b.initializer.DataInitializer          : Default Test User created: user@cinex.com / user123
2026-09-01 19:31:35.711  INFO [main] [traceId=NONE userId=NONE] c.b.initializer.DataInitializer          : Initializing sample data for BookMyShow...
2026-09-01 19:31:35.864  INFO [main] [traceId=NONE userId=NONE] c.b.initializer.DataInitializer          : Initialization completed successfully!
2026-09-01 19:31:36.057  WARN [main] [traceId=NONE userId=NONE] .s.s.UserDetailsServiceAutoConfiguration : 

Using generated security password: a3115526-1922-4eee-8657-00bfb12a3aa2

This generated password is for development use only. Your security configuration must be updated before running your application in production.

2026-09-01 19:31:36.060  INFO [main] [traceId=NONE userId=NONE] r$InitializeUserDetailsManagerConfigurer : Global AuthenticationManager configured with UserDetailsService bean with name inMemoryUserDetailsManager
2026-09-01 19:31:36.130  INFO [main] [traceId=NONE userId=NONE] o.s.b.a.w.s.WelcomePageHandlerMapping    : Adding welcome page: class path resource [static/index.html]
2026-09-01 19:31:36.444  INFO [main] [traceId=NONE userId=NONE] o.s.b.a.e.web.EndpointLinksResolver      : Exposing 6 endpoints beneath base path '/actuator'
2026-09-01 19:31:37.423  INFO [main] [traceId=NONE userId=NONE] o.s.b.t.m.w.SpringBootMockServletContext : Initializing Spring TestDispatcherServlet ''
2026-09-01 19:31:37.423  INFO [main] [traceId=NONE userId=NONE] o.s.t.web.servlet.TestDispatcherServlet  : Initializing Servlet ''
2026-09-01 19:31:37.425  INFO [main] [traceId=NONE userId=NONE] o.s.t.web.servlet.TestDispatcherServlet  : Completed initialization in 2 ms
2026-09-01 19:31:37.474  INFO [main] [traceId=NONE userId=NONE] o.s.m.s.b.SimpleBrokerMessageHandler     : Starting...
2026-09-01 19:31:37.474  INFO [main] [traceId=NONE userId=NONE] o.s.m.s.b.SimpleBrokerMessageHandler     : BrokerAvailabilityEvent[available=true, SimpleBrokerMessageHandler [org.springframework.messaging.simp.broker.DefaultSubscriptionRegistry@4daf7de0]]
2026-09-01 19:31:37.475  INFO [main] [traceId=NONE userId=NONE] o.s.m.s.b.SimpleBrokerMessageHandler     : Started.
2026-09-01 19:31:37.492  INFO [main] [traceId=NONE userId=NONE] c.b.config.OpenApiDocumentationTest      : Started OpenApiDocumentationTest in 7.511 seconds (process running for 53.121)
2026-09-01 19:31:41.034  INFO [main] [traceId=7ba0b03a43584069 userId=ANONYMOUS] o.springdoc.api.AbstractOpenApiResource  : Init duration for springdoc-openapi is: 3345 ms
2026-09-01 19:31:41.948  INFO [main] [traceId=NONE userId=NONE] t.c.s.AnnotationConfigContextLoaderUtils : Could not detect default configuration classes for test class [com.bookmyshow.controller.SeatWebSocketControllerTest]: SeatWebSocketControllerTest does not declare any static, non-private, non-final, nested classes annotated with @Configuration.
2026-09-01 19:31:42.099  INFO [main] [traceId=NONE userId=NONE] .b.t.c.SpringBootTestContextBootstrapper : Found @SpringBootConfiguration com.bookmyshow.BookmyshowApplication for test class com.bookmyshow.controller.SeatWebSocketControllerTest
2026-09-01 19:31:42.173  WARN [main] [traceId=1c39ca34788c41b7 userId=ANONYMOUS] c.b.filter.ClerkJwtAuthenticationFilter  : Missing or invalid Authorization header on protected endpoint: /api/shows/501/seats/lock
2026-09-01 19:31:42.276  INFO [main] [traceId=1c39ca34788c41b7 userId=ANONYMOUS] com.bookmyshow.service.SeatLockService   : User [clerk-test-user] (session: [REST_CLIENT]) held seats [99, 100] for show 501
2026-09-01 19:31:42.350  WARN [main] [traceId=36b5ab23462a4a03 userId=ANONYMOUS] c.b.filter.ClerkJwtAuthenticationFilter  : Missing or invalid Authorization header on protected endpoint: /api/shows/501/seats/lock
2026-09-01 19:31:42.357  WARN [main] [traceId=36b5ab23462a4a03 userId=ANONYMOUS] com.bookmyshow.service.SeatLockService   : Seat selection rejected: Seat 100 on show 501 is already held by user clerk-test-user
2026-09-01 19:31:42.439  WARN [main] [traceId=18c6c48129c643be userId=ANONYMOUS] c.b.filter.ClerkJwtAuthenticationFilter  : Missing or invalid Authorization header on protected endpoint: /api/shows/501/seats/lock
2026-09-01 19:31:42.448  INFO [main] [traceId=18c6c48129c643be userId=ANONYMOUS] com.bookmyshow.service.SeatLockService   : Released seats [99, 100] for show 501
2026-09-01 19:31:42.508  INFO [main] [traceId=NONE userId=NONE] t.c.s.AnnotationConfigContextLoaderUtils : Could not detect default configuration classes for test class [com.bookmyshow.filter.LoggingAndMdcTest]: LoggingAndMdcTest does not declare any static, non-private, non-final, nested classes annotated with @Configuration.
2026-09-01 19:31:42.741  INFO [main] [traceId=NONE userId=NONE] .b.t.c.SpringBootTestContextBootstrapper : Found @SpringBootConfiguration com.bookmyshow.BookmyshowApplication for test class com.bookmyshow.filter.LoggingAndMdcTest
2026-09-01 19:31:42.819  INFO [main] [traceId=929916b7bfeb4acc userId=ANONYMOUS] com.bookmyshow.service.MovieService      : Cache Miss: Fetching all movies from MySQL database
2026-09-01 19:31:43.022  INFO [main] [traceId=NONE userId=NONE] t.c.s.AnnotationConfigContextLoaderUtils : Could not detect default configuration classes for test class [com.bookmyshow.filter.RateLimitingTest]: RateLimitingTest does not declare any static, non-private, non-final, nested classes annotated with @Configuration.
2026-09-01 19:31:43.036  INFO [main] [traceId=NONE userId=NONE] .b.t.c.SpringBootTestContextBootstrapper : Found @SpringBootConfiguration com.bookmyshow.BookmyshowApplication for test class com.bookmyshow.filter.RateLimitingTest
2026-09-01 19:31:43.101  WARN [main] [traceId=595d8ab971a14995 userId=ANONYMOUS] c.b.filter.ClerkJwtAuthenticationFilter  : Missing or invalid Authorization header on protected endpoint: /api/bookings
2026-09-01 19:31:43.151  WARN [main] [traceId=43a2641c8bf841d0 userId=ANONYMOUS] c.b.filter.ClerkJwtAuthenticationFilter  : Missing or invalid Authorization header on protected endpoint: /api/bookings
2026-09-01 19:31:43.156  WARN [main] [traceId=50788f3875bc4467 userId=ANONYMOUS] c.b.filter.ClerkJwtAuthenticationFilter  : Missing or invalid Authorization header on protected endpoint: /api/bookings
2026-09-01 19:31:43.165  WARN [main] [traceId=4fc9465e9f6748f2 userId=ANONYMOUS] c.b.filter.ClerkJwtAuthenticationFilter  : Missing or invalid Authorization header on protected endpoint: /api/bookings
2026-09-01 19:31:43.173  WARN [main] [traceId=2dd5ae11e3d3438d userId=ANONYMOUS] c.b.filter.ClerkJwtAuthenticationFilter  : Missing or invalid Authorization header on protected endpoint: /api/bookings
2026-09-01 19:31:43.182  WARN [main] [traceId=8971ca8877854425 userId=ANONYMOUS] c.b.filter.ClerkJwtAuthenticationFilter  : Missing or invalid Authorization header on protected endpoint: /api/bookings
2026-09-01 19:31:43.191  WARN [main] [traceId=e7f0ac66437645a5 userId=ANONYMOUS] c.b.filter.ClerkJwtAuthenticationFilter  : Missing or invalid Authorization header on protected endpoint: /api/bookings
2026-09-01 19:31:43.205  WARN [main] [traceId=d7c91d24956d4559 userId=ANONYMOUS] c.b.filter.ClerkJwtAuthenticationFilter  : Missing or invalid Authorization header on protected endpoint: /api/bookings
2026-09-01 19:31:43.219  WARN [main] [traceId=6e92b67c5ca64727 userId=ANONYMOUS] c.b.filter.ClerkJwtAuthenticationFilter  : Missing or invalid Authorization header on protected endpoint: /api/bookings
2026-09-01 19:31:43.224  WARN [main] [traceId=a61c9b87808d4aee userId=ANONYMOUS] c.b.filter.ClerkJwtAuthenticationFilter  : Missing or invalid Authorization header on protected endpoint: /api/bookings
2026-09-01 19:31:43.236  WARN [main] [traceId=c712f3e0f53b434c userId=ANONYMOUS] c.b.filter.ClerkJwtAuthenticationFilter  : Missing or invalid Authorization header on protected endpoint: /api/bookings
2026-09-01 19:31:43.240  WARN [main] [traceId=385355f943eb4ca5 userId=ANONYMOUS] c.b.filter.ClerkJwtAuthenticationFilter  : Missing or invalid Authorization header on protected endpoint: /api/bookings
2026-09-01 19:31:43.261  WARN [main] [traceId=1f80c64307ad4f30 userId=ANONYMOUS] c.b.filter.ClerkJwtAuthenticationFilter  : Missing or invalid Authorization header on protected endpoint: /api/bookings
2026-09-01 19:31:43.288  WARN [main] [traceId=b8c615a5c4d14d7b userId=ANONYMOUS] c.b.filter.ClerkJwtAuthenticationFilter  : Missing or invalid Authorization header on protected endpoint: /api/bookings
2026-09-01 19:31:43.297  WARN [main] [traceId=67e9b7e27fab495c userId=ANONYMOUS] c.b.filter.ClerkJwtAuthenticationFilter  : Missing or invalid Authorization header on protected endpoint: /api/bookings
2026-09-01 19:31:43.303  WARN [main] [traceId=44b81c7a06324f1c userId=ANONYMOUS] c.b.filter.ClerkJwtAuthenticationFilter  : Missing or invalid Authorization header on protected endpoint: /api/bookings
2026-09-01 19:31:43.307  WARN [main] [traceId=ad26b0c384ba4b03 userId=ANONYMOUS] c.b.filter.ClerkJwtAuthenticationFilter  : Missing or invalid Authorization header on protected endpoint: /api/bookings
2026-09-01 19:31:43.321  WARN [main] [traceId=d237edc2d9ea4233 userId=ANONYMOUS] c.b.filter.ClerkJwtAuthenticationFilter  : Missing or invalid Authorization header on protected endpoint: /api/bookings
2026-09-01 19:31:43.338  WARN [main] [traceId=b8f3c60798a94ecf userId=ANONYMOUS] c.b.filter.ClerkJwtAuthenticationFilter  : Missing or invalid Authorization header on protected endpoint: /api/bookings
2026-09-01 19:31:43.346  WARN [main] [traceId=ebce733a25bc4323 userId=ANONYMOUS] c.b.filter.ClerkJwtAuthenticationFilter  : Missing or invalid Authorization header on protected endpoint: /api/bookings
2026-09-01 19:31:43.353  WARN [main] [traceId=27fb9ff650e44049 userId=ANONYMOUS] com.bookmyshow.filter.RateLimitFilter    : Rate limit exceeded for client [ip:10.0.0.55:tx]. Limit: 20/min. Endpoint: /api/bookings
2026-09-01 19:31:43.454  WARN [main] [traceId=c931622fcadd495e userId=ANONYMOUS] c.b.monitoring.CineXHealthIndicator      : HealthCheck indicates Redis Cache is offline: Unable to connect to Redis
2026-09-01 19:31:43.547  INFO [main] [traceId=NONE userId=NONE] t.c.s.AnnotationConfigContextLoaderUtils : Could not detect default configuration classes for test class [com.bookmyshow.filter.SecurityHardeningTest]: SecurityHardeningTest does not declare any static, non-private, non-final, nested classes annotated with @Configuration.
2026-09-01 19:31:43.557  INFO [main] [traceId=NONE userId=NONE] .b.t.c.SpringBootTestContextBootstrapper : Found @SpringBootConfiguration com.bookmyshow.BookmyshowApplication for test class com.bookmyshow.filter.SecurityHardeningTest
2026-09-01 19:31:43.688  INFO [main] [traceId=NONE userId=NONE] t.c.s.AnnotationConfigContextLoaderUtils : Could not detect default configuration classes for test class [com.bookmyshow.monitoring.ActuatorMonitoringTest]: ActuatorMonitoringTest does not declare any static, non-private, non-final, nested classes annotated with @Configuration.
2026-09-01 19:31:43.738  INFO [main] [traceId=NONE userId=NONE] .b.t.c.SpringBootTestContextBootstrapper : Found @SpringBootConfiguration com.bookmyshow.BookmyshowApplication for test class com.bookmyshow.monitoring.ActuatorMonitoringTest
2026-09-01 19:31:45.476  WARN [main] [traceId=4f476dfa800d4cea userId=ANONYMOUS] c.b.monitoring.CineXHealthIndicator      : HealthCheck indicates Redis Cache is offline: Unable to connect to Redis
2026-09-01 19:31:45.500  INFO [main] [traceId=NONE userId=NONE] t.c.s.AnnotationConfigContextLoaderUtils : Could not detect default configuration classes for test class [com.bookmyshow.monitoring.ConnectionPoolMonitoringTest]: ConnectionPoolMonitoringTest does not declare any static, non-private, non-final, nested classes annotated with @Configuration.
2026-09-01 19:31:45.503  INFO [main] [traceId=NONE userId=NONE] .b.t.c.SpringBootTestContextBootstrapper : Found @SpringBootConfiguration com.bookmyshow.BookmyshowApplication for test class com.bookmyshow.monitoring.ConnectionPoolMonitoringTest
2026-09-01 19:31:45.534  INFO [main] [traceId=NONE userId=NONE] c.b.m.ConnectionPoolMonitoringService    : HikariCP Metrics -> Active: 0, Idle: 10, Total: 10, Waiting Threads: 0
2026-09-01 19:31:45.553  INFO [main] [traceId=NONE userId=NONE] t.c.s.AnnotationConfigContextLoaderUtils : Could not detect default configuration classes for test class [com.bookmyshow.service.AdminPlatformTest]: AdminPlatformTest does not declare any static, non-private, non-final, nested classes annotated with @Configuration.
2026-09-01 19:31:45.589  INFO [main] [traceId=NONE userId=NONE] .b.t.c.SpringBootTestContextBootstrapper : Found @SpringBootConfiguration com.bookmyshow.BookmyshowApplication for test class com.bookmyshow.service.AdminPlatformTest
2026-09-01 19:31:45.818  INFO [main] [traceId=NONE userId=NONE] com.bookmyshow.service.TheatreService    : Adding new theatre: PVR Admin Test in Mumbai
2026-09-01 19:31:45.978  INFO [main] [traceId=NONE userId=NONE] com.bookmyshow.service.MovieService      : Adding new movie: Inception Admin Test
2026-09-01 19:31:45.983  INFO [main] [traceId=NONE userId=NONE] com.bookmyshow.service.MovieService      : Updating movie id: 4
2026-09-01 19:31:46.033  INFO [main] [traceId=NONE userId=NONE] com.bookmyshow.service.MovieService      : Deleting movie id: 4
2026-09-01 19:31:46.058  INFO [main] [traceId=NONE userId=NONE] com.bookmyshow.service.MovieService      : Cache Miss: Fetching movie details for id 4 from MySQL database
2026-09-01 19:31:46.089  INFO [main] [traceId=NONE userId=NONE] t.c.s.AnnotationConfigContextLoaderUtils : Could not detect default configuration classes for test class [com.bookmyshow.service.BookingConcurrencyTest]: BookingConcurrencyTest does not declare any static, non-private, non-final, nested classes annotated with @Configuration.
2026-09-01 19:31:46.106  INFO [main] [traceId=NONE userId=NONE] .b.t.c.SpringBootTestContextBootstrapper : Found @SpringBootConfiguration com.bookmyshow.BookmyshowApplication for test class com.bookmyshow.service.BookingConcurrencyTest
2026-09-01 19:31:46.197  WARN [main] [traceId=NONE userId=NONE] ory$DuplicateJsonObjectContextCustomizer : 

Found multiple occurrences of org.json.JSONObject on the class path:

	jar:file:/C:/Users/Hamdaan/.m2/repository/com/vaadin/external/google/android-json/0.0.20131108.vaadin1/android-json-0.0.20131108.vaadin1.jar!/org/json/JSONObject.class
	jar:file:/C:/Users/Hamdaan/.m2/repository/org/json/json/20231013/json-20231013.jar!/org/json/JSONObject.class

You may wish to exclude one of them to ensure predictable runtime behavior

2026-09-01 19:31:46.205  INFO [main] [traceId=NONE userId=NONE] c.b.service.BookingConcurrencyTest       : Starting BookingConcurrencyTest using Java 22.0.1 with PID 11284 (started by Hamdaan in C:\Users\Hamdaan\Downloads\bookmyshow\bookmyshow)
2026-09-01 19:31:46.205  INFO [main] [traceId=NONE userId=NONE] c.b.service.BookingConcurrencyTest       : No active profile set, falling back to 1 default profile: "default"
2026-09-01 19:31:47.550  INFO [main] [traceId=NONE userId=NONE] .s.d.r.c.RepositoryConfigurationDelegate : Multiple Spring Data modules found, entering strict repository configuration mode
2026-09-01 19:31:47.550  INFO [main] [traceId=NONE userId=NONE] .s.d.r.c.RepositoryConfigurationDelegate : Bootstrapping Spring Data JPA repositories in DEFAULT mode.
2026-09-01 19:31:47.633  INFO [main] [traceId=NONE userId=NONE] .s.d.r.c.RepositoryConfigurationDelegate : Finished Spring Data repository scanning in 79 ms. Found 9 JPA repository interfaces.
2026-09-01 19:31:47.636  INFO [main] [traceId=NONE userId=NONE] .s.d.r.c.RepositoryConfigurationDelegate : Multiple Spring Data modules found, entering strict repository configuration mode
2026-09-01 19:31:47.637  INFO [main] [traceId=NONE userId=NONE] .s.d.r.c.RepositoryConfigurationDelegate : Bootstrapping Spring Data Redis repositories in DEFAULT mode.
2026-09-01 19:31:47.663  INFO [main] [traceId=NONE userId=NONE] .RepositoryConfigurationExtensionSupport : Spring Data Redis - Could not safely identify store assignment for repository candidate interface com.bookmyshow.repository.BookingRepository; If you want this repository to be a Redis repository, consider annotating your entities with one of these annotations: org.springframework.data.redis.core.RedisHash (preferred), or consider extending one of the following types with your repository: org.springframework.data.keyvalue.repository.KeyValueRepository
2026-09-01 19:31:47.663  INFO [main] [traceId=NONE userId=NONE] .RepositoryConfigurationExtensionSupport : Spring Data Redis - Could not safely identify store assignment for repository candidate interface com.bookmyshow.repository.BookingSeatRepository; If you want this repository to be a Redis repository, consider annotating your entities with one of these annotations: org.springframework.data.redis.core.RedisHash (preferred), or consider extending one of the following types with your repository: org.springframework.data.keyvalue.repository.KeyValueRepository
2026-09-01 19:31:47.663  INFO [main] [traceId=NONE userId=NONE] .RepositoryConfigurationExtensionSupport : Spring Data Redis - Could not safely identify store assignment for repository candidate interface com.bookmyshow.repository.MovieRepository; If you want this repository to be a Redis repository, consider annotating your entities with one of these annotations: org.springframework.data.redis.core.RedisHash (preferred), or consider extending one of the following types with your repository: org.springframework.data.keyvalue.repository.KeyValueRepository
2026-09-01 19:31:47.664  INFO [main] [traceId=NONE userId=NONE] .RepositoryConfigurationExtensionSupport : Spring Data Redis - Could not safely identify store assignment for repository candidate interface com.bookmyshow.repository.PaymentRepository; If you want this repository to be a Redis repository, consider annotating your entities with one of these annotations: org.springframework.data.redis.core.RedisHash (preferred), or consider extending one of the following types with your repository: org.springframework.data.keyvalue.repository.KeyValueRepository
2026-09-01 19:31:47.664  INFO [main] [traceId=NONE userId=NONE] .RepositoryConfigurationExtensionSupport : Spring Data Redis - Could not safely identify store assignment for repository candidate interface com.bookmyshow.repository.ScreenRepository; If you want this repository to be a Redis repository, consider annotating your entities with one of these annotations: org.springframework.data.redis.core.RedisHash (preferred), or consider extending one of the following types with your repository: org.springframework.data.keyvalue.repository.KeyValueRepository
2026-09-01 19:31:47.664  INFO [main] [traceId=NONE userId=NONE] .RepositoryConfigurationExtensionSupport : Spring Data Redis - Could not safely identify store assignment for repository candidate interface com.bookmyshow.repository.SeatRepository; If you want this repository to be a Redis repository, consider annotating your entities with one of these annotations: org.springframework.data.redis.core.RedisHash (preferred), or consider extending one of the following types with your repository: org.springframework.data.keyvalue.repository.KeyValueRepository
2026-09-01 19:31:47.664  INFO [main] [traceId=NONE userId=NONE] .RepositoryConfigurationExtensionSupport : Spring Data Redis - Could not safely identify store assignment for repository candidate interface com.bookmyshow.repository.ShowRepository; If you want this repository to be a Redis repository, consider annotating your entities with one of these annotations: org.springframework.data.redis.core.RedisHash (preferred), or consider extending one of the following types with your repository: org.springframework.data.keyvalue.repository.KeyValueRepository
2026-09-01 19:31:47.664  INFO [main] [traceId=NONE userId=NONE] .RepositoryConfigurationExtensionSupport : Spring Data Redis - Could not safely identify store assignment for repository candidate interface com.bookmyshow.repository.TheatreRepository; If you want this repository to be a Redis repository, consider annotating your entities with one of these annotations: org.springframework.data.redis.core.RedisHash (preferred), or consider extending one of the following types with your repository: org.springframework.data.keyvalue.repository.KeyValueRepository
2026-09-01 19:31:47.665  INFO [main] [traceId=NONE userId=NONE] .RepositoryConfigurationExtensionSupport : Spring Data Redis - Could not safely identify store assignment for repository candidate interface com.bookmyshow.repository.UserRepository; If you want this repository to be a Redis repository, consider annotating your entities with one of these annotations: org.springframework.data.redis.core.RedisHash (preferred), or consider extending one of the following types with your repository: org.springframework.data.keyvalue.repository.KeyValueRepository
2026-09-01 19:31:47.665  INFO [main] [traceId=NONE userId=NONE] .s.d.r.c.RepositoryConfigurationDelegate : Finished Spring Data repository scanning in 18 ms. Found 0 Redis repository interfaces.
2026-09-01 19:31:50.028  INFO [main] [traceId=NONE userId=NONE] o.hibernate.jpa.internal.util.LogHelper  : HHH000204: Processing PersistenceUnitInfo [name: default]
2026-09-01 19:31:50.052  INFO [main] [traceId=NONE userId=NONE] o.h.c.internal.RegionFactoryInitiator    : HHH000026: Second-level cache disabled
2026-09-01 19:31:50.329  INFO [main] [traceId=NONE userId=NONE] o.s.o.j.p.SpringPersistenceUnitInfo      : No LoadTimeWeaver setup: ignoring JPA class transformer
2026-09-01 19:31:50.351  INFO [main] [traceId=NONE userId=NONE] com.zaxxer.hikari.HikariDataSource       : HikariPool-3 - Starting...
2026-09-01 19:31:50.369  INFO [main] [traceId=NONE userId=NONE] com.zaxxer.hikari.pool.HikariPool        : HikariPool-3 - Added connection conn20: url=jdbc:h2:mem:bookmyshow-test user=SA
2026-09-01 19:31:50.379  INFO [main] [traceId=NONE userId=NONE] com.zaxxer.hikari.HikariDataSource       : HikariPool-3 - Start completed.
2026-09-01 19:31:50.398  INFO [main] [traceId=NONE userId=NONE] org.hibernate.orm.connections.pooling    : HHH10001005: Database info:
	Database JDBC URL [Connecting through datasource 'HikariDataSource (HikariPool-3)']
	Database driver: undefined/unknown
	Database version: 2.3.232
	Autocommit mode: undefined/unknown
	Isolation level: undefined/unknown
	Minimum pool size: undefined/unknown
	Maximum pool size: undefined/unknown
2026-09-01 19:31:52.526  INFO [main] [traceId=NONE userId=NONE] o.h.e.t.j.p.i.JtaPlatformInitiator       : HHH000489: No JTA platform available (set 'hibernate.transaction.jta.platform' to enable JTA platform integration)
2026-09-01 19:31:52.964  INFO [main] [traceId=NONE userId=NONE] j.LocalContainerEntityManagerFactoryBean : Initialized JPA EntityManagerFactory for persistence unit 'default'
2026-09-01 19:31:55.864  WARN [main] [traceId=NONE userId=NONE] com.bookmyshow.config.CacheConfig        : Redis server unreachable (Unable to connect to Redis). Falling back to embedded ConcurrentMapCacheManager.
2026-09-01 19:31:56.394  INFO [main] [traceId=NONE userId=NONE] c.b.initializer.DataInitializer          : Default Admin User created: admin@cinex.com / admin123
2026-09-01 19:31:56.560  INFO [main] [traceId=NONE userId=NONE] c.b.initializer.DataInitializer          : Default Test User created: user@cinex.com / user123
2026-09-01 19:31:56.576  INFO [main] [traceId=NONE userId=NONE] c.b.initializer.DataInitializer          : Initializing sample data for BookMyShow...
2026-09-01 19:31:56.910  INFO [main] [traceId=NONE userId=NONE] c.b.initializer.DataInitializer          : Initialization completed successfully!
2026-09-01 19:31:57.409  WARN [main] [traceId=NONE userId=NONE] .s.s.UserDetailsServiceAutoConfiguration : 

Using generated security password: 133fa3c4-5c6d-4a08-a319-0f9cee129eb2

This generated password is for development use only. Your security configuration must be updated before running your application in production.

2026-09-01 19:31:57.421  INFO [main] [traceId=NONE userId=NONE] r$InitializeUserDetailsManagerConfigurer : Global AuthenticationManager configured with UserDetailsService bean with name inMemoryUserDetailsManager
2026-09-01 19:31:57.599  INFO [main] [traceId=NONE userId=NONE] o.s.b.a.w.s.WelcomePageHandlerMapping    : Adding welcome page: class path resource [static/index.html]
2026-09-01 19:32:00.571  INFO [main] [traceId=NONE userId=NONE] o.s.b.a.e.web.EndpointLinksResolver      : Exposing 6 endpoints beneath base path '/actuator'
2026-09-01 19:32:03.702  INFO [main] [traceId=NONE userId=NONE] o.s.m.s.b.SimpleBrokerMessageHandler     : Starting...
2026-09-01 19:32:03.703  INFO [main] [traceId=NONE userId=NONE] o.s.m.s.b.SimpleBrokerMessageHandler     : BrokerAvailabilityEvent[available=true, SimpleBrokerMessageHandler [org.springframework.messaging.simp.broker.DefaultSubscriptionRegistry@329e0231]]
2026-09-01 19:32:03.703  INFO [main] [traceId=NONE userId=NONE] o.s.m.s.b.SimpleBrokerMessageHandler     : Started.
2026-09-01 19:32:03.729  INFO [main] [traceId=NONE userId=NONE] c.b.service.BookingConcurrencyTest       : Started BookingConcurrencyTest in 17.608 seconds (process running for 79.359)
2026-09-01 19:32:04.137  INFO [main] [traceId=NONE userId=NONE] t.c.s.AnnotationConfigContextLoaderUtils : Could not detect default configuration classes for test class [com.bookmyshow.service.BookingContractTest]: BookingContractTest does not declare any static, non-private, non-final, nested classes annotated with @Configuration.
2026-09-01 19:32:04.146  INFO [main] [traceId=NONE userId=NONE] .b.t.c.SpringBootTestContextBootstrapper : Found @SpringBootConfiguration com.bookmyshow.BookmyshowApplication for test class com.bookmyshow.service.BookingContractTest
2026-09-01 19:32:05.222  INFO [main] [traceId=NONE userId=NONE] t.c.s.AnnotationConfigContextLoaderUtils : Could not detect default configuration classes for test class [com.bookmyshow.service.CacheServiceTest]: CacheServiceTest does not declare any static, non-private, non-final, nested classes annotated with @Configuration.
2026-09-01 19:32:05.252  INFO [main] [traceId=NONE userId=NONE] .b.t.c.SpringBootTestContextBootstrapper : Found @SpringBootConfiguration com.bookmyshow.BookmyshowApplication for test class com.bookmyshow.service.CacheServiceTest
2026-09-01 19:32:05.289  INFO [main] [traceId=NONE userId=NONE] com.bookmyshow.service.MovieService      : Cache Miss: Fetching all movies from MySQL database
2026-09-01 19:32:05.299  INFO [main] [traceId=NONE userId=NONE] com.bookmyshow.service.MovieService      : Adding new movie: Test Cached Movie
2026-09-01 19:32:05.369  INFO [main] [traceId=NONE userId=NONE] com.bookmyshow.service.MovieService      : Cache Miss: Fetching all movies from MySQL database
2026-09-01 19:32:05.536  INFO [main] [traceId=NONE userId=NONE] t.c.s.AnnotationConfigContextLoaderUtils : Could not detect default configuration classes for test class [com.bookmyshow.service.GlobalSearchServiceTest]: GlobalSearchServiceTest does not declare any static, non-private, non-final, nested classes annotated with @Configuration.
2026-09-01 19:32:05.539  INFO [main] [traceId=NONE userId=NONE] .b.t.c.SpringBootTestContextBootstrapper : Found @SpringBootConfiguration com.bookmyshow.BookmyshowApplication for test class com.bookmyshow.service.GlobalSearchServiceTest
2026-09-01 19:32:05.621  INFO [main] [traceId=NONE userId=NONE] com.bookmyshow.service.TheatreService    : Adding new theatre: PVR Cyberhub IMAX in Gurugram
2026-09-01 19:32:05.806  INFO [main] [traceId=NONE userId=NONE] com.bookmyshow.service.MovieService      : Adding new movie: Avengers Sci-Fi Epic
2026-09-01 19:32:05.813  INFO [main] [traceId=NONE userId=NONE] com.bookmyshow.service.MovieService      : Adding new movie: Bahubali Drama
2026-09-01 19:32:05.871  INFO [main] [traceId=NONE userId=NONE] t.c.s.AnnotationConfigContextLoaderUtils : Could not detect default configuration classes for test class [com.bookmyshow.service.PaginationServiceTest]: PaginationServiceTest does not declare any static, non-private, non-final, nested classes annotated with @Configuration.
2026-09-01 19:32:05.876  INFO [main] [traceId=NONE userId=NONE] .b.t.c.SpringBootTestContextBootstrapper : Found @SpringBootConfiguration com.bookmyshow.BookmyshowApplication for test class com.bookmyshow.service.PaginationServiceTest
2026-09-01 19:32:05.935  INFO [main] [traceId=NONE userId=NONE] com.bookmyshow.service.TheatreService    : Adding new theatre: Paginated Theatre 1 in Mumbai
2026-09-01 19:32:05.937  INFO [main] [traceId=NONE userId=NONE] com.bookmyshow.service.TheatreService    : Adding new theatre: Paginated Theatre 2 in Mumbai
2026-09-01 19:32:05.938  INFO [main] [traceId=NONE userId=NONE] com.bookmyshow.service.TheatreService    : Adding new theatre: Paginated Theatre 3 in Mumbai
2026-09-01 19:32:06.023  INFO [main] [traceId=NONE userId=NONE] com.bookmyshow.service.MovieService      : Adding new movie: Paginated Movie 1
2026-09-01 19:32:06.038  INFO [main] [traceId=NONE userId=NONE] com.bookmyshow.service.MovieService      : Adding new movie: Paginated Movie 2
2026-09-01 19:32:06.054  INFO [main] [traceId=NONE userId=NONE] com.bookmyshow.service.MovieService      : Adding new movie: Paginated Movie 3
2026-09-01 19:32:06.837  INFO [main] [traceId=NONE userId=NONE] t.c.s.AnnotationConfigContextLoaderUtils : Could not detect default configuration classes for test class [com.bookmyshow.service.RazorpayPaymentServiceTest]: RazorpayPaymentServiceTest does not declare any static, non-private, non-final, nested classes annotated with @Configuration.
2026-09-01 19:32:06.869  INFO [main] [traceId=NONE userId=NONE] .b.t.c.SpringBootTestContextBootstrapper : Found @SpringBootConfiguration com.bookmyshow.BookmyshowApplication for test class com.bookmyshow.service.RazorpayPaymentServiceTest
2026-09-01 19:32:07.098  WARN [main] [traceId=NONE userId=NONE] ory$DuplicateJsonObjectContextCustomizer : 

Found multiple occurrences of org.json.JSONObject on the class path:

	jar:file:/C:/Users/Hamdaan/.m2/repository/com/vaadin/external/google/android-json/0.0.20131108.vaadin1/android-json-0.0.20131108.vaadin1.jar!/org/json/JSONObject.class
	jar:file:/C:/Users/Hamdaan/.m2/repository/org/json/json/20231013/json-20231013.jar!/org/json/JSONObject.class

You may wish to exclude one of them to ensure predictable runtime behavior

2026-09-01 19:32:07.102  INFO [main] [traceId=NONE userId=NONE] c.b.service.RazorpayPaymentServiceTest   : Starting RazorpayPaymentServiceTest using Java 22.0.1 with PID 11284 (started by Hamdaan in C:\Users\Hamdaan\Downloads\bookmyshow\bookmyshow)
2026-09-01 19:32:07.103  INFO [main] [traceId=NONE userId=NONE] c.b.service.RazorpayPaymentServiceTest   : No active profile set, falling back to 1 default profile: "default"
2026-09-01 19:32:09.330  INFO [main] [traceId=NONE userId=NONE] .s.d.r.c.RepositoryConfigurationDelegate : Multiple Spring Data modules found, entering strict repository configuration mode
2026-09-01 19:32:09.331  INFO [main] [traceId=NONE userId=NONE] .s.d.r.c.RepositoryConfigurationDelegate : Bootstrapping Spring Data JPA repositories in DEFAULT mode.
2026-09-01 19:32:09.451  INFO [main] [traceId=NONE userId=NONE] .s.d.r.c.RepositoryConfigurationDelegate : Finished Spring Data repository scanning in 115 ms. Found 9 JPA repository interfaces.
2026-09-01 19:32:09.467  INFO [main] [traceId=NONE userId=NONE] .s.d.r.c.RepositoryConfigurationDelegate : Multiple Spring Data modules found, entering strict repository configuration mode
2026-09-01 19:32:09.467  INFO [main] [traceId=NONE userId=NONE] .s.d.r.c.RepositoryConfigurationDelegate : Bootstrapping Spring Data Redis repositories in DEFAULT mode.
2026-09-01 19:32:09.517  INFO [main] [traceId=NONE userId=NONE] .RepositoryConfigurationExtensionSupport : Spring Data Redis - Could not safely identify store assignment for repository candidate interface com.bookmyshow.repository.BookingRepository; If you want this repository to be a Redis repository, consider annotating your entities with one of these annotations: org.springframework.data.redis.core.RedisHash (preferred), or consider extending one of the following types with your repository: org.springframework.data.keyvalue.repository.KeyValueRepository
2026-09-01 19:32:09.518  INFO [main] [traceId=NONE userId=NONE] .RepositoryConfigurationExtensionSupport : Spring Data Redis - Could not safely identify store assignment for repository candidate interface com.bookmyshow.repository.BookingSeatRepository; If you want this repository to be a Redis repository, consider annotating your entities with one of these annotations: org.springframework.data.redis.core.RedisHash (preferred), or consider extending one of the following types with your repository: org.springframework.data.keyvalue.repository.KeyValueRepository
2026-09-01 19:32:09.519  INFO [main] [traceId=NONE userId=NONE] .RepositoryConfigurationExtensionSupport : Spring Data Redis - Could not safely identify store assignment for repository candidate interface com.bookmyshow.repository.MovieRepository; If you want this repository to be a Redis repository, consider annotating your entities with one of these annotations: org.springframework.data.redis.core.RedisHash (preferred), or consider extending one of the following types with your repository: org.springframework.data.keyvalue.repository.KeyValueRepository
2026-09-01 19:32:09.519  INFO [main] [traceId=NONE userId=NONE] .RepositoryConfigurationExtensionSupport : Spring Data Redis - Could not safely identify store assignment for repository candidate interface com.bookmyshow.repository.PaymentRepository; If you want this repository to be a Redis repository, consider annotating your entities with one of these annotations: org.springframework.data.redis.core.RedisHash (preferred), or consider extending one of the following types with your repository: org.springframework.data.keyvalue.repository.KeyValueRepository
2026-09-01 19:32:09.520  INFO [main] [traceId=NONE userId=NONE] .RepositoryConfigurationExtensionSupport : Spring Data Redis - Could not safely identify store assignment for repository candidate interface com.bookmyshow.repository.ScreenRepository; If you want this repository to be a Redis repository, consider annotating your entities with one of these annotations: org.springframework.data.redis.core.RedisHash (preferred), or consider extending one of the following types with your repository: org.springframework.data.keyvalue.repository.KeyValueRepository
2026-09-01 19:32:09.520  INFO [main] [traceId=NONE userId=NONE] .RepositoryConfigurationExtensionSupport : Spring Data Redis - Could not safely identify store assignment for repository candidate interface com.bookmyshow.repository.SeatRepository; If you want this repository to be a Redis repository, consider annotating your entities with one of these annotations: org.springframework.data.redis.core.RedisHash (preferred), or consider extending one of the following types with your repository: org.springframework.data.keyvalue.repository.KeyValueRepository
2026-09-01 19:32:09.520  INFO [main] [traceId=NONE userId=NONE] .RepositoryConfigurationExtensionSupport : Spring Data Redis - Could not safely identify store assignment for repository candidate interface com.bookmyshow.repository.ShowRepository; If you want this repository to be a Redis repository, consider annotating your entities with one of these annotations: org.springframework.data.redis.core.RedisHash (preferred), or consider extending one of the following types with your repository: org.springframework.data.keyvalue.repository.KeyValueRepository
2026-09-01 19:32:09.521  INFO [main] [traceId=NONE userId=NONE] .RepositoryConfigurationExtensionSupport : Spring Data Redis - Could not safely identify store assignment for repository candidate interface com.bookmyshow.repository.TheatreRepository; If you want this repository to be a Redis repository, consider annotating your entities with one of these annotations: org.springframework.data.redis.core.RedisHash (preferred), or consider extending one of the following types with your repository: org.springframework.data.keyvalue.repository.KeyValueRepository
2026-09-01 19:32:09.528  INFO [main] [traceId=NONE userId=NONE] .RepositoryConfigurationExtensionSupport : Spring Data Redis - Could not safely identify store assignment for repository candidate interface com.bookmyshow.repository.UserRepository; If you want this repository to be a Redis repository, consider annotating your entities with one of these annotations: org.springframework.data.redis.core.RedisHash (preferred), or consider extending one of the following types with your repository: org.springframework.data.keyvalue.repository.KeyValueRepository
2026-09-01 19:32:09.528  INFO [main] [traceId=NONE userId=NONE] .s.d.r.c.RepositoryConfigurationDelegate : Finished Spring Data repository scanning in 58 ms. Found 0 Redis repository interfaces.
2026-09-01 19:32:11.900  INFO [main] [traceId=NONE userId=NONE] o.hibernate.jpa.internal.util.LogHelper  : HHH000204: Processing PersistenceUnitInfo [name: default]
2026-09-01 19:32:11.918  INFO [main] [traceId=NONE userId=NONE] o.h.c.internal.RegionFactoryInitiator    : HHH000026: Second-level cache disabled
2026-09-01 19:32:12.171  INFO [main] [traceId=NONE userId=NONE] o.s.o.j.p.SpringPersistenceUnitInfo      : No LoadTimeWeaver setup: ignoring JPA class transformer
2026-09-01 19:32:12.176  INFO [main] [traceId=NONE userId=NONE] com.zaxxer.hikari.HikariDataSource       : HikariPool-4 - Starting...
2026-09-01 19:32:12.179  INFO [main] [traceId=NONE userId=NONE] com.zaxxer.hikari.pool.HikariPool        : HikariPool-4 - Added connection conn30: url=jdbc:h2:mem:bookmyshow-test user=SA
2026-09-01 19:32:12.180  INFO [main] [traceId=NONE userId=NONE] com.zaxxer.hikari.HikariDataSource       : HikariPool-4 - Start completed.
2026-09-01 19:32:12.186  INFO [main] [traceId=NONE userId=NONE] org.hibernate.orm.connections.pooling    : HHH10001005: Database info:
	Database JDBC URL [Connecting through datasource 'HikariDataSource (HikariPool-4)']
	Database driver: undefined/unknown
	Database version: 2.3.232
	Autocommit mode: undefined/unknown
	Isolation level: undefined/unknown
	Minimum pool size: undefined/unknown
	Maximum pool size: undefined/unknown
2026-09-01 19:32:12.677  INFO [main] [traceId=NONE userId=NONE] o.h.e.t.j.p.i.JtaPlatformInitiator       : HHH000489: No JTA platform available (set 'hibernate.transaction.jta.platform' to enable JTA platform integration)
2026-09-01 19:32:12.768  INFO [main] [traceId=NONE userId=NONE] j.LocalContainerEntityManagerFactoryBean : Initialized JPA EntityManagerFactory for persistence unit 'default'
2026-09-01 19:32:13.503  WARN [main] [traceId=NONE userId=NONE] com.bookmyshow.config.CacheConfig        : Redis server unreachable (Unable to connect to Redis). Falling back to embedded ConcurrentMapCacheManager.
2026-09-01 19:32:13.707  INFO [main] [traceId=NONE userId=NONE] c.b.initializer.DataInitializer          : Default Admin User created: admin@cinex.com / admin123
2026-09-01 19:32:13.820  INFO [main] [traceId=NONE userId=NONE] c.b.initializer.DataInitializer          : Default Test User created: user@cinex.com / user123
2026-09-01 19:32:13.825  INFO [main] [traceId=NONE userId=NONE] c.b.initializer.DataInitializer          : Initializing sample data for BookMyShow...
2026-09-01 19:32:13.926  INFO [main] [traceId=NONE userId=NONE] c.b.initializer.DataInitializer          : Initialization completed successfully!
2026-09-01 19:32:14.103  WARN [main] [traceId=NONE userId=NONE] .s.s.UserDetailsServiceAutoConfiguration : 

Using generated security password: abb83bd3-02fb-4597-a247-facab8a91a44

This generated password is for development use only. Your security configuration must be updated before running your application in production.

2026-09-01 19:32:14.106  INFO [main] [traceId=NONE userId=NONE] r$InitializeUserDetailsManagerConfigurer : Global AuthenticationManager configured with UserDetailsService bean with name inMemoryUserDetailsManager
2026-09-01 19:32:14.181  INFO [main] [traceId=NONE userId=NONE] o.s.b.a.w.s.WelcomePageHandlerMapping    : Adding welcome page: class path resource [static/index.html]
2026-09-01 19:32:14.576  INFO [main] [traceId=NONE userId=NONE] o.s.b.a.e.web.EndpointLinksResolver      : Exposing 6 endpoints beneath base path '/actuator'
2026-09-01 19:32:15.983  INFO [main] [traceId=NONE userId=NONE] o.s.m.s.b.SimpleBrokerMessageHandler     : Starting...
2026-09-01 19:32:15.984  INFO [main] [traceId=NONE userId=NONE] o.s.m.s.b.SimpleBrokerMessageHandler     : BrokerAvailabilityEvent[available=true, SimpleBrokerMessageHandler [org.springframework.messaging.simp.broker.DefaultSubscriptionRegistry@28f52242]]
2026-09-01 19:32:15.985  INFO [main] [traceId=NONE userId=NONE] o.s.m.s.b.SimpleBrokerMessageHandler     : Started.
2026-09-01 19:32:16.010  INFO [main] [traceId=NONE userId=NONE] c.b.service.RazorpayPaymentServiceTest   : Started RazorpayPaymentServiceTest in 9.055 seconds (process running for 91.641)
2026-09-01 19:32:16.148  INFO [main] [traceId=NONE userId=NONE] com.bookmyshow.service.PaymentService    : Payment successfully verified for Booking 1 with Payment ID pay_test_987654
2026-09-01 19:32:16.175  INFO [main] [traceId=NONE userId=NONE] com.bookmyshow.service.PaymentService    : Payment successfully verified for Booking 1 with Payment ID pay_test_987654
2026-09-01 19:32:16.211  INFO [main] [traceId=NONE userId=NONE] com.bookmyshow.service.PaymentService    : Payment successfully verified for Booking 2 with Payment ID pay_test_987654
2026-09-01 19:32:16.251 ERROR [main] [traceId=NONE userId=NONE] com.bookmyshow.service.PaymentService    : HMAC SHA256 signature verification failed for Order order_test_123456 and Payment pay_test_987654
2026-09-01 19:32:16.273  INFO [main] [traceId=NONE userId=NONE] com.bookmyshow.service.PaymentService    : Cancelling payment/booking for ID 4
2026-09-01 19:32:17.194  INFO [main] [traceId=NONE userId=NONE] com.bookmyshow.service.SeatLockService   : User [user-A] (session: [session-1]) held seats [5] for show 101
2026-09-01 19:32:17.608  INFO [main] [traceId=NONE userId=NONE] com.bookmyshow.service.SeatLockService   : Broadcasting BOOKED status for seats [5] on show 101
2026-09-01 19:32:17.661  INFO [main] [traceId=NONE userId=NONE] com.bookmyshow.service.SeatLockService   : User [user-A] (session: [session-1]) held seats [1, 2] for show 101
2026-09-01 19:32:17.662  INFO [main] [traceId=NONE userId=NONE] com.bookmyshow.service.SeatLockService   : Released seats [1, 2] for show 101
2026-09-01 19:32:17.689  INFO [main] [traceId=NONE userId=NONE] com.bookmyshow.service.SeatLockService   : User [user-A] (session: [session-disconnect]) held seats [10, 11] for show 101
2026-09-01 19:32:17.690  INFO [main] [traceId=NONE userId=NONE] com.bookmyshow.service.SeatLockService   : Session [session-disconnect] disconnected. Cleaning up 2 held seats.
2026-09-01 19:32:17.747  INFO [main] [traceId=NONE userId=NONE] com.bookmyshow.service.SeatLockService   : User [user-A] (session: [session-1]) held seats [1, 2] for show 101
2026-09-01 19:32:17.747  WARN [main] [traceId=NONE userId=NONE] com.bookmyshow.service.SeatLockService   : Seat selection rejected: Seat 2 on show 101 is already held by user user-A
2026-09-01 19:32:17.787  INFO [main] [traceId=NONE userId=NONE] com.bookmyshow.service.SeatLockService   : User [user-A] (session: [session-1]) held seats [1, 2] for show 101
2026-09-01 19:32:17.943  INFO [main] [traceId=NONE userId=NONE] t.c.s.AnnotationConfigContextLoaderUtils : Could not detect default configuration classes for test class [com.bookmyshow.service.TicketServiceTest]: TicketServiceTest does not declare any static, non-private, non-final, nested classes annotated with @Configuration.
2026-09-01 19:32:17.961  INFO [main] [traceId=NONE userId=NONE] .b.t.c.SpringBootTestContextBootstrapper : Found @SpringBootConfiguration com.bookmyshow.BookmyshowApplication for test class com.bookmyshow.service.TicketServiceTest
2026-09-01 19:32:18.238  WARN [main] [traceId=NONE userId=NONE] com.bookmyshow.service.TicketService     : Verification failed: No booking found for token NON-EXISTENT-TOKEN-999
2026-09-01 19:32:18.266  WARN [main] [traceId=NONE userId=NONE] com.bookmyshow.service.TicketService     : Verification failed: Booking ID 13 is not in BOOKED state (current: FAILED)
2026-09-01 19:32:19.841  INFO [SpringApplicationShutdownHook] [traceId=NONE userId=NONE] o.s.m.s.b.SimpleBrokerMessageHandler     : Stopping...
2026-09-01 19:32:19.841  INFO [SpringApplicationShutdownHook] [traceId=NONE userId=NONE] o.s.m.s.b.SimpleBrokerMessageHandler     : BrokerAvailabilityEvent[available=false, SimpleBrokerMessageHandler [org.springframework.messaging.simp.broker.DefaultSubscriptionRegistry@163d83db]]
2026-09-01 19:32:19.841  INFO [SpringApplicationShutdownHook] [traceId=NONE userId=NONE] o.s.m.s.b.SimpleBrokerMessageHandler     : Stopped.
2026-09-01 19:32:19.926  INFO [SpringApplicationShutdownHook] [traceId=NONE userId=NONE] j.LocalContainerEntityManagerFactoryBean : Closing JPA EntityManagerFactory for persistence unit 'default'
2026-09-01 19:32:19.942  INFO [SpringApplicationShutdownHook] [traceId=NONE userId=NONE] com.zaxxer.hikari.HikariDataSource       : HikariPool-1 - Shutdown initiated...
2026-09-01 19:32:19.953  INFO [SpringApplicationShutdownHook] [traceId=NONE userId=NONE] com.zaxxer.hikari.HikariDataSource       : HikariPool-1 - Shutdown completed.
2026-09-01 19:32:19.956  INFO [SpringApplicationShutdownHook] [traceId=NONE userId=NONE] o.s.m.s.b.SimpleBrokerMessageHandler     : Stopping...
2026-09-01 19:32:19.957  INFO [SpringApplicationShutdownHook] [traceId=NONE userId=NONE] o.s.m.s.b.SimpleBrokerMessageHandler     : BrokerAvailabilityEvent[available=false, SimpleBrokerMessageHandler [org.springframework.messaging.simp.broker.DefaultSubscriptionRegistry@4daf7de0]]
2026-09-01 19:32:19.957  INFO [SpringApplicationShutdownHook] [traceId=NONE userId=NONE] o.s.m.s.b.SimpleBrokerMessageHandler     : Stopped.
2026-09-01 19:32:19.975  INFO [SpringApplicationShutdownHook] [traceId=NONE userId=NONE] j.LocalContainerEntityManagerFactoryBean : Closing JPA EntityManagerFactory for persistence unit 'default'
2026-09-01 19:32:19.976  INFO [SpringApplicationShutdownHook] [traceId=NONE userId=NONE] com.zaxxer.hikari.HikariDataSource       : HikariPool-2 - Shutdown initiated...
2026-09-01 19:32:19.978  INFO [SpringApplicationShutdownHook] [traceId=NONE userId=NONE] com.zaxxer.hikari.HikariDataSource       : HikariPool-2 - Shutdown completed.
2026-09-01 19:32:19.987  INFO [SpringApplicationShutdownHook] [traceId=NONE userId=NONE] o.s.m.s.b.SimpleBrokerMessageHandler     : Stopping...
2026-09-01 19:32:19.987  INFO [SpringApplicationShutdownHook] [traceId=NONE userId=NONE] o.s.m.s.b.SimpleBrokerMessageHandler     : BrokerAvailabilityEvent[available=false, SimpleBrokerMessageHandler [org.springframework.messaging.simp.broker.DefaultSubscriptionRegistry@329e0231]]
2026-09-01 19:32:19.987  INFO [SpringApplicationShutdownHook] [traceId=NONE userId=NONE] o.s.m.s.b.SimpleBrokerMessageHandler     : Stopped.
2026-09-01 19:32:20.006  INFO [SpringApplicationShutdownHook] [traceId=NONE userId=NONE] j.LocalContainerEntityManagerFactoryBean : Closing JPA EntityManagerFactory for persistence unit 'default'
2026-09-01 19:32:20.008  INFO [SpringApplicationShutdownHook] [traceId=NONE userId=NONE] com.zaxxer.hikari.HikariDataSource       : HikariPool-3 - Shutdown initiated...
2026-09-01 19:32:20.009  INFO [SpringApplicationShutdownHook] [traceId=NONE userId=NONE] com.zaxxer.hikari.HikariDataSource       : HikariPool-3 - Shutdown completed.
2026-09-01 19:32:20.012  INFO [SpringApplicationShutdownHook] [traceId=NONE userId=NONE] o.s.m.s.b.SimpleBrokerMessageHandler     : Stopping...
2026-09-01 19:32:20.016  INFO [SpringApplicationShutdownHook] [traceId=NONE userId=NONE] o.s.m.s.b.SimpleBrokerMessageHandler     : BrokerAvailabilityEvent[available=false, SimpleBrokerMessageHandler [org.springframework.messaging.simp.broker.DefaultSubscriptionRegistry@28f52242]]
2026-09-01 19:32:20.016  INFO [SpringApplicationShutdownHook] [traceId=NONE userId=NONE] o.s.m.s.b.SimpleBrokerMessageHandler     : Stopped.
2026-09-01 19:32:20.038  INFO [SpringApplicationShutdownHook] [traceId=NONE userId=NONE] j.LocalContainerEntityManagerFactoryBean : Closing JPA EntityManagerFactory for persistence unit 'default'
2026-09-01 19:32:20.040  INFO [SpringApplicationShutdownHook] [traceId=NONE userId=NONE] com.zaxxer.hikari.HikariDataSource       : HikariPool-4 - Shutdown initiated...
2026-09-01 19:32:20.042  INFO [SpringApplicationShutdownHook] [traceId=NONE userId=NONE] com.zaxxer.hikari.HikariDataSource       : HikariPool-4 - Shutdown completed.
2026-09-01 19:50:16.065  WARN [main] [traceId=NONE userId=NONE] ory$DuplicateJsonObjectContextCustomizer : 

Found multiple occurrences of org.json.JSONObject on the class path:

	jar:file:/C:/Users/Hamdaan/.m2/repository/com/vaadin/external/google/android-json/0.0.20131108.vaadin1/android-json-0.0.20131108.vaadin1.jar!/org/json/JSONObject.class
	jar:file:/C:/Users/Hamdaan/.m2/repository/org/json/json/20231013/json-20231013.jar!/org/json/JSONObject.class

You may wish to exclude one of them to ensure predictable runtime behavior

2026-09-01 19:50:16.114  INFO [main] [traceId=NONE userId=NONE] c.bookmyshow.BookmyshowApplicationTests  : Starting BookmyshowApplicationTests using Java 22.0.1 with PID 24140 (started by Hamdaan in C:\Users\Hamdaan\Downloads\bookmyshow\bookmyshow)
2026-09-01 19:50:16.116  INFO [main] [traceId=NONE userId=NONE] c.bookmyshow.BookmyshowApplicationTests  : No active profile set, falling back to 1 default profile: "default"
2026-09-01 19:50:19.499  INFO [main] [traceId=NONE userId=NONE] .s.d.r.c.RepositoryConfigurationDelegate : Multiple Spring Data modules found, entering strict repository configuration mode
2026-09-01 19:50:19.514  INFO [main] [traceId=NONE userId=NONE] .s.d.r.c.RepositoryConfigurationDelegate : Bootstrapping Spring Data JPA repositories in DEFAULT mode.
2026-09-01 19:50:19.902  INFO [main] [traceId=NONE userId=NONE] .s.d.r.c.RepositoryConfigurationDelegate : Finished Spring Data repository scanning in 358 ms. Found 9 JPA repository interfaces.
2026-09-01 19:50:19.941  INFO [main] [traceId=NONE userId=NONE] .s.d.r.c.RepositoryConfigurationDelegate : Multiple Spring Data modules found, entering strict repository configuration mode
2026-09-01 19:50:19.943  INFO [main] [traceId=NONE userId=NONE] .s.d.r.c.RepositoryConfigurationDelegate : Bootstrapping Spring Data Redis repositories in DEFAULT mode.
2026-09-01 19:50:19.973  INFO [main] [traceId=NONE userId=NONE] .RepositoryConfigurationExtensionSupport : Spring Data Redis - Could not safely identify store assignment for repository candidate interface com.bookmyshow.repository.BookingRepository; If you want this repository to be a Redis repository, consider annotating your entities with one of these annotations: org.springframework.data.redis.core.RedisHash (preferred), or consider extending one of the following types with your repository: org.springframework.data.keyvalue.repository.KeyValueRepository
2026-09-01 19:50:19.975  INFO [main] [traceId=NONE userId=NONE] .RepositoryConfigurationExtensionSupport : Spring Data Redis - Could not safely identify store assignment for repository candidate interface com.bookmyshow.repository.BookingSeatRepository; If you want this repository to be a Redis repository, consider annotating your entities with one of these annotations: org.springframework.data.redis.core.RedisHash (preferred), or consider extending one of the following types with your repository: org.springframework.data.keyvalue.repository.KeyValueRepository
2026-09-01 19:50:19.976  INFO [main] [traceId=NONE userId=NONE] .RepositoryConfigurationExtensionSupport : Spring Data Redis - Could not safely identify store assignment for repository candidate interface com.bookmyshow.repository.MovieRepository; If you want this repository to be a Redis repository, consider annotating your entities with one of these annotations: org.springframework.data.redis.core.RedisHash (preferred), or consider extending one of the following types with your repository: org.springframework.data.keyvalue.repository.KeyValueRepository
2026-09-01 19:50:19.977  INFO [main] [traceId=NONE userId=NONE] .RepositoryConfigurationExtensionSupport : Spring Data Redis - Could not safely identify store assignment for repository candidate interface com.bookmyshow.repository.PaymentRepository; If you want this repository to be a Redis repository, consider annotating your entities with one of these annotations: org.springframework.data.redis.core.RedisHash (preferred), or consider extending one of the following types with your repository: org.springframework.data.keyvalue.repository.KeyValueRepository
2026-09-01 19:50:19.977  INFO [main] [traceId=NONE userId=NONE] .RepositoryConfigurationExtensionSupport : Spring Data Redis - Could not safely identify store assignment for repository candidate interface com.bookmyshow.repository.ScreenRepository; If you want this repository to be a Redis repository, consider annotating your entities with one of these annotations: org.springframework.data.redis.core.RedisHash (preferred), or consider extending one of the following types with your repository: org.springframework.data.keyvalue.repository.KeyValueRepository
2026-09-01 19:50:19.978  INFO [main] [traceId=NONE userId=NONE] .RepositoryConfigurationExtensionSupport : Spring Data Redis - Could not safely identify store assignment for repository candidate interface com.bookmyshow.repository.SeatRepository; If you want this repository to be a Redis repository, consider annotating your entities with one of these annotations: org.springframework.data.redis.core.RedisHash (preferred), or consider extending one of the following types with your repository: org.springframework.data.keyvalue.repository.KeyValueRepository
2026-09-01 19:50:19.979  INFO [main] [traceId=NONE userId=NONE] .RepositoryConfigurationExtensionSupport : Spring Data Redis - Could not safely identify store assignment for repository candidate interface com.bookmyshow.repository.ShowRepository; If you want this repository to be a Redis repository, consider annotating your entities with one of these annotations: org.springframework.data.redis.core.RedisHash (preferred), or consider extending one of the following types with your repository: org.springframework.data.keyvalue.repository.KeyValueRepository
2026-09-01 19:50:19.980  INFO [main] [traceId=NONE userId=NONE] .RepositoryConfigurationExtensionSupport : Spring Data Redis - Could not safely identify store assignment for repository candidate interface com.bookmyshow.repository.TheatreRepository; If you want this repository to be a Redis repository, consider annotating your entities with one of these annotations: org.springframework.data.redis.core.RedisHash (preferred), or consider extending one of the following types with your repository: org.springframework.data.keyvalue.repository.KeyValueRepository
2026-09-01 19:50:19.981  INFO [main] [traceId=NONE userId=NONE] .RepositoryConfigurationExtensionSupport : Spring Data Redis - Could not safely identify store assignment for repository candidate interface com.bookmyshow.repository.UserRepository; If you want this repository to be a Redis repository, consider annotating your entities with one of these annotations: org.springframework.data.redis.core.RedisHash (preferred), or consider extending one of the following types with your repository: org.springframework.data.keyvalue.repository.KeyValueRepository
2026-09-01 19:50:19.981  INFO [main] [traceId=NONE userId=NONE] .s.d.r.c.RepositoryConfigurationDelegate : Finished Spring Data repository scanning in 21 ms. Found 0 Redis repository interfaces.
2026-09-01 19:50:21.723  INFO [main] [traceId=NONE userId=NONE] o.hibernate.jpa.internal.util.LogHelper  : HHH000204: Processing PersistenceUnitInfo [name: default]
2026-09-01 19:50:21.912  INFO [main] [traceId=NONE userId=NONE] org.hibernate.Version                    : HHH000412: Hibernate ORM core version 6.6.13.Final
2026-09-01 19:50:22.033  INFO [main] [traceId=NONE userId=NONE] o.h.c.internal.RegionFactoryInitiator    : HHH000026: Second-level cache disabled
2026-09-01 19:50:22.861  INFO [main] [traceId=NONE userId=NONE] o.s.o.j.p.SpringPersistenceUnitInfo      : No LoadTimeWeaver setup: ignoring JPA class transformer
2026-09-01 19:50:22.957  INFO [main] [traceId=NONE userId=NONE] com.zaxxer.hikari.HikariDataSource       : HikariPool-1 - Starting...
2026-09-01 19:50:23.548  INFO [main] [traceId=NONE userId=NONE] com.zaxxer.hikari.pool.HikariPool        : HikariPool-1 - Added connection conn0: url=jdbc:h2:mem:bookmyshow-test user=SA
2026-09-01 19:50:23.563  INFO [main] [traceId=NONE userId=NONE] com.zaxxer.hikari.HikariDataSource       : HikariPool-1 - Start completed.
2026-09-01 19:50:23.663  INFO [main] [traceId=NONE userId=NONE] org.hibernate.orm.connections.pooling    : HHH10001005: Database info:
	Database JDBC URL [Connecting through datasource 'HikariDataSource (HikariPool-1)']
	Database driver: undefined/unknown
	Database version: 2.3.232
	Autocommit mode: undefined/unknown
	Isolation level: undefined/unknown
	Minimum pool size: undefined/unknown
	Maximum pool size: undefined/unknown
2026-09-01 19:50:25.887  INFO [main] [traceId=NONE userId=NONE] o.h.e.t.j.p.i.JtaPlatformInitiator       : HHH000489: No JTA platform available (set 'hibernate.transaction.jta.platform' to enable JTA platform integration)
2026-09-01 19:50:26.012  INFO [main] [traceId=NONE userId=NONE] j.LocalContainerEntityManagerFactoryBean : Initialized JPA EntityManagerFactory for persistence unit 'default'
2026-09-01 19:50:27.344  INFO [main] [traceId=NONE userId=NONE] o.s.d.j.r.query.QueryEnhancerFactory     : Hibernate is in classpath; If applicable, HQL parser will be used.
2026-09-01 19:50:30.225  WARN [main] [traceId=NONE userId=NONE] com.bookmyshow.config.CacheConfig        : Redis server unreachable (Unable to connect to Redis). Falling back to embedded ConcurrentMapCacheManager.
2026-09-01 19:50:31.605  INFO [main] [traceId=NONE userId=NONE] c.b.initializer.DataInitializer          : Default Admin User created: admin@cinex.com / admin123
2026-09-01 19:50:31.702  INFO [main] [traceId=NONE userId=NONE] c.b.initializer.DataInitializer          : Default Test User created: user@cinex.com / user123
2026-09-01 19:50:31.723  INFO [main] [traceId=NONE userId=NONE] c.b.initializer.DataInitializer          : Initializing sample data for BookMyShow...
2026-09-01 19:50:31.846  INFO [main] [traceId=NONE userId=NONE] c.b.initializer.DataInitializer          : Initialization completed successfully!
2026-09-01 19:50:32.202  WARN [main] [traceId=NONE userId=NONE] .s.s.UserDetailsServiceAutoConfiguration : 

Using generated security password: c979ef5e-b5c7-41aa-bd33-09e903b93063

This generated password is for development use only. Your security configuration must be updated before running your application in production.

2026-09-01 19:50:32.219  INFO [main] [traceId=NONE userId=NONE] r$InitializeUserDetailsManagerConfigurer : Global AuthenticationManager configured with UserDetailsService bean with name inMemoryUserDetailsManager
2026-09-01 19:50:32.638  INFO [main] [traceId=NONE userId=NONE] o.s.b.a.w.s.WelcomePageHandlerMapping    : Adding welcome page: class path resource [static/index.html]
2026-09-01 19:50:33.316  INFO [main] [traceId=NONE userId=NONE] o.s.b.a.e.web.EndpointLinksResolver      : Exposing 6 endpoints beneath base path '/actuator'
2026-09-01 19:50:35.132  INFO [main] [traceId=NONE userId=NONE] o.s.m.s.b.SimpleBrokerMessageHandler     : Starting...
2026-09-01 19:50:35.133  INFO [main] [traceId=NONE userId=NONE] o.s.m.s.b.SimpleBrokerMessageHandler     : BrokerAvailabilityEvent[available=true, SimpleBrokerMessageHandler [org.springframework.messaging.simp.broker.DefaultSubscriptionRegistry@6db7b7fb]]
2026-09-01 19:50:35.135  INFO [main] [traceId=NONE userId=NONE] o.s.m.s.b.SimpleBrokerMessageHandler     : Started.
2026-09-01 19:50:35.165  INFO [main] [traceId=NONE userId=NONE] c.bookmyshow.BookmyshowApplicationTests  : Started BookmyshowApplicationTests in 20.147 seconds (process running for 22.691)
2026-09-01 19:50:36.122  INFO [main] [traceId=NONE userId=NONE] t.c.s.AnnotationConfigContextLoaderUtils : Could not detect default configuration classes for test class [com.bookmyshow.config.OpenApiDocumentationTest]: OpenApiDocumentationTest does not declare any static, non-private, non-final, nested classes annotated with @Configuration.
2026-09-01 19:50:36.197  INFO [main] [traceId=NONE userId=NONE] .b.t.c.SpringBootTestContextBootstrapper : Found @SpringBootConfiguration com.bookmyshow.BookmyshowApplication for test class com.bookmyshow.config.OpenApiDocumentationTest
2026-09-01 19:50:36.263  WARN [main] [traceId=NONE userId=NONE] ory$DuplicateJsonObjectContextCustomizer : 

Found multiple occurrences of org.json.JSONObject on the class path:

	jar:file:/C:/Users/Hamdaan/.m2/repository/com/vaadin/external/google/android-json/0.0.20131108.vaadin1/android-json-0.0.20131108.vaadin1.jar!/org/json/JSONObject.class
	jar:file:/C:/Users/Hamdaan/.m2/repository/org/json/json/20231013/json-20231013.jar!/org/json/JSONObject.class

You may wish to exclude one of them to ensure predictable runtime behavior

2026-09-01 19:50:36.265  INFO [main] [traceId=NONE userId=NONE] c.b.config.OpenApiDocumentationTest      : Starting OpenApiDocumentationTest using Java 22.0.1 with PID 24140 (started by Hamdaan in C:\Users\Hamdaan\Downloads\bookmyshow\bookmyshow)
2026-09-01 19:50:36.266  INFO [main] [traceId=NONE userId=NONE] c.b.config.OpenApiDocumentationTest      : No active profile set, falling back to 1 default profile: "default"
2026-09-01 19:50:37.167  INFO [main] [traceId=NONE userId=NONE] .s.d.r.c.RepositoryConfigurationDelegate : Multiple Spring Data modules found, entering strict repository configuration mode
2026-09-01 19:50:37.167  INFO [main] [traceId=NONE userId=NONE] .s.d.r.c.RepositoryConfigurationDelegate : Bootstrapping Spring Data JPA repositories in DEFAULT mode.
2026-09-01 19:50:37.216  INFO [main] [traceId=NONE userId=NONE] .s.d.r.c.RepositoryConfigurationDelegate : Finished Spring Data repository scanning in 46 ms. Found 9 JPA repository interfaces.
2026-09-01 19:50:37.218  INFO [main] [traceId=NONE userId=NONE] .s.d.r.c.RepositoryConfigurationDelegate : Multiple Spring Data modules found, entering strict repository configuration mode
2026-09-01 19:50:37.219  INFO [main] [traceId=NONE userId=NONE] .s.d.r.c.RepositoryConfigurationDelegate : Bootstrapping Spring Data Redis repositories in DEFAULT mode.
2026-09-01 19:50:37.233  INFO [main] [traceId=NONE userId=NONE] .RepositoryConfigurationExtensionSupport : Spring Data Redis - Could not safely identify store assignment for repository candidate interface com.bookmyshow.repository.BookingRepository; If you want this repository to be a Redis repository, consider annotating your entities with one of these annotations: org.springframework.data.redis.core.RedisHash (preferred), or consider extending one of the following types with your repository: org.springframework.data.keyvalue.repository.KeyValueRepository
2026-09-01 19:50:37.234  INFO [main] [traceId=NONE userId=NONE] .RepositoryConfigurationExtensionSupport : Spring Data Redis - Could not safely identify store assignment for repository candidate interface com.bookmyshow.repository.BookingSeatRepository; If you want this repository to be a Redis repository, consider annotating your entities with one of these annotations: org.springframework.data.redis.core.RedisHash (preferred), or consider extending one of the following types with your repository: org.springframework.data.keyvalue.repository.KeyValueRepository
2026-09-01 19:50:37.234  INFO [main] [traceId=NONE userId=NONE] .RepositoryConfigurationExtensionSupport : Spring Data Redis - Could not safely identify store assignment for repository candidate interface com.bookmyshow.repository.MovieRepository; If you want this repository to be a Redis repository, consider annotating your entities with one of these annotations: org.springframework.data.redis.core.RedisHash (preferred), or consider extending one of the following types with your repository: org.springframework.data.keyvalue.repository.KeyValueRepository
2026-09-01 19:50:37.234  INFO [main] [traceId=NONE userId=NONE] .RepositoryConfigurationExtensionSupport : Spring Data Redis - Could not safely identify store assignment for repository candidate interface com.bookmyshow.repository.PaymentRepository; If you want this repository to be a Redis repository, consider annotating your entities with one of these annotations: org.springframework.data.redis.core.RedisHash (preferred), or consider extending one of the following types with your repository: org.springframework.data.keyvalue.repository.KeyValueRepository
2026-09-01 19:50:37.235  INFO [main] [traceId=NONE userId=NONE] .RepositoryConfigurationExtensionSupport : Spring Data Redis - Could not safely identify store assignment for repository candidate interface com.bookmyshow.repository.ScreenRepository; If you want this repository to be a Redis repository, consider annotating your entities with one of these annotations: org.springframework.data.redis.core.RedisHash (preferred), or consider extending one of the following types with your repository: org.springframework.data.keyvalue.repository.KeyValueRepository
2026-09-01 19:50:37.235  INFO [main] [traceId=NONE userId=NONE] .RepositoryConfigurationExtensionSupport : Spring Data Redis - Could not safely identify store assignment for repository candidate interface com.bookmyshow.repository.SeatRepository; If you want this repository to be a Redis repository, consider annotating your entities with one of these annotations: org.springframework.data.redis.core.RedisHash (preferred), or consider extending one of the following types with your repository: org.springframework.data.keyvalue.repository.KeyValueRepository
2026-09-01 19:50:37.235  INFO [main] [traceId=NONE userId=NONE] .RepositoryConfigurationExtensionSupport : Spring Data Redis - Could not safely identify store assignment for repository candidate interface com.bookmyshow.repository.ShowRepository; If you want this repository to be a Redis repository, consider annotating your entities with one of these annotations: org.springframework.data.redis.core.RedisHash (preferred), or consider extending one of the following types with your repository: org.springframework.data.keyvalue.repository.KeyValueRepository
2026-09-01 19:50:37.235  INFO [main] [traceId=NONE userId=NONE] .RepositoryConfigurationExtensionSupport : Spring Data Redis - Could not safely identify store assignment for repository candidate interface com.bookmyshow.repository.TheatreRepository; If you want this repository to be a Redis repository, consider annotating your entities with one of these annotations: org.springframework.data.redis.core.RedisHash (preferred), or consider extending one of the following types with your repository: org.springframework.data.keyvalue.repository.KeyValueRepository
2026-09-01 19:50:37.235  INFO [main] [traceId=NONE userId=NONE] .RepositoryConfigurationExtensionSupport : Spring Data Redis - Could not safely identify store assignment for repository candidate interface com.bookmyshow.repository.UserRepository; If you want this repository to be a Redis repository, consider annotating your entities with one of these annotations: org.springframework.data.redis.core.RedisHash (preferred), or consider extending one of the following types with your repository: org.springframework.data.keyvalue.repository.KeyValueRepository
2026-09-01 19:50:37.236  INFO [main] [traceId=NONE userId=NONE] .s.d.r.c.RepositoryConfigurationDelegate : Finished Spring Data repository scanning in 14 ms. Found 0 Redis repository interfaces.
2026-09-01 19:50:37.464  INFO [main] [traceId=NONE userId=NONE] o.hibernate.jpa.internal.util.LogHelper  : HHH000204: Processing PersistenceUnitInfo [name: default]
2026-09-01 19:50:37.471  INFO [main] [traceId=NONE userId=NONE] o.h.c.internal.RegionFactoryInitiator    : HHH000026: Second-level cache disabled
2026-09-01 19:50:37.496  INFO [main] [traceId=NONE userId=NONE] o.s.o.j.p.SpringPersistenceUnitInfo      : No LoadTimeWeaver setup: ignoring JPA class transformer
2026-09-01 19:50:37.498  INFO [main] [traceId=NONE userId=NONE] com.zaxxer.hikari.HikariDataSource       : HikariPool-2 - Starting...
2026-09-01 19:50:37.500  INFO [main] [traceId=NONE userId=NONE] com.zaxxer.hikari.pool.HikariPool        : HikariPool-2 - Added connection conn10: url=jdbc:h2:mem:bookmyshow-test user=SA
2026-09-01 19:50:37.500  INFO [main] [traceId=NONE userId=NONE] com.zaxxer.hikari.HikariDataSource       : HikariPool-2 - Start completed.
2026-09-01 19:50:37.501  INFO [main] [traceId=NONE userId=NONE] org.hibernate.orm.connections.pooling    : HHH10001005: Database info:
	Database JDBC URL [Connecting through datasource 'HikariDataSource (HikariPool-2)']
	Database driver: undefined/unknown
	Database version: 2.3.232
	Autocommit mode: undefined/unknown
	Isolation level: undefined/unknown
	Minimum pool size: undefined/unknown
	Maximum pool size: undefined/unknown
2026-09-01 19:50:37.701  INFO [main] [traceId=NONE userId=NONE] o.h.e.t.j.p.i.JtaPlatformInitiator       : HHH000489: No JTA platform available (set 'hibernate.transaction.jta.platform' to enable JTA platform integration)
2026-09-01 19:50:37.753  INFO [main] [traceId=NONE userId=NONE] j.LocalContainerEntityManagerFactoryBean : Initialized JPA EntityManagerFactory for persistence unit 'default'
2026-09-01 19:50:38.394  WARN [main] [traceId=NONE userId=NONE] com.bookmyshow.config.CacheConfig        : Redis server unreachable (Unable to connect to Redis). Falling back to embedded ConcurrentMapCacheManager.
2026-09-01 19:50:38.584  INFO [main] [traceId=NONE userId=NONE] c.b.initializer.DataInitializer          : Default Admin User created: admin@cinex.com / admin123
2026-09-01 19:50:38.683  INFO [main] [traceId=NONE userId=NONE] c.b.initializer.DataInitializer          : Default Test User created: user@cinex.com / user123
2026-09-01 19:50:38.687  INFO [main] [traceId=NONE userId=NONE] c.b.initializer.DataInitializer          : Initializing sample data for BookMyShow...
2026-09-01 19:50:38.795  INFO [main] [traceId=NONE userId=NONE] c.b.initializer.DataInitializer          : Initialization completed successfully!
2026-09-01 19:50:38.931  WARN [main] [traceId=NONE userId=NONE] .s.s.UserDetailsServiceAutoConfiguration : 

Using generated security password: 44e5a666-7286-44f4-ad89-3d1eecdbdab3

This generated password is for development use only. Your security configuration must be updated before running your application in production.

2026-09-01 19:50:38.933  INFO [main] [traceId=NONE userId=NONE] r$InitializeUserDetailsManagerConfigurer : Global AuthenticationManager configured with UserDetailsService bean with name inMemoryUserDetailsManager
2026-09-01 19:50:38.995  INFO [main] [traceId=NONE userId=NONE] o.s.b.a.w.s.WelcomePageHandlerMapping    : Adding welcome page: class path resource [static/index.html]
2026-09-01 19:50:39.305  INFO [main] [traceId=NONE userId=NONE] o.s.b.a.e.web.EndpointLinksResolver      : Exposing 6 endpoints beneath base path '/actuator'
2026-09-01 19:50:40.087  INFO [main] [traceId=NONE userId=NONE] o.s.b.t.m.w.SpringBootMockServletContext : Initializing Spring TestDispatcherServlet ''
2026-09-01 19:50:40.088  INFO [main] [traceId=NONE userId=NONE] o.s.t.web.servlet.TestDispatcherServlet  : Initializing Servlet ''
2026-09-01 19:50:40.093  INFO [main] [traceId=NONE userId=NONE] o.s.t.web.servlet.TestDispatcherServlet  : Completed initialization in 4 ms
2026-09-01 19:50:40.134  INFO [main] [traceId=NONE userId=NONE] o.s.m.s.b.SimpleBrokerMessageHandler     : Starting...
2026-09-01 19:50:40.134  INFO [main] [traceId=NONE userId=NONE] o.s.m.s.b.SimpleBrokerMessageHandler     : BrokerAvailabilityEvent[available=true, SimpleBrokerMessageHandler [org.springframework.messaging.simp.broker.DefaultSubscriptionRegistry@29ed26bd]]
2026-09-01 19:50:40.135  INFO [main] [traceId=NONE userId=NONE] o.s.m.s.b.SimpleBrokerMessageHandler     : Started.
2026-09-01 19:50:40.143  INFO [main] [traceId=NONE userId=NONE] c.b.config.OpenApiDocumentationTest      : Started OpenApiDocumentationTest in 3.939 seconds (process running for 27.67)
2026-09-01 19:50:41.818  INFO [main] [traceId=3cf1fbec1dda43bb userId=ANONYMOUS] o.springdoc.api.AbstractOpenApiResource  : Init duration for springdoc-openapi is: 1503 ms
2026-09-01 19:50:42.000  INFO [main] [traceId=NONE userId=NONE] t.c.s.AnnotationConfigContextLoaderUtils : Could not detect default configuration classes for test class [com.bookmyshow.controller.SeatWebSocketControllerTest]: SeatWebSocketControllerTest does not declare any static, non-private, non-final, nested classes annotated with @Configuration.
2026-09-01 19:50:42.048  INFO [main] [traceId=NONE userId=NONE] .b.t.c.SpringBootTestContextBootstrapper : Found @SpringBootConfiguration com.bookmyshow.BookmyshowApplication for test class com.bookmyshow.controller.SeatWebSocketControllerTest
2026-09-01 19:50:42.066  WARN [main] [traceId=54c2b58e7f794245 userId=ANONYMOUS] c.b.filter.ClerkJwtAuthenticationFilter  : Missing or invalid Authorization header on protected endpoint: /api/shows/501/seats/lock
2026-09-01 19:50:42.099  INFO [main] [traceId=54c2b58e7f794245 userId=ANONYMOUS] com.bookmyshow.service.SeatLockService   : User [clerk-test-user] (session: [REST_CLIENT]) held seats [99, 100] for show 501
2026-09-01 19:50:42.132  WARN [main] [traceId=9858bdbd5dff42e9 userId=ANONYMOUS] c.b.filter.ClerkJwtAuthenticationFilter  : Missing or invalid Authorization header on protected endpoint: /api/shows/501/seats/lock
2026-09-01 19:50:42.138  WARN [main] [traceId=9858bdbd5dff42e9 userId=ANONYMOUS] com.bookmyshow.service.SeatLockService   : Seat selection rejected: Seat 100 on show 501 is already held by user clerk-test-user
2026-09-01 19:50:42.167  WARN [main] [traceId=880b71ec00044580 userId=ANONYMOUS] c.b.filter.ClerkJwtAuthenticationFilter  : Missing or invalid Authorization header on protected endpoint: /api/shows/501/seats/lock
2026-09-01 19:50:42.174  INFO [main] [traceId=880b71ec00044580 userId=ANONYMOUS] com.bookmyshow.service.SeatLockService   : Released seats [99, 100] for show 501
2026-09-01 19:50:42.197  INFO [main] [traceId=NONE userId=NONE] t.c.s.AnnotationConfigContextLoaderUtils : Could not detect default configuration classes for test class [com.bookmyshow.controller.ShowSeatApiTest]: ShowSeatApiTest does not declare any static, non-private, non-final, nested classes annotated with @Configuration.
2026-09-01 19:50:42.205  INFO [main] [traceId=NONE userId=NONE] .b.t.c.SpringBootTestContextBootstrapper : Found @SpringBootConfiguration com.bookmyshow.BookmyshowApplication for test class com.bookmyshow.controller.ShowSeatApiTest
2026-09-01 19:50:42.318  INFO [main] [traceId=7f299292fc6c4287 userId=ANONYMOUS] com.bookmyshow.service.ShowService       : Cache Miss: Fetching shows for movie id 1 from MySQL database
2026-09-01 19:50:42.449  INFO [main] [traceId=NONE userId=NONE] t.c.s.AnnotationConfigContextLoaderUtils : Could not detect default configuration classes for test class [com.bookmyshow.filter.LoggingAndMdcTest]: LoggingAndMdcTest does not declare any static, non-private, non-final, nested classes annotated with @Configuration.
2026-09-01 19:50:42.495  INFO [main] [traceId=NONE userId=NONE] .b.t.c.SpringBootTestContextBootstrapper : Found @SpringBootConfiguration com.bookmyshow.BookmyshowApplication for test class com.bookmyshow.filter.LoggingAndMdcTest
2026-09-01 19:50:42.513  INFO [main] [traceId=c6b1a7b56f0e42ce userId=ANONYMOUS] com.bookmyshow.service.MovieService      : Cache Miss: Fetching all movies from MySQL database
2026-09-01 19:50:42.579  INFO [main] [traceId=NONE userId=NONE] t.c.s.AnnotationConfigContextLoaderUtils : Could not detect default configuration classes for test class [com.bookmyshow.filter.RateLimitingTest]: RateLimitingTest does not declare any static, non-private, non-final, nested classes annotated with @Configuration.
2026-09-01 19:50:42.583  INFO [main] [traceId=NONE userId=NONE] .b.t.c.SpringBootTestContextBootstrapper : Found @SpringBootConfiguration com.bookmyshow.BookmyshowApplication for test class com.bookmyshow.filter.RateLimitingTest
2026-09-01 19:50:42.623  WARN [main] [traceId=355ba375519e408a userId=ANONYMOUS] c.b.filter.ClerkJwtAuthenticationFilter  : Missing or invalid Authorization header on protected endpoint: /api/bookings
2026-09-01 19:50:42.635  WARN [main] [traceId=c3daf3d11a0642a6 userId=ANONYMOUS] c.b.filter.ClerkJwtAuthenticationFilter  : Missing or invalid Authorization header on protected endpoint: /api/bookings
2026-09-01 19:50:42.642  WARN [main] [traceId=2063897d64dc491a userId=ANONYMOUS] c.b.filter.ClerkJwtAuthenticationFilter  : Missing or invalid Authorization header on protected endpoint: /api/bookings
2026-09-01 19:50:42.647  WARN [main] [traceId=db31b1ebe9df445a userId=ANONYMOUS] c.b.filter.ClerkJwtAuthenticationFilter  : Missing or invalid Authorization header on protected endpoint: /api/bookings
2026-09-01 19:50:42.650  WARN [main] [traceId=14b1c12156244c0d userId=ANONYMOUS] c.b.filter.ClerkJwtAuthenticationFilter  : Missing or invalid Authorization header on protected endpoint: /api/bookings
2026-09-01 19:50:42.656  WARN [main] [traceId=b35dd53715a74349 userId=ANONYMOUS] c.b.filter.ClerkJwtAuthenticationFilter  : Missing or invalid Authorization header on protected endpoint: /api/bookings
2026-09-01 19:50:42.659  WARN [main] [traceId=27a3d018088a4cae userId=ANONYMOUS] c.b.filter.ClerkJwtAuthenticationFilter  : Missing or invalid Authorization header on protected endpoint: /api/bookings
2026-09-01 19:50:42.663  WARN [main] [traceId=c4eb15ac2a714946 userId=ANONYMOUS] c.b.filter.ClerkJwtAuthenticationFilter  : Missing or invalid Authorization header on protected endpoint: /api/bookings
2026-09-01 19:50:42.667  WARN [main] [traceId=6a067b6cabf64e30 userId=ANONYMOUS] c.b.filter.ClerkJwtAuthenticationFilter  : Missing or invalid Authorization header on protected endpoint: /api/bookings
2026-09-01 19:50:42.673  WARN [main] [traceId=2589b745557a450d userId=ANONYMOUS] c.b.filter.ClerkJwtAuthenticationFilter  : Missing or invalid Authorization header on protected endpoint: /api/bookings
2026-09-01 19:50:42.676  WARN [main] [traceId=9416fac59e9943dc userId=ANONYMOUS] c.b.filter.ClerkJwtAuthenticationFilter  : Missing or invalid Authorization header on protected endpoint: /api/bookings
2026-09-01 19:50:42.679  WARN [main] [traceId=c579824aa74e4579 userId=ANONYMOUS] c.b.filter.ClerkJwtAuthenticationFilter  : Missing or invalid Authorization header on protected endpoint: /api/bookings
2026-09-01 19:50:42.683  WARN [main] [traceId=e89e816330794bdf userId=ANONYMOUS] c.b.filter.ClerkJwtAuthenticationFilter  : Missing or invalid Authorization header on protected endpoint: /api/bookings
2026-09-01 19:50:42.690  WARN [main] [traceId=9d6e7d78eb494adf userId=ANONYMOUS] c.b.filter.ClerkJwtAuthenticationFilter  : Missing or invalid Authorization header on protected endpoint: /api/bookings
2026-09-01 19:50:42.693  WARN [main] [traceId=862d0074397f485d userId=ANONYMOUS] c.b.filter.ClerkJwtAuthenticationFilter  : Missing or invalid Authorization header on protected endpoint: /api/bookings
2026-09-01 19:50:42.697  WARN [main] [traceId=6c57d6fe7881401d userId=ANONYMOUS] c.b.filter.ClerkJwtAuthenticationFilter  : Missing or invalid Authorization header on protected endpoint: /api/bookings
2026-09-01 19:50:42.700  WARN [main] [traceId=0e71a73fdc0a45f6 userId=ANONYMOUS] c.b.filter.ClerkJwtAuthenticationFilter  : Missing or invalid Authorization header on protected endpoint: /api/bookings
2026-09-01 19:50:42.706  WARN [main] [traceId=e752317dcb1d45d8 userId=ANONYMOUS] c.b.filter.ClerkJwtAuthenticationFilter  : Missing or invalid Authorization header on protected endpoint: /api/bookings
2026-09-01 19:50:42.709  WARN [main] [traceId=ad4eefb3ede74fdb userId=ANONYMOUS] c.b.filter.ClerkJwtAuthenticationFilter  : Missing or invalid Authorization header on protected endpoint: /api/bookings
2026-09-01 19:50:42.712  WARN [main] [traceId=7431f995a9914274 userId=ANONYMOUS] c.b.filter.ClerkJwtAuthenticationFilter  : Missing or invalid Authorization header on protected endpoint: /api/bookings
2026-09-01 19:50:42.715  WARN [main] [traceId=f8dbdb63bd8e4673 userId=ANONYMOUS] com.bookmyshow.filter.RateLimitFilter    : Rate limit exceeded for client [ip:10.0.0.55:tx]. Limit: 20/min. Endpoint: /api/bookings
2026-09-01 19:50:42.767  WARN [main] [traceId=47bafb9d844148e3 userId=ANONYMOUS] c.b.monitoring.CineXHealthIndicator      : HealthCheck indicates Redis Cache is offline: Unable to connect to Redis
2026-09-01 19:50:42.842  INFO [main] [traceId=NONE userId=NONE] t.c.s.AnnotationConfigContextLoaderUtils : Could not detect default configuration classes for test class [com.bookmyshow.filter.SecurityHardeningTest]: SecurityHardeningTest does not declare any static, non-private, non-final, nested classes annotated with @Configuration.
2026-09-01 19:50:42.848  INFO [main] [traceId=NONE userId=NONE] .b.t.c.SpringBootTestContextBootstrapper : Found @SpringBootConfiguration com.bookmyshow.BookmyshowApplication for test class com.bookmyshow.filter.SecurityHardeningTest
2026-09-01 19:50:42.890  INFO [main] [traceId=NONE userId=NONE] t.c.s.AnnotationConfigContextLoaderUtils : Could not detect default configuration classes for test class [com.bookmyshow.monitoring.ActuatorMonitoringTest]: ActuatorMonitoringTest does not declare any static, non-private, non-final, nested classes annotated with @Configuration.
2026-09-01 19:50:42.912  INFO [main] [traceId=NONE userId=NONE] .b.t.c.SpringBootTestContextBootstrapper : Found @SpringBootConfiguration com.bookmyshow.BookmyshowApplication for test class com.bookmyshow.monitoring.ActuatorMonitoringTest
2026-09-01 19:50:43.718  WARN [main] [traceId=e12bf61a4d7d4f11 userId=ANONYMOUS] c.b.monitoring.CineXHealthIndicator      : HealthCheck indicates Redis Cache is offline: Unable to connect to Redis
2026-09-01 19:50:43.732  INFO [main] [traceId=NONE userId=NONE] t.c.s.AnnotationConfigContextLoaderUtils : Could not detect default configuration classes for test class [com.bookmyshow.monitoring.ConnectionPoolMonitoringTest]: ConnectionPoolMonitoringTest does not declare any static, non-private, non-final, nested classes annotated with @Configuration.
2026-09-01 19:50:43.737  INFO [main] [traceId=NONE userId=NONE] .b.t.c.SpringBootTestContextBootstrapper : Found @SpringBootConfiguration com.bookmyshow.BookmyshowApplication for test class com.bookmyshow.monitoring.ConnectionPoolMonitoringTest
2026-09-01 19:50:43.756  INFO [main] [traceId=NONE userId=NONE] c.b.m.ConnectionPoolMonitoringService    : HikariCP Metrics -> Active: 0, Idle: 10, Total: 10, Waiting Threads: 0
2026-09-01 19:50:43.772  INFO [main] [traceId=NONE userId=NONE] t.c.s.AnnotationConfigContextLoaderUtils : Could not detect default configuration classes for test class [com.bookmyshow.service.AdminPlatformTest]: AdminPlatformTest does not declare any static, non-private, non-final, nested classes annotated with @Configuration.
2026-09-01 19:50:43.796  INFO [main] [traceId=NONE userId=NONE] .b.t.c.SpringBootTestContextBootstrapper : Found @SpringBootConfiguration com.bookmyshow.BookmyshowApplication for test class com.bookmyshow.service.AdminPlatformTest
2026-09-01 19:50:43.926  INFO [main] [traceId=NONE userId=NONE] com.bookmyshow.service.TheatreService    : Adding new theatre: PVR Admin Test in Mumbai
2026-09-01 19:50:44.004  INFO [main] [traceId=NONE userId=NONE] com.bookmyshow.service.MovieService      : Adding new movie: Inception Admin Test
2026-09-01 19:50:44.006  INFO [main] [traceId=NONE userId=NONE] com.bookmyshow.service.MovieService      : Updating movie id: 4
2026-09-01 19:50:44.036  INFO [main] [traceId=NONE userId=NONE] com.bookmyshow.service.MovieService      : Deleting movie id: 4
2026-09-01 19:50:44.053  INFO [main] [traceId=NONE userId=NONE] com.bookmyshow.service.MovieService      : Cache Miss: Fetching movie details for id 4 from MySQL database
2026-09-01 19:50:44.079  INFO [main] [traceId=NONE userId=NONE] t.c.s.AnnotationConfigContextLoaderUtils : Could not detect default configuration classes for test class [com.bookmyshow.service.BookingConcurrencyTest]: BookingConcurrencyTest does not declare any static, non-private, non-final, nested classes annotated with @Configuration.
2026-09-01 19:50:44.092  INFO [main] [traceId=NONE userId=NONE] .b.t.c.SpringBootTestContextBootstrapper : Found @SpringBootConfiguration com.bookmyshow.BookmyshowApplication for test class com.bookmyshow.service.BookingConcurrencyTest
2026-09-01 19:50:44.139  WARN [main] [traceId=NONE userId=NONE] ory$DuplicateJsonObjectContextCustomizer : 

Found multiple occurrences of org.json.JSONObject on the class path:

	jar:file:/C:/Users/Hamdaan/.m2/repository/com/vaadin/external/google/android-json/0.0.20131108.vaadin1/android-json-0.0.20131108.vaadin1.jar!/org/json/JSONObject.class
	jar:file:/C:/Users/Hamdaan/.m2/repository/org/json/json/20231013/json-20231013.jar!/org/json/JSONObject.class

You may wish to exclude one of them to ensure predictable runtime behavior

2026-09-01 19:50:44.141  INFO [main] [traceId=NONE userId=NONE] c.b.service.BookingConcurrencyTest       : Starting BookingConcurrencyTest using Java 22.0.1 with PID 24140 (started by Hamdaan in C:\Users\Hamdaan\Downloads\bookmyshow\bookmyshow)
2026-09-01 19:50:44.142  INFO [main] [traceId=NONE userId=NONE] c.b.service.BookingConcurrencyTest       : No active profile set, falling back to 1 default profile: "default"
2026-09-01 19:50:44.739  INFO [main] [traceId=NONE userId=NONE] .s.d.r.c.RepositoryConfigurationDelegate : Multiple Spring Data modules found, entering strict repository configuration mode
2026-09-01 19:50:44.739  INFO [main] [traceId=NONE userId=NONE] .s.d.r.c.RepositoryConfigurationDelegate : Bootstrapping Spring Data JPA repositories in DEFAULT mode.
2026-09-01 19:50:44.777  INFO [main] [traceId=NONE userId=NONE] .s.d.r.c.RepositoryConfigurationDelegate : Finished Spring Data repository scanning in 36 ms. Found 9 JPA repository interfaces.
2026-09-01 19:50:44.780  INFO [main] [traceId=NONE userId=NONE] .s.d.r.c.RepositoryConfigurationDelegate : Multiple Spring Data modules found, entering strict repository configuration mode
2026-09-01 19:50:44.780  INFO [main] [traceId=NONE userId=NONE] .s.d.r.c.RepositoryConfigurationDelegate : Bootstrapping Spring Data Redis repositories in DEFAULT mode.
2026-09-01 19:50:44.790  INFO [main] [traceId=NONE userId=NONE] .RepositoryConfigurationExtensionSupport : Spring Data Redis - Could not safely identify store assignment for repository candidate interface com.bookmyshow.repository.BookingRepository; If you want this repository to be a Redis repository, consider annotating your entities with one of these annotations: org.springframework.data.redis.core.RedisHash (preferred), or consider extending one of the following types with your repository: org.springframework.data.keyvalue.repository.KeyValueRepository
2026-09-01 19:50:44.791  INFO [main] [traceId=NONE userId=NONE] .RepositoryConfigurationExtensionSupport : Spring Data Redis - Could not safely identify store assignment for repository candidate interface com.bookmyshow.repository.BookingSeatRepository; If you want this repository to be a Redis repository, consider annotating your entities with one of these annotations: org.springframework.data.redis.core.RedisHash (preferred), or consider extending one of the following types with your repository: org.springframework.data.keyvalue.repository.KeyValueRepository
2026-09-01 19:50:44.791  INFO [main] [traceId=NONE userId=NONE] .RepositoryConfigurationExtensionSupport : Spring Data Redis - Could not safely identify store assignment for repository candidate interface com.bookmyshow.repository.MovieRepository; If you want this repository to be a Redis repository, consider annotating your entities with one of these annotations: org.springframework.data.redis.core.RedisHash (preferred), or consider extending one of the following types with your repository: org.springframework.data.keyvalue.repository.KeyValueRepository
2026-09-01 19:50:44.791  INFO [main] [traceId=NONE userId=NONE] .RepositoryConfigurationExtensionSupport : Spring Data Redis - Could not safely identify store assignment for repository candidate interface com.bookmyshow.repository.PaymentRepository; If you want this repository to be a Redis repository, consider annotating your entities with one of these annotations: org.springframework.data.redis.core.RedisHash (preferred), or consider extending one of the following types with your repository: org.springframework.data.keyvalue.repository.KeyValueRepository
2026-09-01 19:50:44.791  INFO [main] [traceId=NONE userId=NONE] .RepositoryConfigurationExtensionSupport : Spring Data Redis - Could not safely identify store assignment for repository candidate interface com.bookmyshow.repository.ScreenRepository; If you want this repository to be a Redis repository, consider annotating your entities with one of these annotations: org.springframework.data.redis.core.RedisHash (preferred), or consider extending one of the following types with your repository: org.springframework.data.keyvalue.repository.KeyValueRepository
2026-09-01 19:50:44.792  INFO [main] [traceId=NONE userId=NONE] .RepositoryConfigurationExtensionSupport : Spring Data Redis - Could not safely identify store assignment for repository candidate interface com.bookmyshow.repository.SeatRepository; If you want this repository to be a Redis repository, consider annotating your entities with one of these annotations: org.springframework.data.redis.core.RedisHash (preferred), or consider extending one of the following types with your repository: org.springframework.data.keyvalue.repository.KeyValueRepository
2026-09-01 19:50:44.792  INFO [main] [traceId=NONE userId=NONE] .RepositoryConfigurationExtensionSupport : Spring Data Redis - Could not safely identify store assignment for repository candidate interface com.bookmyshow.repository.ShowRepository; If you want this repository to be a Redis repository, consider annotating your entities with one of these annotations: org.springframework.data.redis.core.RedisHash (preferred), or consider extending one of the following types with your repository: org.springframework.data.keyvalue.repository.KeyValueRepository
2026-09-01 19:50:44.792  INFO [main] [traceId=NONE userId=NONE] .RepositoryConfigurationExtensionSupport : Spring Data Redis - Could not safely identify store assignment for repository candidate interface com.bookmyshow.repository.TheatreRepository; If you want this repository to be a Redis repository, consider annotating your entities with one of these annotations: org.springframework.data.redis.core.RedisHash (preferred), or consider extending one of the following types with your repository: org.springframework.data.keyvalue.repository.KeyValueRepository
2026-09-01 19:50:44.792  INFO [main] [traceId=NONE userId=NONE] .RepositoryConfigurationExtensionSupport : Spring Data Redis - Could not safely identify store assignment for repository candidate interface com.bookmyshow.repository.UserRepository; If you want this repository to be a Redis repository, consider annotating your entities with one of these annotations: org.springframework.data.redis.core.RedisHash (preferred), or consider extending one of the following types with your repository: org.springframework.data.keyvalue.repository.KeyValueRepository
2026-09-01 19:50:44.792  INFO [main] [traceId=NONE userId=NONE] .s.d.r.c.RepositoryConfigurationDelegate : Finished Spring Data repository scanning in 10 ms. Found 0 Redis repository interfaces.
2026-09-01 19:50:45.726  INFO [main] [traceId=NONE userId=NONE] o.hibernate.jpa.internal.util.LogHelper  : HHH000204: Processing PersistenceUnitInfo [name: default]
2026-09-01 19:50:45.747  INFO [main] [traceId=NONE userId=NONE] o.h.c.internal.RegionFactoryInitiator    : HHH000026: Second-level cache disabled
2026-09-01 19:50:45.809  INFO [main] [traceId=NONE userId=NONE] o.s.o.j.p.SpringPersistenceUnitInfo      : No LoadTimeWeaver setup: ignoring JPA class transformer
2026-09-01 19:50:45.813  INFO [main] [traceId=NONE userId=NONE] com.zaxxer.hikari.HikariDataSource       : HikariPool-3 - Starting...
2026-09-01 19:50:45.816  INFO [main] [traceId=NONE userId=NONE] com.zaxxer.hikari.pool.HikariPool        : HikariPool-3 - Added connection conn20: url=jdbc:h2:mem:bookmyshow-test user=SA
2026-09-01 19:50:45.819  INFO [main] [traceId=NONE userId=NONE] com.zaxxer.hikari.HikariDataSource       : HikariPool-3 - Start completed.
2026-09-01 19:50:45.823  INFO [main] [traceId=NONE userId=NONE] org.hibernate.orm.connections.pooling    : HHH10001005: Database info:
	Database JDBC URL [Connecting through datasource 'HikariDataSource (HikariPool-3)']
	Database driver: undefined/unknown
	Database version: 2.3.232
	Autocommit mode: undefined/unknown
	Isolation level: undefined/unknown
	Minimum pool size: undefined/unknown
	Maximum pool size: undefined/unknown
2026-09-01 19:50:46.224  INFO [main] [traceId=NONE userId=NONE] o.h.e.t.j.p.i.JtaPlatformInitiator       : HHH000489: No JTA platform available (set 'hibernate.transaction.jta.platform' to enable JTA platform integration)
2026-09-01 19:50:46.325  INFO [main] [traceId=NONE userId=NONE] j.LocalContainerEntityManagerFactoryBean : Initialized JPA EntityManagerFactory for persistence unit 'default'
2026-09-01 19:50:47.529  WARN [main] [traceId=NONE userId=NONE] com.bookmyshow.config.CacheConfig        : Redis server unreachable (Unable to connect to Redis). Falling back to embedded ConcurrentMapCacheManager.
2026-09-01 19:50:47.793  INFO [main] [traceId=NONE userId=NONE] c.b.initializer.DataInitializer          : Default Admin User created: admin@cinex.com / admin123
2026-09-01 19:50:47.894  INFO [main] [traceId=NONE userId=NONE] c.b.initializer.DataInitializer          : Default Test User created: user@cinex.com / user123
2026-09-01 19:50:47.901  INFO [main] [traceId=NONE userId=NONE] c.b.initializer.DataInitializer          : Initializing sample data for BookMyShow...
2026-09-01 19:50:48.044  INFO [main] [traceId=NONE userId=NONE] c.b.initializer.DataInitializer          : Initialization completed successfully!
2026-09-01 19:50:48.302  WARN [main] [traceId=NONE userId=NONE] .s.s.UserDetailsServiceAutoConfiguration : 

Using generated security password: efdc5e0d-a5fc-4993-88cb-4cf1cfe8ea4f

This generated password is for development use only. Your security configuration must be updated before running your application in production.

2026-09-01 19:50:48.308  INFO [main] [traceId=NONE userId=NONE] r$InitializeUserDetailsManagerConfigurer : Global AuthenticationManager configured with UserDetailsService bean with name inMemoryUserDetailsManager
2026-09-01 19:50:48.426  INFO [main] [traceId=NONE userId=NONE] o.s.b.a.w.s.WelcomePageHandlerMapping    : Adding welcome page: class path resource [static/index.html]
2026-09-01 19:50:48.907  INFO [main] [traceId=NONE userId=NONE] o.s.b.a.e.web.EndpointLinksResolver      : Exposing 6 endpoints beneath base path '/actuator'
2026-09-01 19:50:50.369  INFO [main] [traceId=NONE userId=NONE] o.s.m.s.b.SimpleBrokerMessageHandler     : Starting...
2026-09-01 19:50:50.369  INFO [main] [traceId=NONE userId=NONE] o.s.m.s.b.SimpleBrokerMessageHandler     : BrokerAvailabilityEvent[available=true, SimpleBrokerMessageHandler [org.springframework.messaging.simp.broker.DefaultSubscriptionRegistry@196107bc]]
2026-09-01 19:50:50.370  INFO [main] [traceId=NONE userId=NONE] o.s.m.s.b.SimpleBrokerMessageHandler     : Started.
2026-09-01 19:50:50.389  INFO [main] [traceId=NONE userId=NONE] c.b.service.BookingConcurrencyTest       : Started BookingConcurrencyTest in 6.292 seconds (process running for 37.915)
2026-09-01 19:50:50.642  INFO [main] [traceId=NONE userId=NONE] t.c.s.AnnotationConfigContextLoaderUtils : Could not detect default configuration classes for test class [com.bookmyshow.service.BookingContractTest]: BookingContractTest does not declare any static, non-private, non-final, nested classes annotated with @Configuration.
2026-09-01 19:50:50.650  INFO [main] [traceId=NONE userId=NONE] .b.t.c.SpringBootTestContextBootstrapper : Found @SpringBootConfiguration com.bookmyshow.BookmyshowApplication for test class com.bookmyshow.service.BookingContractTest
2026-09-01 19:50:50.992  INFO [main] [traceId=NONE userId=NONE] t.c.s.AnnotationConfigContextLoaderUtils : Could not detect default configuration classes for test class [com.bookmyshow.service.CacheServiceTest]: CacheServiceTest does not declare any static, non-private, non-final, nested classes annotated with @Configuration.
2026-09-01 19:50:50.999  INFO [main] [traceId=NONE userId=NONE] .b.t.c.SpringBootTestContextBootstrapper : Found @SpringBootConfiguration com.bookmyshow.BookmyshowApplication for test class com.bookmyshow.service.CacheServiceTest
2026-09-01 19:50:51.016  INFO [main] [traceId=NONE userId=NONE] com.bookmyshow.service.MovieService      : Cache Miss: Fetching all movies from MySQL database
2026-09-01 19:50:51.021  INFO [main] [traceId=NONE userId=NONE] com.bookmyshow.service.MovieService      : Adding new movie: Test Cached Movie
2026-09-01 19:50:51.048  INFO [main] [traceId=NONE userId=NONE] com.bookmyshow.service.MovieService      : Cache Miss: Fetching all movies from MySQL database
2026-09-01 19:50:51.092  INFO [main] [traceId=NONE userId=NONE] t.c.s.AnnotationConfigContextLoaderUtils : Could not detect default configuration classes for test class [com.bookmyshow.service.GlobalSearchServiceTest]: GlobalSearchServiceTest does not declare any static, non-private, non-final, nested classes annotated with @Configuration.
2026-09-01 19:50:51.099  INFO [main] [traceId=NONE userId=NONE] .b.t.c.SpringBootTestContextBootstrapper : Found @SpringBootConfiguration com.bookmyshow.BookmyshowApplication for test class com.bookmyshow.service.GlobalSearchServiceTest
2026-09-01 19:50:51.176  INFO [main] [traceId=NONE userId=NONE] com.bookmyshow.service.TheatreService    : Adding new theatre: PVR Cyberhub IMAX in Gurugram
2026-09-01 19:50:51.321  INFO [main] [traceId=NONE userId=NONE] com.bookmyshow.service.MovieService      : Adding new movie: Avengers Sci-Fi Epic
2026-09-01 19:50:51.322  INFO [main] [traceId=NONE userId=NONE] com.bookmyshow.service.MovieService      : Adding new movie: Bahubali Drama
2026-09-01 19:50:51.358  INFO [main] [traceId=NONE userId=NONE] t.c.s.AnnotationConfigContextLoaderUtils : Could not detect default configuration classes for test class [com.bookmyshow.service.PaginationServiceTest]: PaginationServiceTest does not declare any static, non-private, non-final, nested classes annotated with @Configuration.
2026-09-01 19:50:51.365  INFO [main] [traceId=NONE userId=NONE] .b.t.c.SpringBootTestContextBootstrapper : Found @SpringBootConfiguration com.bookmyshow.BookmyshowApplication for test class com.bookmyshow.service.PaginationServiceTest
2026-09-01 19:50:51.388  INFO [main] [traceId=NONE userId=NONE] com.bookmyshow.service.TheatreService    : Adding new theatre: Paginated Theatre 1 in Mumbai
2026-09-01 19:50:51.390  INFO [main] [traceId=NONE userId=NONE] com.bookmyshow.service.TheatreService    : Adding new theatre: Paginated Theatre 2 in Mumbai
2026-09-01 19:50:51.391  INFO [main] [traceId=NONE userId=NONE] com.bookmyshow.service.TheatreService    : Adding new theatre: Paginated Theatre 3 in Mumbai
2026-09-01 19:50:51.423  INFO [main] [traceId=NONE userId=NONE] com.bookmyshow.service.MovieService      : Adding new movie: Paginated Movie 1
2026-09-01 19:50:51.427  INFO [main] [traceId=NONE userId=NONE] com.bookmyshow.service.MovieService      : Adding new movie: Paginated Movie 2
2026-09-01 19:50:51.431  INFO [main] [traceId=NONE userId=NONE] com.bookmyshow.service.MovieService      : Adding new movie: Paginated Movie 3
2026-09-01 19:50:51.572  INFO [main] [traceId=NONE userId=NONE] t.c.s.AnnotationConfigContextLoaderUtils : Could not detect default configuration classes for test class [com.bookmyshow.service.RazorpayPaymentServiceTest]: RazorpayPaymentServiceTest does not declare any static, non-private, non-final, nested classes annotated with @Configuration.
2026-09-01 19:50:51.580  INFO [main] [traceId=NONE userId=NONE] .b.t.c.SpringBootTestContextBootstrapper : Found @SpringBootConfiguration com.bookmyshow.BookmyshowApplication for test class com.bookmyshow.service.RazorpayPaymentServiceTest
2026-09-01 19:50:51.648  WARN [main] [traceId=NONE userId=NONE] ory$DuplicateJsonObjectContextCustomizer : 

Found multiple occurrences of org.json.JSONObject on the class path:

	jar:file:/C:/Users/Hamdaan/.m2/repository/com/vaadin/external/google/android-json/0.0.20131108.vaadin1/android-json-0.0.20131108.vaadin1.jar!/org/json/JSONObject.class
	jar:file:/C:/Users/Hamdaan/.m2/repository/org/json/json/20231013/json-20231013.jar!/org/json/JSONObject.class

You may wish to exclude one of them to ensure predictable runtime behavior

2026-09-01 19:50:51.652  INFO [main] [traceId=NONE userId=NONE] c.b.service.RazorpayPaymentServiceTest   : Starting RazorpayPaymentServiceTest using Java 22.0.1 with PID 24140 (started by Hamdaan in C:\Users\Hamdaan\Downloads\bookmyshow\bookmyshow)
2026-09-01 19:50:51.652  INFO [main] [traceId=NONE userId=NONE] c.b.service.RazorpayPaymentServiceTest   : No active profile set, falling back to 1 default profile: "default"
2026-09-01 19:50:52.770  INFO [main] [traceId=NONE userId=NONE] .s.d.r.c.RepositoryConfigurationDelegate : Multiple Spring Data modules found, entering strict repository configuration mode
2026-09-01 19:50:52.771  INFO [main] [traceId=NONE userId=NONE] .s.d.r.c.RepositoryConfigurationDelegate : Bootstrapping Spring Data JPA repositories in DEFAULT mode.
2026-09-01 19:50:52.821  INFO [main] [traceId=NONE userId=NONE] .s.d.r.c.RepositoryConfigurationDelegate : Finished Spring Data repository scanning in 47 ms. Found 9 JPA repository interfaces.
2026-09-01 19:50:52.830  INFO [main] [traceId=NONE userId=NONE] .s.d.r.c.RepositoryConfigurationDelegate : Multiple Spring Data modules found, entering strict repository configuration mode
2026-09-01 19:50:52.830  INFO [main] [traceId=NONE userId=NONE] .s.d.r.c.RepositoryConfigurationDelegate : Bootstrapping Spring Data Redis repositories in DEFAULT mode.
2026-09-01 19:50:52.844  INFO [main] [traceId=NONE userId=NONE] .RepositoryConfigurationExtensionSupport : Spring Data Redis - Could not safely identify store assignment for repository candidate interface com.bookmyshow.repository.BookingRepository; If you want this repository to be a Redis repository, consider annotating your entities with one of these annotations: org.springframework.data.redis.core.RedisHash (preferred), or consider extending one of the following types with your repository: org.springframework.data.keyvalue.repository.KeyValueRepository
2026-09-01 19:50:52.845  INFO [main] [traceId=NONE userId=NONE] .RepositoryConfigurationExtensionSupport : Spring Data Redis - Could not safely identify store assignment for repository candidate interface com.bookmyshow.repository.BookingSeatRepository; If you want this repository to be a Redis repository, consider annotating your entities with one of these annotations: org.springframework.data.redis.core.RedisHash (preferred), or consider extending one of the following types with your repository: org.springframework.data.keyvalue.repository.KeyValueRepository
2026-09-01 19:50:52.846  INFO [main] [traceId=NONE userId=NONE] .RepositoryConfigurationExtensionSupport : Spring Data Redis - Could not safely identify store assignment for repository candidate interface com.bookmyshow.repository.MovieRepository; If you want this repository to be a Redis repository, consider annotating your entities with one of these annotations: org.springframework.data.redis.core.RedisHash (preferred), or consider extending one of the following types with your repository: org.springframework.data.keyvalue.repository.KeyValueRepository
2026-09-01 19:50:52.846  INFO [main] [traceId=NONE userId=NONE] .RepositoryConfigurationExtensionSupport : Spring Data Redis - Could not safely identify store assignment for repository candidate interface com.bookmyshow.repository.PaymentRepository; If you want this repository to be a Redis repository, consider annotating your entities with one of these annotations: org.springframework.data.redis.core.RedisHash (preferred), or consider extending one of the following types with your repository: org.springframework.data.keyvalue.repository.KeyValueRepository
2026-09-01 19:50:52.847  INFO [main] [traceId=NONE userId=NONE] .RepositoryConfigurationExtensionSupport : Spring Data Redis - Could not safely identify store assignment for repository candidate interface com.bookmyshow.repository.ScreenRepository; If you want this repository to be a Redis repository, consider annotating your entities with one of these annotations: org.springframework.data.redis.core.RedisHash (preferred), or consider extending one of the following types with your repository: org.springframework.data.keyvalue.repository.KeyValueRepository
2026-09-01 19:50:52.848  INFO [main] [traceId=NONE userId=NONE] .RepositoryConfigurationExtensionSupport : Spring Data Redis - Could not safely identify store assignment for repository candidate interface com.bookmyshow.repository.SeatRepository; If you want this repository to be a Redis repository, consider annotating your entities with one of these annotations: org.springframework.data.redis.core.RedisHash (preferred), or consider extending one of the following types with your repository: org.springframework.data.keyvalue.repository.KeyValueRepository
2026-09-01 19:50:52.849  INFO [main] [traceId=NONE userId=NONE] .RepositoryConfigurationExtensionSupport : Spring Data Redis - Could not safely identify store assignment for repository candidate interface com.bookmyshow.repository.ShowRepository; If you want this repository to be a Redis repository, consider annotating your entities with one of these annotations: org.springframework.data.redis.core.RedisHash (preferred), or consider extending one of the following types with your repository: org.springframework.data.keyvalue.repository.KeyValueRepository
2026-09-01 19:50:52.850  INFO [main] [traceId=NONE userId=NONE] .RepositoryConfigurationExtensionSupport : Spring Data Redis - Could not safely identify store assignment for repository candidate interface com.bookmyshow.repository.TheatreRepository; If you want this repository to be a Redis repository, consider annotating your entities with one of these annotations: org.springframework.data.redis.core.RedisHash (preferred), or consider extending one of the following types with your repository: org.springframework.data.keyvalue.repository.KeyValueRepository
2026-09-01 19:50:52.851  INFO [main] [traceId=NONE userId=NONE] .RepositoryConfigurationExtensionSupport : Spring Data Redis - Could not safely identify store assignment for repository candidate interface com.bookmyshow.repository.UserRepository; If you want this repository to be a Redis repository, consider annotating your entities with one of these annotations: org.springframework.data.redis.core.RedisHash (preferred), or consider extending one of the following types with your repository: org.springframework.data.keyvalue.repository.KeyValueRepository
2026-09-01 19:50:52.851  INFO [main] [traceId=NONE userId=NONE] .s.d.r.c.RepositoryConfigurationDelegate : Finished Spring Data repository scanning in 18 ms. Found 0 Redis repository interfaces.
2026-09-01 19:50:53.211  INFO [main] [traceId=NONE userId=NONE] o.hibernate.jpa.internal.util.LogHelper  : HHH000204: Processing PersistenceUnitInfo [name: default]
2026-09-01 19:50:53.222  INFO [main] [traceId=NONE userId=NONE] o.h.c.internal.RegionFactoryInitiator    : HHH000026: Second-level cache disabled
2026-09-01 19:50:53.256  INFO [main] [traceId=NONE userId=NONE] o.s.o.j.p.SpringPersistenceUnitInfo      : No LoadTimeWeaver setup: ignoring JPA class transformer
2026-09-01 19:50:53.259  INFO [main] [traceId=NONE userId=NONE] com.zaxxer.hikari.HikariDataSource       : HikariPool-4 - Starting...
2026-09-01 19:50:53.263  INFO [main] [traceId=NONE userId=NONE] com.zaxxer.hikari.pool.HikariPool        : HikariPool-4 - Added connection conn30: url=jdbc:h2:mem:bookmyshow-test user=SA
2026-09-01 19:50:53.263  INFO [main] [traceId=NONE userId=NONE] com.zaxxer.hikari.HikariDataSource       : HikariPool-4 - Start completed.
2026-09-01 19:50:53.264  INFO [main] [traceId=NONE userId=NONE] org.hibernate.orm.connections.pooling    : HHH10001005: Database info:
	Database JDBC URL [Connecting through datasource 'HikariDataSource (HikariPool-4)']
	Database driver: undefined/unknown
	Database version: 2.3.232
	Autocommit mode: undefined/unknown
	Isolation level: undefined/unknown
	Minimum pool size: undefined/unknown
	Maximum pool size: undefined/unknown
2026-09-01 19:50:53.488  INFO [main] [traceId=NONE userId=NONE] o.h.e.t.j.p.i.JtaPlatformInitiator       : HHH000489: No JTA platform available (set 'hibernate.transaction.jta.platform' to enable JTA platform integration)
2026-09-01 19:50:53.519  INFO [main] [traceId=NONE userId=NONE] j.LocalContainerEntityManagerFactoryBean : Initialized JPA EntityManagerFactory for persistence unit 'default'
2026-09-01 19:50:54.422  WARN [main] [traceId=NONE userId=NONE] com.bookmyshow.config.CacheConfig        : Redis server unreachable (Unable to connect to Redis). Falling back to embedded ConcurrentMapCacheManager.
2026-09-01 19:50:54.634  INFO [main] [traceId=NONE userId=NONE] c.b.initializer.DataInitializer          : Default Admin User created: admin@cinex.com / admin123
2026-09-01 19:50:54.723  INFO [main] [traceId=NONE userId=NONE] c.b.initializer.DataInitializer          : Default Test User created: user@cinex.com / user123
2026-09-01 19:50:54.728  INFO [main] [traceId=NONE userId=NONE] c.b.initializer.DataInitializer          : Initializing sample data for BookMyShow...
2026-09-01 19:50:54.815  INFO [main] [traceId=NONE userId=NONE] c.b.initializer.DataInitializer          : Initialization completed successfully!
2026-09-01 19:50:55.031  WARN [main] [traceId=NONE userId=NONE] .s.s.UserDetailsServiceAutoConfiguration : 

Using generated security password: 719c7534-5e00-4b3b-9349-0b9f3c960a00

This generated password is for development use only. Your security configuration must be updated before running your application in production.

2026-09-01 19:50:55.036  INFO [main] [traceId=NONE userId=NONE] r$InitializeUserDetailsManagerConfigurer : Global AuthenticationManager configured with UserDetailsService bean with name inMemoryUserDetailsManager
2026-09-01 19:50:55.144  INFO [main] [traceId=NONE userId=NONE] o.s.b.a.w.s.WelcomePageHandlerMapping    : Adding welcome page: class path resource [static/index.html]
2026-09-01 19:50:55.594  INFO [main] [traceId=NONE userId=NONE] o.s.b.a.e.web.EndpointLinksResolver      : Exposing 6 endpoints beneath base path '/actuator'
2026-09-01 19:50:56.586  INFO [main] [traceId=NONE userId=NONE] o.s.m.s.b.SimpleBrokerMessageHandler     : Starting...
2026-09-01 19:50:56.587  INFO [main] [traceId=NONE userId=NONE] o.s.m.s.b.SimpleBrokerMessageHandler     : BrokerAvailabilityEvent[available=true, SimpleBrokerMessageHandler [org.springframework.messaging.simp.broker.DefaultSubscriptionRegistry@4195e2cf]]
2026-09-01 19:50:56.587  INFO [main] [traceId=NONE userId=NONE] o.s.m.s.b.SimpleBrokerMessageHandler     : Started.
2026-09-01 19:50:56.599  INFO [main] [traceId=NONE userId=NONE] c.b.service.RazorpayPaymentServiceTest   : Started RazorpayPaymentServiceTest in 5.007 seconds (process running for 44.126)
2026-09-01 19:50:56.649  INFO [main] [traceId=NONE userId=NONE] com.bookmyshow.service.PaymentService    : Payment successfully verified for Booking 1 with Payment ID pay_test_987654
2026-09-01 19:50:56.664  INFO [main] [traceId=NONE userId=NONE] com.bookmyshow.service.PaymentService    : Payment successfully verified for Booking 1 with Payment ID pay_test_987654
2026-09-01 19:50:56.685  INFO [main] [traceId=NONE userId=NONE] com.bookmyshow.service.PaymentService    : Payment successfully verified for Booking 2 with Payment ID pay_test_987654
2026-09-01 19:50:56.711 ERROR [main] [traceId=NONE userId=NONE] com.bookmyshow.service.PaymentService    : HMAC SHA256 signature verification failed for Order order_test_123456 and Payment pay_test_987654
2026-09-01 19:50:56.729  INFO [main] [traceId=NONE userId=NONE] com.bookmyshow.service.PaymentService    : Cancelling payment/booking for ID 4
2026-09-01 19:50:57.020  INFO [main] [traceId=NONE userId=NONE] com.bookmyshow.service.SeatLockService   : User [user-A] (session: [session-1]) held seats [5] for show 101
2026-09-01 19:50:57.083  INFO [main] [traceId=NONE userId=NONE] com.bookmyshow.service.SeatLockService   : Broadcasting BOOKED status for seats [5] on show 101
2026-09-01 19:50:57.115  INFO [main] [traceId=NONE userId=NONE] com.bookmyshow.service.SeatLockService   : User [user-A] (session: [session-1]) held seats [1, 2] for show 101
2026-09-01 19:50:57.115  INFO [main] [traceId=NONE userId=NONE] com.bookmyshow.service.SeatLockService   : Released seats [1, 2] for show 101
2026-09-01 19:50:57.126  INFO [main] [traceId=NONE userId=NONE] com.bookmyshow.service.SeatLockService   : User [user-A] (session: [session-disconnect]) held seats [10, 11] for show 101
2026-09-01 19:50:57.127  INFO [main] [traceId=NONE userId=NONE] com.bookmyshow.service.SeatLockService   : Session [session-disconnect] disconnected. Cleaning up 2 held seats.
2026-09-01 19:50:57.134  INFO [main] [traceId=NONE userId=NONE] com.bookmyshow.service.SeatLockService   : User [user-A] (session: [session-1]) held seats [1, 2] for show 101
2026-09-01 19:50:57.135  WARN [main] [traceId=NONE userId=NONE] com.bookmyshow.service.SeatLockService   : Seat selection rejected: Seat 2 on show 101 is already held by user user-A
2026-09-01 19:50:57.139  INFO [main] [traceId=NONE userId=NONE] com.bookmyshow.service.SeatLockService   : User [user-A] (session: [session-1]) held seats [1, 2] for show 101
2026-09-01 19:50:57.179  INFO [main] [traceId=NONE userId=NONE] t.c.s.AnnotationConfigContextLoaderUtils : Could not detect default configuration classes for test class [com.bookmyshow.service.TicketServiceTest]: TicketServiceTest does not declare any static, non-private, non-final, nested classes annotated with @Configuration.
2026-09-01 19:50:57.185  INFO [main] [traceId=NONE userId=NONE] .b.t.c.SpringBootTestContextBootstrapper : Found @SpringBootConfiguration com.bookmyshow.BookmyshowApplication for test class com.bookmyshow.service.TicketServiceTest
2026-09-01 19:50:57.273  WARN [main] [traceId=NONE userId=NONE] com.bookmyshow.service.TicketService     : Verification failed: No booking found for token NON-EXISTENT-TOKEN-999
2026-09-01 19:50:57.302  WARN [main] [traceId=NONE userId=NONE] com.bookmyshow.service.TicketService     : Verification failed: Booking ID 13 is not in BOOKED state (current: FAILED)
2026-09-01 19:50:58.050  INFO [SpringApplicationShutdownHook] [traceId=NONE userId=NONE] o.s.m.s.b.SimpleBrokerMessageHandler     : Stopping...
2026-09-01 19:50:58.050  INFO [SpringApplicationShutdownHook] [traceId=NONE userId=NONE] o.s.m.s.b.SimpleBrokerMessageHandler     : BrokerAvailabilityEvent[available=false, SimpleBrokerMessageHandler [org.springframework.messaging.simp.broker.DefaultSubscriptionRegistry@6db7b7fb]]
2026-09-01 19:50:58.050  INFO [SpringApplicationShutdownHook] [traceId=NONE userId=NONE] o.s.m.s.b.SimpleBrokerMessageHandler     : Stopped.
2026-09-01 19:50:58.083  INFO [SpringApplicationShutdownHook] [traceId=NONE userId=NONE] j.LocalContainerEntityManagerFactoryBean : Closing JPA EntityManagerFactory for persistence unit 'default'
2026-09-01 19:50:58.094  INFO [SpringApplicationShutdownHook] [traceId=NONE userId=NONE] com.zaxxer.hikari.HikariDataSource       : HikariPool-1 - Shutdown initiated...
2026-09-01 19:50:58.098  INFO [SpringApplicationShutdownHook] [traceId=NONE userId=NONE] com.zaxxer.hikari.HikariDataSource       : HikariPool-1 - Shutdown completed.
2026-09-01 19:50:58.102  INFO [SpringApplicationShutdownHook] [traceId=NONE userId=NONE] o.s.m.s.b.SimpleBrokerMessageHandler     : Stopping...
2026-09-01 19:50:58.102  INFO [SpringApplicationShutdownHook] [traceId=NONE userId=NONE] o.s.m.s.b.SimpleBrokerMessageHandler     : BrokerAvailabilityEvent[available=false, SimpleBrokerMessageHandler [org.springframework.messaging.simp.broker.DefaultSubscriptionRegistry@29ed26bd]]
2026-09-01 19:50:58.102  INFO [SpringApplicationShutdownHook] [traceId=NONE userId=NONE] o.s.m.s.b.SimpleBrokerMessageHandler     : Stopped.
2026-09-01 19:50:58.114  INFO [SpringApplicationShutdownHook] [traceId=NONE userId=NONE] j.LocalContainerEntityManagerFactoryBean : Closing JPA EntityManagerFactory for persistence unit 'default'
2026-09-01 19:50:58.115  INFO [SpringApplicationShutdownHook] [traceId=NONE userId=NONE] com.zaxxer.hikari.HikariDataSource       : HikariPool-2 - Shutdown initiated...
2026-09-01 19:50:58.116  INFO [SpringApplicationShutdownHook] [traceId=NONE userId=NONE] com.zaxxer.hikari.HikariDataSource       : HikariPool-2 - Shutdown completed.
2026-09-01 19:50:58.119  INFO [SpringApplicationShutdownHook] [traceId=NONE userId=NONE] o.s.m.s.b.SimpleBrokerMessageHandler     : Stopping...
2026-09-01 19:50:58.119  INFO [SpringApplicationShutdownHook] [traceId=NONE userId=NONE] o.s.m.s.b.SimpleBrokerMessageHandler     : BrokerAvailabilityEvent[available=false, SimpleBrokerMessageHandler [org.springframework.messaging.simp.broker.DefaultSubscriptionRegistry@196107bc]]
2026-09-01 19:50:58.119  INFO [SpringApplicationShutdownHook] [traceId=NONE userId=NONE] o.s.m.s.b.SimpleBrokerMessageHandler     : Stopped.
2026-09-01 19:50:58.130  INFO [SpringApplicationShutdownHook] [traceId=NONE userId=NONE] j.LocalContainerEntityManagerFactoryBean : Closing JPA EntityManagerFactory for persistence unit 'default'
2026-09-01 19:50:58.131  INFO [SpringApplicationShutdownHook] [traceId=NONE userId=NONE] com.zaxxer.hikari.HikariDataSource       : HikariPool-3 - Shutdown initiated...
2026-09-01 19:50:58.133  INFO [SpringApplicationShutdownHook] [traceId=NONE userId=NONE] com.zaxxer.hikari.HikariDataSource       : HikariPool-3 - Shutdown completed.
2026-09-01 19:50:58.135  INFO [SpringApplicationShutdownHook] [traceId=NONE userId=NONE] o.s.m.s.b.SimpleBrokerMessageHandler     : Stopping...
2026-09-01 19:50:58.135  INFO [SpringApplicationShutdownHook] [traceId=NONE userId=NONE] o.s.m.s.b.SimpleBrokerMessageHandler     : BrokerAvailabilityEvent[available=false, SimpleBrokerMessageHandler [org.springframework.messaging.simp.broker.DefaultSubscriptionRegistry@4195e2cf]]
2026-09-01 19:50:58.136  INFO [SpringApplicationShutdownHook] [traceId=NONE userId=NONE] o.s.m.s.b.SimpleBrokerMessageHandler     : Stopped.
2026-09-01 19:50:58.147  INFO [SpringApplicationShutdownHook] [traceId=NONE userId=NONE] j.LocalContainerEntityManagerFactoryBean : Closing JPA EntityManagerFactory for persistence unit 'default'
2026-09-01 19:50:58.149  INFO [SpringApplicationShutdownHook] [traceId=NONE userId=NONE] com.zaxxer.hikari.HikariDataSource       : HikariPool-4 - Shutdown initiated...
2026-09-01 19:50:58.150  INFO [SpringApplicationShutdownHook] [traceId=NONE userId=NONE] com.zaxxer.hikari.HikariDataSource       : HikariPool-4 - Shutdown completed.
